# This file uses meters as units for non-parametric coordinates.

mtllib poppetje.mtl
g default
v 44.498802 553.440849 -36.340271
v 25.691394 553.440849 -52.052400
v 0.000000 553.440849 -57.429502
v -25.691394 553.440849 -52.052400
v -44.498799 553.440849 -36.340271
v -51.382788 553.440849 -12.945724
v -44.498799 553.440849 12.032506
v 44.498802 553.440849 12.032506
v 51.382792 553.440849 -12.945724
v 41.309920 567.689609 -34.533436
v 23.850293 567.689609 -49.185684
v -0.000000 567.689609 -54.232121
v -23.850294 567.689609 -49.185684
v -41.309917 567.689609 -34.533436
v -47.700585 567.689609 -12.857112
v -41.309917 567.689609 10.221133
v 41.309920 567.689609 10.221133
v 47.700585 567.689609 -12.857112
v 34.923418 579.925433 -31.122234
v 20.163048 579.925433 -43.712201
v -0.000000 579.925433 -48.106679
v -20.163048 579.925433 -43.712201
v -34.923418 579.925433 -31.122234
v -40.326096 579.925433 -12.769102
v -34.923418 579.925433 6.606588
v 34.923418 579.925433 6.606588
v 40.326096 579.925433 -12.769102
v 23.034271 589.314250 -24.672983
v 13.298846 589.314250 -33.191840
v 0.000000 589.314250 -36.225959
v -13.298845 589.314250 -33.191840
v -23.034271 589.314250 -24.672983
v -26.597690 589.314250 -12.555228
v -23.034271 589.314250 0.028341
v 23.034271 589.314250 0.028341
v 26.597690 589.314250 -12.555228
v 13.644578 594.036570 -21.731644
v 7.812441 594.036570 -27.481038
v -0.113031 594.036570 -29.544094
v -8.008222 594.036570 -27.368003
v -13.757613 594.036570 -21.535865
v -15.820670 594.036570 -13.610387
v -13.644578 594.036570 -5.715200
v -7.812440 594.036570 0.034190
v 0.113030 594.036570 2.097241
v 8.008221 594.036570 -0.078848
v 13.757613 594.036570 -5.910982
v 15.820670 594.036570 -13.836457
v 0.000000 594.281234 -12.502005
v 38.537085 500.869994 -35.094568
v 44.498802 500.869994 -13.606864
v 38.537085 500.869994 8.590510
v 22.249399 500.869994 24.878199
v 0.000000 500.869994 30.839909
v -22.249399 500.869994 24.878199
v -38.537085 500.869994 8.590510
v -44.498799 500.869994 -13.606864
v -38.537085 500.869994 -35.094568
v -22.249399 500.869994 -50.072500
v 0.000000 500.869994 -55.357520
v 22.249399 500.869994 -50.072500
v 44.753779 538.268915 -36.785859
v 42.649833 518.441219 -36.482992
v 25.838602 538.268915 -52.759189
v 24.623889 518.441219 -52.287714
v 0.000000 538.268915 -58.238670
v 0.000000 518.441219 -57.777426
v -25.838602 538.268915 -52.759189
v -24.623891 518.441219 -52.287714
v -44.753773 538.268915 -36.785859
v -42.649817 518.441219 -36.482992
v -51.677204 538.268915 -13.076016
v -49.247769 518.441219 -13.372274
v -44.753773 538.268915 12.179713
v -42.649817 518.441219 10.964995
v -27.047566 533.392112 31.825358
v -24.623891 518.441219 28.990934
v 0.000000 518.441219 35.588882
v 27.047566 533.392112 31.825358
v 24.623889 518.441219 28.990934
v 44.753779 538.268915 12.179713
v 42.649833 518.441219 10.964995
v 51.677211 538.268915 -13.076016
v 49.247781 518.441219 -13.372274
v 0.000000 586.111324 11.259121
v -0.000006 580.230724 14.372323
v -0.000006 567.140538 21.302286
v 0.000006 551.891117 29.375399
v 0.000003 542.462210 34.367010
v -13.026165 588.673871 9.839597
v -13.482116 589.490200 8.753067
v 0.012134 591.556558 7.843263
v 0.000000 590.588980 8.888623
v 13.481898 589.489318 8.752617
v 13.026098 588.673724 9.839684
v -17.782125 586.111324 11.259121
v -19.481504 586.311387 10.557576
v 17.799757 586.111324 11.259121
v 19.478653 586.308986 10.566034
v -30.743902 580.203719 13.684896
v -29.733106 579.733751 14.635427
v 30.743890 580.203719 13.684903
v 29.745448 579.743896 14.630058
v 38.081196 567.182638 20.452353
v 36.884470 567.176022 21.283484
v 36.209691 551.972623 28.463384
v 34.979015 552.560364 29.021103
v 26.130840 541.719005 34.358654
v 25.530425 542.998489 34.083107
v 0.000000 533.450877 38.580166
v 0.000000 534.921504 38.359077
v -26.130831 541.719005 34.358654
v -25.503622 543.034120 34.064229
v -36.222032 551.974730 28.438888
v -34.958627 552.578057 29.011730
v -38.085570 567.183324 20.438529
v -36.869466 567.176561 21.283177
v 31.259472 479.753697 -31.651769
v 30.122843 478.880858 -31.021048
v 18.053401 479.782515 -44.566360
v 17.390029 478.880858 -43.473418
v 0.000000 479.800601 -49.208832
v 0.000000 478.880858 -47.953376
v -18.053401 479.782515 -44.566360
v -17.395363 478.880858 -43.482871
v -31.259472 479.753697 -31.651769
v -30.129664 478.880858 -31.025033
v -34.790203 478.880858 -13.658732
v -36.091537 479.744189 -13.656845
v -31.256130 479.743993 4.386845
v -30.129569 478.880858 3.736426
v -18.045733 479.743993 17.597237
v -17.395314 478.880858 16.470680
v 0.000000 479.743993 22.432580
v 0.000000 478.880858 21.131742
v 18.045733 479.743993 17.597237
v 17.395314 478.880858 16.470680
v 31.256130 479.743993 4.386845
v 30.129569 478.880858 3.736426
v 34.790767 478.880858 -13.658735
v 36.091338 479.743650 -13.656846
v 0.000000 349.936894 -13.544966
v 0.000000 438.838129 -13.544966
v 45.227205 407.273297 -25.668515
v 47.554667 407.273297 -13.544966
v 45.227178 407.273297 -1.421386
v 38.279474 407.273297 9.651006
v 26.470451 407.318852 18.194975
v 13.382956 407.350024 23.767574
v -0.000001 407.360732 25.687766
v -13.382960 407.350024 23.767581
v -26.470454 407.318852 18.194975
v -38.279486 407.273297 9.651013
v -45.227187 407.273297 -1.421385
v -47.554676 407.273297 -13.544966
v -45.227187 407.273297 -25.668515
v -38.459951 407.273297 -36.614182
v -26.480161 407.318558 -45.284876
v -13.422635 407.347696 -50.857478
v 0.000000 407.357743 -52.777654
v 13.422635 407.347696 -50.857478
v 26.480161 407.318558 -45.284882
v 38.459975 407.273297 -36.614189
v 52.760546 352.699332 -25.668515
v 52.251315 350.768147 -25.317234
v 50.563696 349.936894 -24.501131
v 44.702685 350.736927 -35.804479
v 43.823744 349.936894 -33.963293
v -43.823698 349.936894 -33.963293
v -44.702658 350.736927 -35.804479
v -52.760522 352.699332 -25.668515
v -52.242376 350.768171 -25.313195
v -50.534081 349.936894 -24.487727
v -55.472185 352.723544 -13.544966
v -54.882404 350.779125 -13.544966
v -52.991487 349.936894 -13.544966
v -52.760602 352.698793 -1.421385
v -52.252681 350.767926 -1.776845
v -50.568024 349.936894 -2.602727
v -44.345354 350.737319 8.969925
v -43.465411 349.936894 7.139336
v 43.465393 349.936894 7.139336
v 44.345317 350.737319 8.969922
v 52.760595 352.698793 -1.421386
v 52.243448 350.767926 -1.781081
v 50.537392 349.936894 -2.616789
v 55.472179 352.723544 -13.544966
v 54.882397 350.779125 -13.544968
v 52.991481 349.936894 -13.544969
v -22.479888 349.936894 8.179610
v -24.030075 350.635841 9.752038
v -24.937974 352.476479 10.825180
v -9.909361 349.936894 7.868550
v -10.694020 350.574675 9.643878
v -11.111173 352.238873 10.753374
v 0.000000 349.936894 7.759333
v 0.000000 350.547082 9.604679
v 0.000000 352.136905 10.722583
v 9.909361 349.936894 7.868550
v 10.694020 350.574675 9.643878
v 11.111173 352.238873 10.753374
v 22.467450 349.936894 8.167602
v 24.027555 350.640301 9.750086
v 24.941265 352.492726 10.830096
v 21.952164 349.936894 -34.759522
v 23.520115 350.627289 -36.348220
v 24.463878 352.455968 -37.454745
v 9.681448 349.936894 -34.465948
v 10.467451 350.564040 -36.242868
v 10.896115 352.208486 -37.374762
v 0.000001 349.936894 -34.358387
v 0.000001 350.537329 -36.203733
v 0.000001 352.108626 -37.342488
v -9.681447 349.936894 -34.465948
v -10.467449 350.564040 -36.242868
v -10.896113 352.208486 -37.374762
v -21.951346 349.936894 -34.758750
v -23.519964 350.627583 -36.348101
v -24.464117 352.456997 -37.455085
v -29.712387 378.363691 18.194975
v -29.679868 375.872357 17.895802
v -14.541749 396.263633 23.767581
v -13.794902 394.813810 23.620250
v -0.000001 402.506303 25.687766
v -0.000001 400.832818 25.439329
v 14.543988 396.242215 23.767574
v 13.813423 394.824470 23.623476
v 29.712387 378.363617 18.194975
v 29.641520 375.683125 17.838652
v 29.738041 378.135912 -45.284882
v 29.687961 375.741007 -44.979567
v 14.630012 394.876765 -50.857478
v 13.912659 393.419444 -50.692555
v 0.000001 400.715338 -52.777654
v 0.000001 399.062095 -52.516020
v -14.631932 394.856940 -50.857478
v -13.929342 393.429981 -50.695962
v -29.738029 378.135863 -45.284876
v -29.644099 375.545502 -44.916398
v 44.739495 354.247716 -36.533332
v 45.527006 352.632016 -35.704603
v 44.817098 351.681812 -36.167703
v 43.977777 352.618538 -36.573908
v -44.390264 354.275408 9.687342
v -45.183218 352.632849 8.869582
v -44.462929 351.683381 9.329543
v -43.634356 352.620302 9.743209
v 43.633860 352.621086 9.743486
v 44.462904 351.683381 9.329541
v 45.183193 352.632849 8.869582
v 44.390242 354.275408 9.687342
v -43.977731 352.618587 -36.573920
v -44.817071 351.681812 -36.167703
v -45.526991 352.632016 -35.704603
v -44.739468 354.247716 -36.533332
v 35.935764 438.838129 -25.221178
v 37.658478 437.458515 -25.668515
v 30.531142 438.838129 -35.727106
v 32.044462 437.407887 -36.605759
v 22.144016 438.838129 -44.023574
v 23.225389 437.317608 -45.284882
v 11.632587 438.838129 -49.346373
v 12.188060 437.275066 -50.857478
v 0.000000 438.838129 -51.184321
v 0.000000 437.264529 -52.777654
v -11.635591 438.838129 -49.355618
v -12.188060 437.275066 -50.857478
v -22.156477 438.838129 -44.040728
v -23.225381 437.317608 -45.284876
v -30.554159 438.838129 -35.743834
v -32.044440 437.407887 -36.605746
v -35.951889 438.838129 -25.226419
v -37.658469 437.458515 -25.668515
v -37.808734 438.838129 -13.544966
v -39.591550 437.477041 -13.544966
v -35.935755 438.838129 -1.868724
v -37.658472 437.458515 -1.421385
v -30.531078 438.838129 8.637173
v -32.036755 437.405534 9.521608
v -22.143955 438.838129 16.933598
v -23.224932 437.317461 18.194975
v -11.632549 438.838129 22.256359
v -12.186106 437.274625 23.767581
v -0.000002 438.838129 24.094430
v -0.000001 437.264529 25.687766
v 11.635457 438.838129 22.265316
v 12.186104 437.274625 23.767574
v 22.156390 438.838129 16.950715
v 23.224929 437.317461 18.194975
v 30.552912 438.838129 8.653042
v 32.036749 437.405534 9.521608
v 35.951883 438.838129 -1.863481
v 37.658463 437.458515 -1.421386
v 37.808725 438.838129 -13.544968
v 39.591541 437.477041 -13.544966
v 26.003108 642.622134 -28.760057
v 15.012908 642.622134 -39.750270
v -0.000000 642.622134 -43.772971
v -15.012908 642.622134 -39.750270
v -26.003108 642.622134 -28.760057
v -30.025816 642.622134 -13.747156
v -26.003108 642.622134 1.265754
v -15.012908 642.622134 12.255956
v -0.000000 642.622134 16.278660
v 15.012908 642.622134 12.255956
v 26.003108 642.622134 1.265754
v 30.025816 642.622134 -13.747156
v 29.402416 659.041009 -30.722647
v 16.975497 659.041009 -43.149568
v 0.000000 659.041009 -47.698150
v -16.975497 659.041009 -43.149568
v -29.402416 659.041009 -30.722647
v -33.950995 659.041009 -13.747156
v -29.402416 659.041009 3.228342
v -16.975497 659.041009 15.655263
v 0.000000 659.041009 20.203836
v 16.975497 659.041009 15.655263
v 29.402416 659.041009 3.228342
v 33.950995 659.041009 -13.747156
v 29.509517 670.867639 -30.784490
v 17.037334 670.867639 -43.256670
v -0.000000 670.867639 -47.821824
v -17.037334 670.867639 -43.256670
v -29.509517 670.867639 -30.784490
v -34.074668 670.867639 -13.747156
v -29.509517 670.867639 3.290178
v -17.037334 670.867639 15.762359
v -0.000000 670.867639 20.327509
v 17.037334 670.867639 15.762359
v 29.509517 670.867639 3.290178
v 34.074668 670.867639 -13.747156
v 27.427142 682.360945 -29.582219
v 15.835062 682.360945 -41.174297
v -0.000000 682.360945 -45.417279
v -15.835062 682.360945 -41.174297
v -27.427142 682.360945 -29.582219
v -31.670124 682.360945 -13.747156
v -27.427142 682.360945 2.087906
v -15.835062 682.360945 13.679983
v 0.000000 682.360945 17.922965
v 15.835062 682.360945 13.679983
v 27.427142 682.360945 2.087906
v 31.670124 682.360945 -13.747156
v 23.095838 692.529136 -27.081536
v 13.334387 692.529136 -36.842997
v 0.000000 692.529136 -40.415930
v -13.334387 692.529136 -36.842997
v -23.095838 692.529136 -27.081536
v -26.668774 692.529136 -13.747156
v -23.095838 692.529136 -0.412768
v -13.334387 692.529136 9.348684
v 0.000000 692.529136 12.921616
v 13.334387 692.529136 9.348684
v 23.095838 692.529136 -0.412768
v 26.668774 692.529136 -13.747156
v 16.724078 700.485603 -23.402800
v 9.655642 700.485603 -30.471232
v -0.000000 700.485603 -33.058443
v -9.655642 700.485603 -30.471232
v -16.724078 700.485603 -23.402800
v -19.311285 700.485603 -13.747156
v -16.724078 700.485603 -4.091513
v -9.655642 700.485603 2.976922
v 0.000000 700.485603 5.564131
v 9.655642 700.485603 2.976922
v 16.724078 700.485603 -4.091513
v 19.311285 700.485603 -13.747156
v 8.788813 705.533161 -18.821382
v 5.074225 705.533161 -22.535966
v 0.000000 705.533161 -23.895605
v -5.074225 705.533161 -22.535966
v -8.788813 705.533161 -18.821382
v -10.148451 705.533161 -13.747156
v -8.788813 705.533161 -8.672929
v -5.074225 705.533161 -4.958343
v 0.000000 705.533161 -3.598704
v 5.074225 705.533161 -4.958343
v 8.788813 705.533161 -8.672929
v 10.148451 705.533161 -13.747156
v 0.000000 707.245120 -13.747156
v 20.641049 625.866112 -25.664285
v 11.917128 625.866112 -34.388195
v 0.000000 625.866112 -37.581411
v -11.917128 625.866112 -34.388195
v -20.641049 625.866112 -25.664285
v -23.834255 625.866112 -13.747156
v -20.641049 625.866112 -1.830027
v -11.917128 625.866112 6.893892
v -0.000000 625.866112 10.087098
v 11.917128 625.866112 6.893892
v 20.641049 625.866112 -1.830027
v 23.834255 625.866112 -13.747156
v 16.550774 610.631591 -23.302797
v 15.984472 610.161476 -22.975838
v 9.555641 610.631591 -30.297928
v 9.228683 610.161476 -29.731623
v 0.000000 610.631591 -32.858438
v 0.000000 610.161476 -32.204523
v -9.555641 610.631591 -30.297928
v -9.228683 610.161476 -29.731623
v -16.550774 610.631591 -23.302797
v -15.984472 610.161476 -22.975838
v -18.457367 610.161476 -13.747156
v -19.111281 610.631591 -13.747156
v -16.550774 610.631591 -4.191515
v -15.984472 610.161476 -4.518473
v -9.555641 610.631591 2.803622
v -9.228683 610.161476 2.237317
v -0.000000 610.631591 5.364126
v 0.000000 610.161476 4.710212
v 9.555641 610.631591 2.803622
v 9.228683 610.161476 2.237317
v 16.550774 610.631591 -4.191515
v 15.984472 610.161476 -4.518472
v 18.457367 610.161476 -13.747156
v 19.111281 610.631591 -13.747156
v 8.593962 419.198831 -18.600156
v 4.961726 419.198831 -22.232392
v 0.000000 419.198831 -23.561882
v -4.961726 419.198831 -22.232392
v -8.593962 419.198831 -18.600156
v -9.923452 419.198831 -13.638430
v -8.593962 419.198831 -8.676705
v -4.961726 419.198831 -5.044469
v 0.000000 419.198831 -3.714978
v 4.961726 419.198831 -5.044469
v 8.593962 419.198831 -8.676705
v 9.923452 419.198831 -13.638430
v 16.602259 423.029149 -23.223750
v 9.585319 423.029149 -30.240690
v 0.000000 423.029149 -32.809069
v -9.585319 423.029149 -30.240690
v -16.602259 423.029149 -23.223750
v -19.170638 423.029149 -13.638430
v -16.602259 423.029149 -4.053111
v -9.585319 423.029149 2.963829
v 0.000000 423.029149 5.532208
v 9.585319 423.029149 2.963829
v 16.602259 423.029149 -4.053111
v 19.170638 423.029149 -13.638430
v 23.479141 429.122261 -27.194118
v 13.555688 429.122261 -37.117570
v 0.000000 429.122261 -40.749806
v -13.555688 429.122261 -37.117570
v -23.479141 429.122261 -27.194118
v -27.111375 429.122261 -13.638430
v -23.479141 429.122261 -0.082743
v -13.555688 429.122261 9.840710
v 0.000000 429.122261 13.472945
v 13.555688 429.122261 9.840710
v 23.479141 429.122261 -0.082743
v 27.111375 429.122261 -13.638430
v 28.755959 437.062995 -30.240690
v 16.602261 437.062995 -42.394389
v 0.000000 437.062995 -46.842952
v -16.602261 437.062995 -42.394389
v -28.755959 437.062995 -30.240690
v -33.204521 437.062995 -13.638430
v -28.755959 437.062995 2.963830
v -16.602261 437.062995 15.117528
v 0.000000 437.062995 19.566091
v 16.602261 437.062995 15.117528
v 28.755959 437.062995 2.963830
v 33.204521 437.062995 -13.638430
v 32.073103 446.310219 -32.155845
v 18.517415 446.310219 -45.711533
v 0.000000 446.310219 -50.673260
v -18.517415 446.310219 -45.711533
v -32.073103 446.310219 -32.155845
v -37.034830 446.310219 -13.638430
v -32.073103 446.310219 4.878984
v -18.517415 446.310219 18.434672
v 0.000000 446.310219 23.396399
v 18.517415 446.310219 18.434672
v 32.073103 446.310219 4.878984
v 37.034830 446.310219 -13.638430
v 33.204518 456.233649 -32.809069
v 19.170638 456.233649 -46.842949
v 0.000000 456.233649 -51.979704
v -19.170638 456.233649 -46.842949
v -33.204518 456.233649 -32.809069
v -38.341277 456.233649 -13.638430
v -33.204518 456.233649 5.532208
v -19.170638 456.233649 19.566088
v 0.000000 456.233649 24.702846
v 19.170638 456.233649 19.566088
v 33.204518 456.233649 5.532208
v 38.341277 456.233649 -13.638430
v 32.073103 466.157079 -32.155845
v 18.517415 466.157079 -45.711533
v 0.000000 466.157079 -50.673260
v -18.517415 466.157079 -45.711533
v -32.073103 466.157079 -32.155845
v -37.034830 466.157079 -13.638430
v -32.073103 466.157079 4.878984
v -18.517415 466.157079 18.434672
v 0.000000 466.157079 23.396399
v 18.517415 466.157079 18.434672
v 32.073103 466.157079 4.878984
v 37.034830 466.157079 -13.638430
v 28.755959 475.404302 -30.240690
v 16.602261 475.404302 -42.394389
v 0.000000 475.404302 -46.842952
v -16.602261 475.404302 -42.394389
v -28.755959 475.404302 -30.240690
v -33.204521 475.404302 -13.638430
v -28.755959 475.404302 2.963830
v -16.602261 475.404302 15.117528
v 0.000000 475.404302 19.566091
v 16.602261 475.404302 15.117528
v 28.755959 475.404302 2.963830
v 33.204521 475.404302 -13.638430
v 23.479141 483.345036 -27.194118
v 13.555688 483.345036 -37.117570
v 0.000000 483.345036 -40.749806
v -13.555688 483.345036 -37.117570
v -23.479141 483.345036 -27.194118
v -27.111375 483.345036 -13.638430
v -23.479141 483.345036 -0.082743
v -13.555688 483.345036 9.840710
v 0.000000 483.345036 13.472945
v 13.555688 483.345036 9.840710
v 23.479141 483.345036 -0.082743
v 27.111375 483.345036 -13.638430
v 16.602259 489.438149 -23.223750
v 9.585319 489.438149 -30.240690
v 0.000000 489.438149 -32.809069
v -9.585319 489.438149 -30.240690
v -16.602259 489.438149 -23.223750
v -19.170638 489.438149 -13.638430
v -16.602259 489.438149 -4.053111
v -9.585319 489.438149 2.963829
v 0.000000 489.438149 5.532208
v 9.585319 489.438149 2.963829
v 16.602259 489.438149 -4.053111
v 19.170638 489.438149 -13.638430
v 8.593962 493.268466 -18.600156
v 4.961726 493.268466 -22.232392
v 0.000000 493.268466 -23.561882
v -4.961726 493.268466 -22.232392
v -8.593962 493.268466 -18.600156
v -9.923452 493.268466 -13.638430
v -8.593962 493.268466 -8.676705
v -4.961726 493.268466 -5.044469
v 0.000000 493.268466 -3.714978
v 4.961726 493.268466 -5.044469
v 8.593962 493.268466 -8.676705
v 9.923452 493.268466 -13.638430
v 0.000000 417.892391 -13.638430
v 0.000000 494.574907 -13.638430
v -54.171846 567.226993 -14.060407
v -160.993198 567.270221 -14.182524
v -66.164477 583.887199 -19.473602
v -62.693448 578.205192 -17.627434
v -54.171846 576.335515 -17.019996
v -66.164477 581.398953 -24.356916
v -62.693448 576.565623 -20.845275
v -54.171846 574.975211 -19.689781
v -66.164477 577.523496 -28.232342
v -62.693448 574.011947 -23.398981
v -54.171846 572.856411 -21.808601
v -66.164477 572.640223 -30.720509
v -62.693448 570.794072 -25.038560
v -54.171846 570.186579 -23.168955
v -66.164477 567.226993 -31.577872
v -62.693448 567.226993 -25.603514
v -54.171846 567.226993 -23.637696
v -66.164477 561.813861 -30.720509
v -62.693448 563.660012 -25.038560
v -54.171846 564.267407 -23.168949
v -66.164477 556.930540 -28.232330
v -62.693448 560.442138 -23.398978
v -54.171846 561.597624 -21.808598
v -66.164477 553.055034 -24.356916
v -62.693448 557.888413 -20.845272
v -54.171846 559.478775 -19.689778
v -66.164477 550.566886 -19.473600
v -62.693448 556.248893 -17.627431
v -54.171846 558.118471 -17.019993
v -66.164477 549.709583 -14.060407
v -62.693448 555.683941 -14.060407
v -54.171846 557.649778 -14.060407
v -66.164477 550.566886 -8.647212
v -62.693448 556.248893 -10.493380
v -54.171846 558.118471 -11.100820
v -66.164477 553.055034 -3.763900
v -62.693448 557.888413 -7.275542
v -54.171846 559.478775 -8.431036
v -66.164477 556.930540 0.111519
v -62.693448 560.442138 -4.721838
v -61.338284 561.597624 -6.312224
v -66.164477 561.813861 2.599691
v -62.693448 563.660012 -3.082258
v -61.338284 564.267407 -4.951865
v -66.164477 567.226993 3.457058
v -62.693448 567.226993 -2.517299
v -61.338284 567.226993 -4.483120
v -66.164477 572.640223 2.599691
v -62.693448 570.794072 -3.082260
v -61.338284 570.186579 -4.951866
v -66.164477 577.523496 0.111519
v -62.693448 574.011947 -4.721835
v -61.338284 572.856411 -6.312210
v -66.164477 581.398904 -3.763900
v -62.693448 576.565525 -7.275542
v -61.338284 574.975162 -8.431036
v -66.164477 583.887199 -8.647212
v -62.693448 578.205192 -10.493391
v -61.338284 576.335515 -11.100862
v -66.164477 584.744453 -14.060407
v -62.693448 578.770094 -14.060407
v -54.171846 576.804258 -14.060407
v -155.443264 580.995983 -18.641659
v -160.472430 578.994565 -17.992000
v -160.993198 574.138837 -16.414317
v -155.449525 578.942074 -22.661851
v -160.472430 577.243593 -21.428556
v -160.993198 573.113083 -18.427571
v -155.449525 575.750224 -25.853710
v -160.472430 574.516320 -24.155836
v -160.993198 571.515271 -20.025348
v -155.449525 571.728273 -27.903006
v -160.472430 571.079709 -25.906856
v -160.993198 569.501992 -21.051177
v -155.461018 567.269633 -28.599938
v -160.479721 567.270025 -26.503389
v -160.993198 567.270221 -21.404650
v -155.449525 562.811483 -27.903006
v -160.472430 563.460733 -25.906856
v -160.993198 565.038450 -21.051172
v -155.449525 558.789532 -25.853704
v -160.472430 560.024171 -24.155833
v -160.993198 563.025171 -20.025346
v -155.449525 555.597633 -22.661851
v -160.472430 557.296898 -21.428553
v -160.993198 561.427359 -18.427568
v -155.443264 553.543969 -18.641658
v -160.472430 555.545926 -17.991997
v -160.993198 560.401557 -16.414315
v -155.429737 552.827769 -14.182524
v -160.472430 554.942599 -14.182524
v -160.993198 560.048137 -14.182524
v -155.429737 553.534607 -9.719554
v -160.472430 555.545926 -10.373050
v -160.993198 560.401557 -11.950734
v -155.429737 555.585968 -5.693450
v -160.472430 557.296898 -6.936496
v -160.993198 561.427359 -9.937481
v -155.429737 558.781151 -2.498317
v -160.472430 560.024171 -4.209219
v -160.993198 563.025171 -8.339709
v -155.429737 562.807268 -0.446912
v -160.472430 563.460733 -2.458200
v -160.993198 565.038450 -7.313878
v -155.429737 567.270221 0.259954
v -160.472430 567.270221 -1.854841
v -160.993198 567.270221 -6.960402
v -155.429737 571.733174 -0.446914
v -160.472430 571.079709 -2.458202
v -160.993198 569.501992 -7.313879
v -155.429737 575.759291 -2.498317
v -160.472430 574.516320 -4.209217
v -160.993198 571.515271 -8.339698
v -155.429737 578.954425 -5.693451
v -160.472430 577.243495 -6.936496
v -160.993198 573.113034 -9.937481
v -155.429737 581.005884 -9.719554
v -160.472430 578.994565 -10.373062
v -160.993198 574.138837 -11.950766
v -155.429737 581.712673 -14.182524
v -160.472430 579.597892 -14.182524
v -160.993198 574.492305 -14.182524
v -88.030081 581.462079 -24.407572
v -87.983208 583.970224 -19.506709
v -87.966618 584.835074 -14.067498
v -87.966618 583.973507 -8.627077
v -87.966618 581.472666 -3.719205
v -87.966618 577.577800 0.175705
v -87.966618 572.669924 2.676392
v -87.966618 567.229493 3.538072
v -87.966618 561.789160 2.676392
v -87.966618 556.881234 0.175705
v -87.966618 552.986271 -3.719205
v -87.966618 550.485625 -8.627077
v -87.966618 549.623961 -14.067498
v -87.983208 550.488762 -19.506707
v -88.030081 552.996465 -24.407572
v -88.099346 556.896575 -28.287547
v -88.180257 561.801756 -30.767964
v -88.261836 567.228415 -31.610116
v -88.180257 572.655760 -30.767964
v -88.099346 577.561480 -28.287553
v -112.654858 580.715836 -23.902571
v -112.553222 583.105373 -19.270190
v -112.517811 583.930378 -14.117649
v -112.517811 583.113852 -8.961887
v -112.517811 580.743919 -4.310810
v -112.517811 577.052842 -0.619692
v -112.517811 572.401784 1.750151
v -112.517811 567.246010 2.566745
v -112.517811 562.090284 1.750152
v -112.517811 557.439177 -0.619692
v -112.517811 553.748002 -4.310810
v -112.517811 551.378167 -8.961887
v -112.517811 550.561641 -14.117649
v -112.553222 551.386352 -19.270189
v -112.654858 553.774762 -23.902571
v -112.809734 557.480150 -27.552932
v -112.999064 562.124641 -29.865215
v -113.201455 567.242481 -30.622955
v -112.999064 572.362526 -29.865215
v -112.809734 577.008879 -27.552938
v -134.472554 579.935187 -23.374998
v -134.389076 582.189649 -19.020166
v -134.360074 582.968485 -14.171410
v -134.360074 582.199942 -9.318675
v -134.360074 579.969298 -4.940960
v -134.360074 576.495145 -1.466787
v -134.360074 572.117471 0.763771
v -134.360074 567.264683 1.532371
v -134.360074 562.411993 0.763771
v -134.360074 558.034270 -1.466787
v -134.360074 554.560067 -4.940960
v -134.360074 552.329522 -9.318675
v -134.360074 551.560978 -14.171410
v -134.389064 552.339324 -19.020165
v -134.472554 554.592268 -23.374998
v -134.600583 558.083722 -26.799199
v -134.696817 562.447036 -28.981588
v -134.720367 567.261546 -29.735005
v -134.696817 572.076595 -28.981588
v -134.600583 576.441526 -26.799208
v -165.585112 554.574035 -17.329661
v -169.190995 554.574035 -18.823272
v -172.796891 554.574035 -17.329661
v -174.290505 554.574035 -13.723763
v -172.796891 554.574035 -10.117866
v -169.190995 554.574035 -8.624255
v -165.585112 554.574035 -10.117866
v -164.091498 554.574035 -13.723763
v -162.528178 557.462751 -20.386590
v -169.190995 557.462751 -23.146425
v -175.853825 557.462751 -20.386590
v -178.613654 557.462751 -13.723763
v -175.853825 557.462751 -7.060935
v -169.190995 557.462751 -4.301100
v -162.528178 557.462751 -7.060935
v -159.768337 557.462751 -13.723763
v -160.485602 561.785876 -22.429167
v -169.190995 561.785876 -26.035066
v -177.896413 561.785876 -22.429167
v -181.502297 561.785876 -13.723763
v -177.896413 561.785876 -5.018359
v -169.190995 561.785876 -1.412460
v -160.485602 561.785876 -5.018359
v -156.879694 561.785876 -13.723763
v -159.768337 566.885386 -23.146425
v -169.190995 566.885386 -27.049422
v -178.613654 566.885386 -23.146425
v -182.516655 566.885386 -13.723763
v -178.613654 566.885386 -4.301100
v -169.190995 566.885386 -0.398107
v -159.768337 566.885386 -4.301100
v -155.865335 566.885386 -13.723763
v -160.485602 571.984847 -22.429167
v -169.190995 571.984847 -26.035066
v -177.896413 571.984847 -22.429167
v -181.502297 571.984847 -13.723763
v -177.896413 571.984847 -5.018359
v -169.190995 571.984847 -1.412460
v -160.485602 571.984847 -5.018359
v -156.879694 571.984847 -13.723763
v -162.528178 576.308069 -20.386590
v -169.190995 576.308069 -23.146425
v -175.853825 576.308069 -20.386590
v -178.613654 576.308069 -13.723763
v -175.853825 576.308069 -7.060935
v -169.190995 576.308069 -4.301100
v -162.528178 576.308069 -7.060935
v -159.768337 576.308069 -13.723763
v -165.585112 579.196687 -17.329661
v -169.190995 579.196687 -18.823272
v -172.796891 579.196687 -17.329661
v -174.290505 579.196687 -13.723763
v -172.796891 579.196687 -10.117866
v -169.190995 579.196687 -8.624255
v -165.585112 579.196687 -10.117866
v -164.091498 579.196687 -13.723763
v -169.190995 553.559750 -13.723763
v -169.190995 580.211070 -13.723763
v -276.570088 566.914302 -12.125985
v -177.170742 566.914400 -12.729524
v -195.494361 552.566246 -19.129908
v -195.479266 551.757170 -14.500213
v -195.472416 552.500522 -9.817407
v -195.465297 554.655198 -5.594344
v -195.465297 558.007559 -2.241979
v -195.458240 562.232073 -0.091142
v -195.464746 566.914400 2.121792
v -195.464746 571.595894 1.330844
v -195.467466 575.820849 -0.962224
v -195.467466 579.173064 -4.538091
v -195.471730 581.328818 -9.042923
v -195.478567 582.072219 -14.038435
v -195.494484 581.262457 -18.977559
v -195.511258 578.961777 -23.251191
v -195.529992 575.502179 -26.394590
v -195.533803 571.333440 -28.152503
v -195.472208 566.914400 -28.481233
v -195.508084 562.492126 -27.742571
v -195.520888 558.324710 -26.084718
v -195.511282 554.867073 -23.135226
v -239.623784 553.911503 -17.109558
v -239.628587 553.245785 -12.881922
v -239.640154 553.912581 -8.658554
v -239.631773 555.857098 -4.849799
v -239.627313 558.879712 -1.824763
v -239.637605 562.689641 0.117748
v -239.643928 566.914351 0.790136
v -239.643928 571.139797 0.120890
v -239.638071 574.949334 -1.823337
v -239.638071 577.973614 -4.847574
v -239.638071 579.915288 -8.658341
v -239.629666 580.582281 -12.881421
v -239.624716 579.917494 -17.109199
v -239.581194 577.966067 -20.908040
v -239.501649 574.912330 -23.859867
v -239.398284 571.087012 -25.642864
v -239.291905 566.914351 -26.125369
v -239.407645 562.740025 -25.648865
v -239.501649 558.916323 -23.859867
v -239.586707 555.860774 -20.909535
v -270.475407 556.093233 -15.643908
v -275.922504 557.626841 -15.127081
v -276.325375 561.452257 -13.889809
v -270.480259 557.713247 -18.807858
v -275.990703 558.999250 -17.868124
v -276.368873 562.263146 -15.497974
v -270.519762 560.225754 -21.328051
v -276.072184 561.151476 -20.057906
v -276.426093 563.530427 -16.780822
v -270.602395 563.390843 -22.973050
v -276.146999 563.878945 -21.474864
v -276.480594 565.133042 -17.609592
v -270.688556 566.914302 -23.578811
v -276.159669 566.914302 -21.960439
v -276.510907 566.914302 -17.899738
v -270.602395 570.437761 -22.973050
v -276.146999 569.949610 -21.474864
v -276.491376 568.695857 -17.610200
v -270.519762 573.602802 -21.328051
v -276.084290 572.678158 -20.059038
v -276.440135 570.298864 -16.781441
v -270.500648 576.118445 -18.809520
v -276.013689 574.832050 -17.869517
v -276.397667 571.567468 -15.498686
v -270.489718 577.737920 -15.644333
v -275.944902 576.204852 -15.127513
v -276.346720 572.378112 -13.889819
v -270.504961 578.302969 -12.132093
v -275.904517 576.673839 -12.105995
v -276.337702 572.658063 -12.113851
v -270.507705 577.746840 -8.613054
v -275.904517 576.196177 -9.090128
v -276.337702 572.376936 -10.338928
v -270.493370 576.126826 -5.439856
v -275.904517 574.809946 -6.369477
v -276.321160 571.559969 -8.739013
v -270.493370 573.607605 -2.920618
v -275.903659 572.650712 -4.210475
v -276.321160 570.289552 -7.468623
v -270.497364 570.433791 -1.302279
v -275.903659 569.930104 -2.824252
v -276.321160 568.688750 -6.652983
v -270.497364 566.914302 -0.744848
v -275.887289 566.914302 -2.349428
v -276.285676 566.914302 -6.375896
v -270.468742 563.396529 -1.308507
v -275.861853 563.900363 -2.831189
v -276.265484 565.141276 -6.658969
v -270.464282 560.224185 -2.925833
v -275.861853 561.181471 -4.216541
v -276.265484 563.541847 -7.473930
v -270.464282 557.706141 -5.443867
v -275.861853 559.023707 -6.374275
v -276.285676 562.271086 -8.741720
v -270.464282 556.089460 -8.616776
v -275.887289 557.634829 -9.091361
v -276.285676 561.455884 -10.341653
v -270.481705 555.529949 -12.132744
v -275.903659 557.154863 -12.106019
v -276.306212 561.173237 -12.114667
v -177.232986 560.626763 -14.878914
v -177.293883 556.290797 -16.387244
v -182.551931 553.821617 -17.544052
v -177.250459 561.586450 -16.681280
v -177.336743 557.944188 -19.405273
v -182.625693 554.889765 -22.277222
v -177.281605 563.068938 -18.066088
v -177.378721 560.467232 -21.693662
v -182.706304 558.307899 -25.549832
v -177.298857 564.907689 -18.906525
v -177.428712 563.566744 -23.045943
v -182.766735 562.464141 -27.441195
v -177.293368 566.914400 -19.134247
v -177.424203 566.914400 -23.382109
v -182.773229 566.914498 -27.854813
v -177.294642 568.921308 -18.906542
v -177.423248 570.262645 -23.046721
v -182.781303 571.363679 -27.435045
v -177.290476 570.759323 -18.063702
v -177.401119 573.359119 -21.687301
v -182.713729 575.519872 -25.547154
v -177.277415 572.239459 -16.677215
v -177.339586 575.883878 -19.405101
v -182.618072 578.941976 -22.279276
v -177.258546 573.198705 -14.876459
v -177.292192 577.538542 -16.387906
v -182.553500 580.006694 -17.544452
v -177.241588 573.532079 -12.845110
v -177.277268 578.114668 -12.953039
v -182.536995 580.728285 -12.938758
v -177.242396 573.204733 -10.801786
v -177.292265 577.562019 -9.494034
v -182.530783 580.053009 -8.290186
v -177.247200 572.263916 -8.959312
v -177.290280 575.972343 -6.372679
v -182.539556 578.087859 -4.099523
v -177.245166 570.801277 -7.496123
v -177.290280 573.495369 -3.895722
v -182.534483 575.030839 -0.774573
v -177.245141 568.956841 -6.559874
v -177.290280 570.374243 -2.305415
v -182.555509 571.179153 1.353141
v -177.245166 566.914400 -6.236386
v -177.290280 566.914400 -1.757435
v -182.555509 566.914498 2.088637
v -177.255703 564.872597 -6.562191
v -177.296431 563.455195 -2.307294
v -182.553426 562.649550 1.354677
v -177.247200 563.027769 -7.496449
v -177.281434 560.331814 -3.892924
v -182.537951 558.798942 -0.775545
v -177.242396 561.564199 -8.958434
v -177.286090 557.855429 -6.371388
v -182.542448 555.742069 -4.099879
v -177.245950 560.624704 -10.801741
v -177.288786 556.265753 -9.493042
v -182.536591 553.778242 -8.290559
v -177.233991 560.295349 -12.844354
v -177.284816 555.716485 -12.952645
v -182.532364 553.098752 -12.937988
v -226.265752 552.918832 -18.013577
v -226.288714 552.181606 -13.474441
v -226.288445 552.899717 -8.921570
v -226.288469 554.992198 -4.813558
v -226.282147 558.251242 -1.551937
v -226.287415 562.359551 0.541999
v -226.087989 566.914351 1.269986
v -226.087989 571.471945 0.548131
v -226.082647 575.580793 -1.549958
v -226.082647 578.842680 -4.811846
v -226.090317 580.933935 -8.922508
v -226.088675 581.652929 -13.477037
v -226.088479 580.913939 -18.017020
v -226.076373 578.771123 -22.051488
v -226.043144 575.461745 -25.144277
v -225.996265 571.358239 -26.979670
v -225.939877 566.914351 -27.459091
v -225.898169 562.466984 -26.993853
v -226.039125 558.368575 -25.142146
v -226.173955 555.059491 -22.048996
v -211.780122 552.651231 -18.649359
v -211.787253 551.871415 -14.035418
v -211.781053 552.606827 -9.387066
v -211.776936 554.743663 -5.194056
v -211.768530 558.070636 -1.864483
v -211.766693 562.265009 0.271745
v -211.664014 566.914400 1.737344
v -211.664014 571.563253 0.976485
v -211.662789 575.757527 -1.230724
v -211.664357 579.084795 -4.670331
v -211.672542 581.221925 -9.003593
v -211.676022 581.957974 -13.807052
v -211.681462 581.178942 -18.574917
v -211.680678 578.941486 -22.752547
v -211.661662 575.536242 -25.890061
v -211.644998 571.373384 -27.695150
v -211.592752 566.914400 -28.101547
v -211.574961 562.452868 -27.496014
v -211.659750 558.291726 -25.735905
v -211.729346 554.884570 -22.697499
v -254.372262 556.682004 -19.939456
v -254.391327 554.879669 -16.421105
v -254.397576 554.259041 -12.511925
v -254.393018 554.877708 -8.602236
v -254.393729 556.676123 -5.074808
v -254.393729 559.475834 -2.275114
v -254.399316 563.003116 -0.477010
v -254.414166 566.914253 0.146914
v -254.414166 570.826567 -0.472732
v -254.411863 574.355074 -2.271046
v -254.411863 577.155717 -5.071635
v -254.415686 578.953592 -8.600460
v -254.409461 579.571720 -12.511355
v -254.399145 578.950357 -16.421146
v -254.375154 577.146649 -19.939208
v -254.339498 574.333166 -22.702758
v -254.324599 570.802845 -24.437697
v -254.297912 566.914253 -24.986793
v -254.322540 563.026151 -24.436775
v -254.339498 559.495341 -22.702758
v -280.241560 557.268177 -14.748346
v -283.058377 557.268177 -15.915103
v -285.875169 557.268177 -14.748346
v -287.041928 557.268177 -11.931543
v -285.875169 557.268177 -9.114740
v -283.058377 557.268177 -7.947983
v -280.241560 557.268177 -9.114740
v -279.074802 557.268177 -11.931543
v -277.853591 559.524748 -17.136313
v -283.058377 559.524748 -19.292201
v -288.263138 559.524748 -17.136313
v -290.419015 559.524748 -11.931543
v -288.263138 559.524748 -6.726772
v -283.058377 559.524748 -4.570884
v -277.853591 559.524748 -6.726771
v -275.697714 559.524748 -11.931543
v -276.258009 562.901810 -18.731904
v -283.058377 562.901810 -21.548707
v -289.858720 562.901810 -18.731904
v -292.675536 562.901810 -11.931543
v -289.858720 562.901810 -5.131182
v -283.058377 562.901810 -2.314378
v -276.258009 562.901810 -5.131182
v -273.441217 562.901810 -11.931543
v -275.697714 566.885386 -19.292201
v -283.058377 566.885386 -22.341087
v -290.419015 566.885386 -19.292201
v -293.467899 566.885386 -11.931543
v -290.419015 566.885386 -4.570884
v -283.058377 566.885386 -1.522001
v -275.697714 566.885386 -4.570884
v -272.648830 566.885386 -11.931543
v -276.258009 570.868961 -18.731904
v -283.058377 570.868961 -21.548707
v -289.858720 570.868961 -18.731904
v -292.675536 570.868961 -11.931543
v -289.858720 570.868961 -5.131182
v -283.058377 570.868961 -2.314378
v -276.258009 570.868961 -5.131182
v -273.441217 570.868961 -11.931543
v -277.853591 574.246024 -17.136313
v -283.058377 574.246024 -19.292201
v -288.263138 574.246024 -17.136313
v -290.419015 574.246024 -11.931543
v -288.263138 574.246024 -6.726772
v -283.058377 574.246024 -4.570884
v -277.853591 574.246024 -6.726771
v -275.697714 574.246024 -11.931543
v -280.241560 576.502545 -14.748346
v -283.058377 576.502545 -15.915103
v -285.875169 576.502545 -14.748346
v -287.041928 576.502545 -11.931543
v -285.875169 576.502545 -9.114740
v -283.058377 576.502545 -7.947983
v -280.241560 576.502545 -9.114740
v -279.074802 576.502545 -11.931543
v -283.058377 556.475863 -11.931543
v -283.058377 577.294908 -11.931543
v -289.720362 562.740221 -16.424909
v -289.782998 556.995430 -18.126635
v -289.782998 556.995430 -6.506512
v -289.720362 562.740221 -8.208240
v -289.694435 565.119711 -12.316573
v -294.269182 567.660350 -19.907785
v -294.384922 557.045569 -23.052166
v -294.384922 557.045569 -1.580979
v -294.269182 567.660350 -4.725360
v -294.221249 572.057089 -12.316573
v -301.121085 570.989529 -22.234968
v -301.272284 557.120703 -26.343306
v -301.272284 557.120703 1.710156
v -301.121085 570.989529 -2.398177
v -301.058449 576.734123 -12.316573
v -309.232745 572.220737 -23.052166
v -309.396418 557.209266 -27.498998
v -309.396418 557.209266 2.865851
v -309.232745 572.220737 -1.580978
v -309.164938 578.438681 -12.316573
v -317.369377 571.166704 -22.234968
v -317.520576 557.297829 -26.343306
v -317.520576 557.297829 1.710156
v -317.369377 571.166704 -2.398177
v -317.306740 576.911249 -12.316573
v -324.292149 567.987695 -19.907785
v -324.407865 557.372963 -23.052166
v -324.407865 557.372963 -1.580979
v -324.292149 567.987695 -4.725360
v -324.244216 572.384434 -12.316573
v -328.947202 563.167892 -16.424909
v -329.009838 557.423101 -18.126635
v -329.009838 557.423101 -6.506512
v -328.947202 563.167892 -8.208240
v -328.921250 565.547431 -12.316573
v -288.167003 556.977786 -12.316573
v -330.625857 557.440745 -12.316573
v 48.993539 549.513931 -18.811740
v 54.081507 549.513931 -20.919249
v 59.169487 549.513931 -18.811740
v 61.276990 549.513931 -13.723763
v 59.169487 549.513931 -8.635785
v 54.081507 549.513931 -6.528276
v 48.993539 549.513931 -8.635785
v 46.886024 549.513931 -13.723763
v 44.680155 553.589843 -23.125118
v 54.081507 553.589843 -27.019289
v 63.482852 553.589843 -23.125118
v 67.377031 553.589843 -13.723763
v 63.482852 553.589843 -4.322407
v 54.081507 553.589843 -0.428237
v 44.680155 553.589843 -4.322406
v 40.785979 553.589843 -13.723763
v 41.798050 559.689866 -26.007225
v 54.081507 559.689866 -31.095205
v 66.364976 559.689866 -26.007225
v 71.452949 559.689866 -13.723763
v 66.364976 559.689866 -1.440300
v 54.081507 559.689866 3.647680
v 41.798050 559.689866 -1.440300
v 36.710064 559.689866 -13.723763
v 40.785979 566.885386 -27.019289
v 54.081507 566.885386 -32.526477
v 67.377031 566.885386 -27.019289
v 72.884215 566.885386 -13.723763
v 67.377031 566.885386 -0.428237
v 54.081507 566.885386 5.078948
v 40.785979 566.885386 -0.428237
v 35.278789 566.885386 -13.723763
v 41.798050 574.080856 -26.007225
v 54.081507 574.080856 -31.095205
v 66.364976 574.080856 -26.007225
v 71.452949 574.080856 -13.723763
v 66.364976 574.080856 -1.440300
v 54.081507 574.080856 3.647680
v 41.798050 574.080856 -1.440300
v 36.710064 574.080856 -13.723763
v 44.680155 580.180928 -23.125118
v 54.081507 580.180928 -27.019289
v 63.482852 580.180928 -23.125118
v 67.377031 580.180928 -13.723763
v 63.482852 580.180928 -4.322407
v 54.081507 580.180928 -0.428237
v 44.680155 580.180928 -4.322406
v 40.785979 580.180928 -13.723763
v 48.993539 584.256792 -18.811740
v 54.081507 584.256792 -20.919249
v 59.169487 584.256792 -18.811740
v 61.276990 584.256792 -13.723763
v 59.169487 584.256792 -8.635785
v 54.081507 584.256792 -6.528276
v 48.993539 584.256792 -8.635785
v 46.886024 584.256792 -13.723763
v 54.081507 548.082659 -13.723763
v 54.081507 585.688113 -13.723763
v 54.171846 567.226993 -14.060407
v 160.993198 567.270221 -14.182524
v 66.164477 583.887199 -19.473602
v 62.693448 578.205192 -17.627434
v 54.171846 576.335515 -17.019996
v 66.164477 581.398953 -24.356916
v 62.693448 576.565623 -20.845275
v 54.171846 574.975211 -19.689781
v 66.164477 577.523496 -28.232342
v 62.693448 574.011947 -23.398981
v 54.171846 572.856411 -21.808601
v 66.164477 572.640223 -30.720509
v 62.693448 570.794072 -25.038560
v 54.171846 570.186579 -23.168955
v 66.164477 567.226993 -31.577872
v 62.693448 567.226993 -25.603514
v 54.171846 567.226993 -23.637696
v 66.164477 561.813861 -30.720509
v 62.693448 563.660012 -25.038560
v 54.171846 564.267407 -23.168949
v 66.164477 556.930540 -28.232330
v 62.693448 560.442138 -23.398978
v 54.171846 561.597624 -21.808598
v 66.164477 553.055034 -24.356916
v 62.693448 557.888413 -20.845272
v 54.171846 559.478775 -19.689778
v 66.164477 550.566886 -19.473600
v 62.693448 556.248893 -17.627431
v 54.171846 558.118471 -17.019993
v 66.164477 549.709583 -14.060407
v 62.693448 555.683941 -14.060407
v 54.171846 557.649778 -14.060407
v 66.164477 550.566886 -8.647212
v 62.693448 556.248893 -10.493380
v 54.171846 558.118471 -11.100820
v 66.164477 553.055034 -3.763900
v 62.693448 557.888413 -7.275542
v 54.171846 559.478775 -8.431036
v 66.164477 556.930540 0.111519
v 62.693448 560.442138 -4.721838
v 61.338284 561.597624 -6.312224
v 66.164477 561.813861 2.599691
v 62.693448 563.660012 -3.082258
v 61.338284 564.267407 -4.951865
v 66.164477 567.226993 3.457058
v 62.693448 567.226993 -2.517299
v 61.338284 567.226993 -4.483120
v 66.164477 572.640223 2.599691
v 62.693448 570.794072 -3.082260
v 61.338284 570.186579 -4.951866
v 66.164477 577.523496 0.111519
v 62.693448 574.011947 -4.721835
v 61.338284 572.856411 -6.312210
v 66.164477 581.398904 -3.763900
v 62.693448 576.565525 -7.275542
v 61.338284 574.975162 -8.431036
v 66.164477 583.887199 -8.647212
v 62.693448 578.205192 -10.493391
v 61.338284 576.335515 -11.100862
v 66.164477 584.744453 -14.060407
v 62.693448 578.770094 -14.060407
v 54.171846 576.804258 -14.060407
v 155.443264 580.995983 -18.641659
v 160.472430 578.994565 -17.992000
v 160.993198 574.138837 -16.414317
v 155.449525 578.942074 -22.661851
v 160.472430 577.243593 -21.428556
v 160.993198 573.113083 -18.427571
v 155.449525 575.750224 -25.853710
v 160.472430 574.516320 -24.155836
v 160.993198 571.515271 -20.025348
v 155.449525 571.728273 -27.903006
v 160.472430 571.079709 -25.906856
v 160.993198 569.501992 -21.051177
v 155.461018 567.269633 -28.599938
v 160.479721 567.270025 -26.503389
v 160.993198 567.270221 -21.404650
v 155.449525 562.811483 -27.903006
v 160.472430 563.460733 -25.906856
v 160.993198 565.038450 -21.051172
v 155.449525 558.789532 -25.853704
v 160.472430 560.024171 -24.155833
v 160.993198 563.025171 -20.025346
v 155.449525 555.597633 -22.661851
v 160.472430 557.296898 -21.428553
v 160.993198 561.427359 -18.427568
v 155.443264 553.543969 -18.641658
v 160.472430 555.545926 -17.991997
v 160.993198 560.401557 -16.414315
v 155.429737 552.827769 -14.182524
v 160.472430 554.942599 -14.182524
v 160.993198 560.048137 -14.182524
v 155.429737 553.534607 -9.719554
v 160.472430 555.545926 -10.373050
v 160.993198 560.401557 -11.950734
v 155.429737 555.585968 -5.693450
v 160.472430 557.296898 -6.936496
v 160.993198 561.427359 -9.937481
v 155.429737 558.781151 -2.498317
v 160.472430 560.024171 -4.209219
v 160.993198 563.025171 -8.339709
v 155.429737 562.807268 -0.446912
v 160.472430 563.460733 -2.458200
v 160.993198 565.038450 -7.313878
v 155.429737 567.270221 0.259954
v 160.472430 567.270221 -1.854841
v 160.993198 567.270221 -6.960402
v 155.429737 571.733174 -0.446914
v 160.472430 571.079709 -2.458202
v 160.993198 569.501992 -7.313879
v 155.429737 575.759291 -2.498317
v 160.472430 574.516320 -4.209217
v 160.993198 571.515271 -8.339698
v 155.429737 578.954425 -5.693451
v 160.472430 577.243495 -6.936496
v 160.993198 573.113034 -9.937481
v 155.429737 581.005884 -9.719554
v 160.472430 578.994565 -10.373062
v 160.993198 574.138837 -11.950766
v 155.429737 581.712673 -14.182524
v 160.472430 579.597892 -14.182524
v 160.993198 574.492305 -14.182524
v 88.030081 581.462079 -24.407572
v 87.983208 583.970224 -19.506709
v 87.966618 584.835074 -14.067498
v 87.966618 583.973507 -8.627077
v 87.966618 581.472666 -3.719205
v 87.966618 577.577800 0.175705
v 87.966618 572.669924 2.676392
v 87.966618 567.229493 3.538072
v 87.966618 561.789160 2.676392
v 87.966618 556.881234 0.175705
v 87.966618 552.986271 -3.719205
v 87.966618 550.485625 -8.627077
v 87.966618 549.623961 -14.067498
v 87.983208 550.488762 -19.506707
v 88.030081 552.996465 -24.407572
v 88.099346 556.896575 -28.287547
v 88.180257 561.801756 -30.767964
v 88.261836 567.228415 -31.610116
v 88.180257 572.655760 -30.767964
v 88.099346 577.561480 -28.287553
v 112.654858 580.715836 -23.902571
v 112.553222 583.105373 -19.270190
v 112.517811 583.930378 -14.117649
v 112.517811 583.113852 -8.961887
v 112.517811 580.743919 -4.310810
v 112.517811 577.052842 -0.619692
v 112.517811 572.401784 1.750151
v 112.517811 567.246010 2.566745
v 112.517811 562.090284 1.750152
v 112.517811 557.439177 -0.619692
v 112.517811 553.748002 -4.310810
v 112.517811 551.378167 -8.961887
v 112.517811 550.561641 -14.117649
v 112.553222 551.386352 -19.270189
v 112.654858 553.774762 -23.902571
v 112.809734 557.480150 -27.552932
v 112.999064 562.124641 -29.865215
v 113.201455 567.242481 -30.622955
v 112.999064 572.362526 -29.865215
v 112.809734 577.008879 -27.552938
v 134.472554 579.935187 -23.374998
v 134.389076 582.189649 -19.020166
v 134.360074 582.968485 -14.171410
v 134.360074 582.199942 -9.318675
v 134.360074 579.969298 -4.940960
v 134.360074 576.495145 -1.466787
v 134.360074 572.117471 0.763771
v 134.360074 567.264683 1.532371
v 134.360074 562.411993 0.763771
v 134.360074 558.034270 -1.466787
v 134.360074 554.560067 -4.940960
v 134.360074 552.329522 -9.318675
v 134.360074 551.560978 -14.171410
v 134.389064 552.339324 -19.020165
v 134.472554 554.592268 -23.374998
v 134.600583 558.083722 -26.799199
v 134.696817 562.447036 -28.981588
v 134.720367 567.261546 -29.735005
v 134.696817 572.076595 -28.981588
v 134.600583 576.441526 -26.799208
v 165.585112 554.574035 -17.329661
v 169.190995 554.574035 -18.823272
v 172.796891 554.574035 -17.329661
v 174.290505 554.574035 -13.723763
v 172.796891 554.574035 -10.117866
v 169.190995 554.574035 -8.624255
v 165.585112 554.574035 -10.117866
v 164.091498 554.574035 -13.723763
v 162.528178 557.462751 -20.386590
v 169.190995 557.462751 -23.146425
v 175.853825 557.462751 -20.386590
v 178.613654 557.462751 -13.723763
v 175.853825 557.462751 -7.060935
v 169.190995 557.462751 -4.301100
v 162.528178 557.462751 -7.060935
v 159.768337 557.462751 -13.723763
v 160.485602 561.785876 -22.429167
v 169.190995 561.785876 -26.035066
v 177.896413 561.785876 -22.429167
v 181.502297 561.785876 -13.723763
v 177.896413 561.785876 -5.018359
v 169.190995 561.785876 -1.412460
v 160.485602 561.785876 -5.018359
v 156.879694 561.785876 -13.723763
v 159.768337 566.885386 -23.146425
v 169.190995 566.885386 -27.049422
v 178.613654 566.885386 -23.146425
v 182.516655 566.885386 -13.723763
v 178.613654 566.885386 -4.301100
v 169.190995 566.885386 -0.398107
v 159.768337 566.885386 -4.301100
v 155.865335 566.885386 -13.723763
v 160.485602 571.984847 -22.429167
v 169.190995 571.984847 -26.035066
v 177.896413 571.984847 -22.429167
v 181.502297 571.984847 -13.723763
v 177.896413 571.984847 -5.018359
v 169.190995 571.984847 -1.412460
v 160.485602 571.984847 -5.018359
v 156.879694 571.984847 -13.723763
v 162.528178 576.308069 -20.386590
v 169.190995 576.308069 -23.146425
v 175.853825 576.308069 -20.386590
v 178.613654 576.308069 -13.723763
v 175.853825 576.308069 -7.060935
v 169.190995 576.308069 -4.301100
v 162.528178 576.308069 -7.060935
v 159.768337 576.308069 -13.723763
v 165.585112 579.196687 -17.329661
v 169.190995 579.196687 -18.823272
v 172.796891 579.196687 -17.329661
v 174.290505 579.196687 -13.723763
v 172.796891 579.196687 -10.117866
v 169.190995 579.196687 -8.624255
v 165.585112 579.196687 -10.117866
v 164.091498 579.196687 -13.723763
v 169.190995 553.559750 -13.723763
v 169.190995 580.211070 -13.723763
v 276.570088 566.914302 -12.125985
v 177.170742 566.914400 -12.729524
v 195.494361 552.566246 -19.129908
v 195.479266 551.757170 -14.500213
v 195.472416 552.500522 -9.817407
v 195.465297 554.655198 -5.594344
v 195.465297 558.007559 -2.241979
v 195.458240 562.232073 -0.091142
v 195.464746 566.914400 2.121792
v 195.464746 571.595894 1.330844
v 195.467466 575.820849 -0.962224
v 195.467466 579.173064 -4.538091
v 195.471730 581.328818 -9.042923
v 195.478567 582.072219 -14.038435
v 195.494484 581.262457 -18.977559
v 195.511258 578.961777 -23.251191
v 195.529992 575.502179 -26.394590
v 195.533803 571.333440 -28.152503
v 195.472208 566.914400 -28.481233
v 195.508084 562.492126 -27.742571
v 195.520888 558.324710 -26.084718
v 195.511282 554.867073 -23.135226
v 239.623784 553.911503 -17.109558
v 239.628587 553.245785 -12.881922
v 239.640154 553.912581 -8.658554
v 239.631773 555.857098 -4.849799
v 239.627313 558.879712 -1.824763
v 239.637605 562.689641 0.117748
v 239.643928 566.914351 0.790136
v 239.643928 571.139797 0.120890
v 239.638071 574.949334 -1.823337
v 239.638071 577.973614 -4.847574
v 239.638071 579.915288 -8.658341
v 239.629666 580.582281 -12.881421
v 239.624716 579.917494 -17.109199
v 239.581194 577.966067 -20.908040
v 239.501649 574.912330 -23.859867
v 239.398284 571.087012 -25.642864
v 239.291905 566.914351 -26.125369
v 239.407645 562.740025 -25.648865
v 239.501649 558.916323 -23.859867
v 239.586707 555.860774 -20.909535
v 270.475407 556.093233 -15.643908
v 275.922504 557.626841 -15.127081
v 276.325375 561.452257 -13.889809
v 270.480259 557.713247 -18.807858
v 275.990703 558.999250 -17.868124
v 276.368873 562.263146 -15.497974
v 270.519762 560.225754 -21.328051
v 276.072184 561.151476 -20.057906
v 276.426093 563.530427 -16.780822
v 270.602395 563.390843 -22.973050
v 276.146999 563.878945 -21.474864
v 276.480594 565.133042 -17.609592
v 270.688556 566.914302 -23.578811
v 276.159669 566.914302 -21.960439
v 276.510907 566.914302 -17.899738
v 270.602395 570.437761 -22.973050
v 276.146999 569.949610 -21.474864
v 276.491376 568.695857 -17.610200
v 270.519762 573.602802 -21.328051
v 276.084290 572.678158 -20.059038
v 276.440135 570.298864 -16.781441
v 270.500648 576.118445 -18.809520
v 276.013689 574.832050 -17.869517
v 276.397667 571.567468 -15.498686
v 270.489718 577.737920 -15.644333
v 275.944902 576.204852 -15.127513
v 276.346720 572.378112 -13.889819
v 270.504961 578.302969 -12.132093
v 275.904517 576.673839 -12.105995
v 276.337702 572.658063 -12.113851
v 270.507705 577.746840 -8.613054
v 275.904517 576.196177 -9.090128
v 276.337702 572.376936 -10.338928
v 270.493370 576.126826 -5.439856
v 275.904517 574.809946 -6.369477
v 276.321160 571.559969 -8.739013
v 270.493370 573.607605 -2.920618
v 275.903659 572.650712 -4.210475
v 276.321160 570.289552 -7.468623
v 270.497364 570.433791 -1.302279
v 275.903659 569.930104 -2.824252
v 276.321160 568.688750 -6.652983
v 270.497364 566.914302 -0.744848
v 275.887289 566.914302 -2.349428
v 276.285676 566.914302 -6.375896
v 270.468742 563.396529 -1.308507
v 275.861853 563.900363 -2.831189
v 276.265484 565.141276 -6.658969
v 270.464282 560.224185 -2.925833
v 275.861853 561.181471 -4.216541
v 276.265484 563.541847 -7.473930
v 270.464282 557.706141 -5.443867
v 275.861853 559.023707 -6.374275
v 276.285676 562.271086 -8.741720
v 270.464282 556.089460 -8.616776
v 275.887289 557.634829 -9.091361
v 276.285676 561.455884 -10.341653
v 270.481705 555.529949 -12.132744
v 275.903659 557.154863 -12.106019
v 276.306212 561.173237 -12.114667
v 177.232986 560.626763 -14.878914
v 177.293883 556.290797 -16.387244
v 182.551931 553.821617 -17.544052
v 177.250459 561.586450 -16.681280
v 177.336743 557.944188 -19.405273
v 182.625693 554.889765 -22.277222
v 177.281605 563.068938 -18.066088
v 177.378721 560.467232 -21.693662
v 182.706304 558.307899 -25.549832
v 177.298857 564.907689 -18.906525
v 177.428712 563.566744 -23.045943
v 182.766735 562.464141 -27.441195
v 177.293368 566.914400 -19.134247
v 177.424203 566.914400 -23.382109
v 182.773229 566.914498 -27.854813
v 177.294642 568.921308 -18.906542
v 177.423248 570.262645 -23.046721
v 182.781303 571.363679 -27.435045
v 177.290476 570.759323 -18.063702
v 177.401119 573.359119 -21.687301
v 182.713729 575.519872 -25.547154
v 177.277415 572.239459 -16.677215
v 177.339586 575.883878 -19.405101
v 182.618072 578.941976 -22.279276
v 177.258546 573.198705 -14.876459
v 177.292192 577.538542 -16.387906
v 182.553500 580.006694 -17.544452
v 177.241588 573.532079 -12.845110
v 177.277268 578.114668 -12.953039
v 182.536995 580.728285 -12.938758
v 177.242396 573.204733 -10.801786
v 177.292265 577.562019 -9.494034
v 182.530783 580.053009 -8.290186
v 177.247200 572.263916 -8.959312
v 177.290280 575.972343 -6.372679
v 182.539556 578.087859 -4.099523
v 177.245166 570.801277 -7.496123
v 177.290280 573.495369 -3.895722
v 182.534483 575.030839 -0.774573
v 177.245141 568.956841 -6.559874
v 177.290280 570.374243 -2.305415
v 182.555509 571.179153 1.353141
v 177.245166 566.914400 -6.236386
v 177.290280 566.914400 -1.757435
v 182.555509 566.914498 2.088637
v 177.255703 564.872597 -6.562191
v 177.296431 563.455195 -2.307294
v 182.553426 562.649550 1.354677
v 177.247200 563.027769 -7.496449
v 177.281434 560.331814 -3.892924
v 182.537951 558.798942 -0.775545
v 177.242396 561.564199 -8.958434
v 177.286090 557.855429 -6.371388
v 182.542448 555.742069 -4.099879
v 177.245950 560.624704 -10.801741
v 177.288786 556.265753 -9.493042
v 182.536591 553.778242 -8.290559
v 177.233991 560.295349 -12.844354
v 177.284816 555.716485 -12.952645
v 182.532364 553.098752 -12.937988
v 226.265752 552.918832 -18.013577
v 226.288714 552.181606 -13.474441
v 226.288445 552.899717 -8.921570
v 226.288469 554.992198 -4.813558
v 226.282147 558.251242 -1.551937
v 226.287415 562.359551 0.541999
v 226.087989 566.914351 1.269986
v 226.087989 571.471945 0.548131
v 226.082647 575.580793 -1.549958
v 226.082647 578.842680 -4.811846
v 226.090317 580.933935 -8.922508
v 226.088675 581.652929 -13.477037
v 226.088479 580.913939 -18.017020
v 226.076373 578.771123 -22.051488
v 226.043144 575.461745 -25.144277
v 225.996265 571.358239 -26.979670
v 225.939877 566.914351 -27.459091
v 225.898169 562.466984 -26.993853
v 226.039125 558.368575 -25.142146
v 226.173955 555.059491 -22.048996
v 211.780122 552.651231 -18.649359
v 211.787253 551.871415 -14.035418
v 211.781053 552.606827 -9.387066
v 211.776936 554.743663 -5.194056
v 211.768530 558.070636 -1.864483
v 211.766693 562.265009 0.271745
v 211.664014 566.914400 1.737344
v 211.664014 571.563253 0.976485
v 211.662789 575.757527 -1.230724
v 211.664357 579.084795 -4.670331
v 211.672542 581.221925 -9.003593
v 211.676022 581.957974 -13.807052
v 211.681462 581.178942 -18.574917
v 211.680678 578.941486 -22.752547
v 211.661662 575.536242 -25.890061
v 211.644998 571.373384 -27.695150
v 211.592752 566.914400 -28.101547
v 211.574961 562.452868 -27.496014
v 211.659750 558.291726 -25.735905
v 211.729346 554.884570 -22.697499
v 254.372262 556.682004 -19.939456
v 254.391327 554.879669 -16.421105
v 254.397576 554.259041 -12.511925
v 254.393018 554.877708 -8.602236
v 254.393729 556.676123 -5.074808
v 254.393729 559.475834 -2.275114
v 254.399316 563.003116 -0.477010
v 254.414166 566.914253 0.146914
v 254.414166 570.826567 -0.472732
v 254.411863 574.355074 -2.271046
v 254.411863 577.155717 -5.071635
v 254.415686 578.953592 -8.600460
v 254.409461 579.571720 -12.511355
v 254.399145 578.950357 -16.421146
v 254.375154 577.146649 -19.939208
v 254.339498 574.333166 -22.702758
v 254.324599 570.802845 -24.437697
v 254.297912 566.914253 -24.986793
v 254.322540 563.026151 -24.436775
v 254.339498 559.495341 -22.702758
v 280.241560 557.268177 -14.748346
v 283.058377 557.268177 -15.915103
v 285.875169 557.268177 -14.748346
v 287.041928 557.268177 -11.931543
v 285.875169 557.268177 -9.114740
v 283.058377 557.268177 -7.947983
v 280.241560 557.268177 -9.114740
v 279.074802 557.268177 -11.931543
v 277.853591 559.524748 -17.136313
v 283.058377 559.524748 -19.292201
v 288.263138 559.524748 -17.136313
v 290.419015 559.524748 -11.931543
v 288.263138 559.524748 -6.726772
v 283.058377 559.524748 -4.570884
v 277.853591 559.524748 -6.726771
v 275.697714 559.524748 -11.931543
v 276.258009 562.901810 -18.731904
v 283.058377 562.901810 -21.548707
v 289.858720 562.901810 -18.731904
v 292.675536 562.901810 -11.931543
v 289.858720 562.901810 -5.131182
v 283.058377 562.901810 -2.314378
v 276.258009 562.901810 -5.131182
v 273.441217 562.901810 -11.931543
v 275.697714 566.885386 -19.292201
v 283.058377 566.885386 -22.341087
v 290.419015 566.885386 -19.292201
v 293.467899 566.885386 -11.931543
v 290.419015 566.885386 -4.570884
v 283.058377 566.885386 -1.522001
v 275.697714 566.885386 -4.570884
v 272.648830 566.885386 -11.931543
v 276.258009 570.868961 -18.731904
v 283.058377 570.868961 -21.548707
v 289.858720 570.868961 -18.731904
v 292.675536 570.868961 -11.931543
v 289.858720 570.868961 -5.131182
v 283.058377 570.868961 -2.314378
v 276.258009 570.868961 -5.131182
v 273.441217 570.868961 -11.931543
v 277.853591 574.246024 -17.136313
v 283.058377 574.246024 -19.292201
v 288.263138 574.246024 -17.136313
v 290.419015 574.246024 -11.931543
v 288.263138 574.246024 -6.726772
v 283.058377 574.246024 -4.570884
v 277.853591 574.246024 -6.726771
v 275.697714 574.246024 -11.931543
v 280.241560 576.502545 -14.748346
v 283.058377 576.502545 -15.915103
v 285.875169 576.502545 -14.748346
v 287.041928 576.502545 -11.931543
v 285.875169 576.502545 -9.114740
v 283.058377 576.502545 -7.947983
v 280.241560 576.502545 -9.114740
v 279.074802 576.502545 -11.931543
v 283.058377 556.475863 -11.931543
v 283.058377 577.294908 -11.931543
v 289.720362 562.740221 -16.424909
v 289.782998 556.995430 -18.126635
v 289.782998 556.995430 -6.506512
v 289.720362 562.740221 -8.208240
v 289.694435 565.119711 -12.316573
v 294.269182 567.660350 -19.907785
v 294.384922 557.045569 -23.052166
v 294.384922 557.045569 -1.580979
v 294.269182 567.660350 -4.725360
v 294.221249 572.057089 -12.316573
v 301.121085 570.989529 -22.234968
v 301.272284 557.120703 -26.343306
v 301.272284 557.120703 1.710156
v 301.121085 570.989529 -2.398177
v 301.058449 576.734123 -12.316573
v 309.232745 572.220737 -23.052166
v 309.396418 557.209266 -27.498998
v 309.396418 557.209266 2.865851
v 309.232745 572.220737 -1.580978
v 309.164938 578.438681 -12.316573
v 317.369377 571.166704 -22.234968
v 317.520576 557.297829 -26.343306
v 317.520576 557.297829 1.710156
v 317.369377 571.166704 -2.398177
v 317.306740 576.911249 -12.316573
v 324.292149 567.987695 -19.907785
v 324.407865 557.372963 -23.052166
v 324.407865 557.372963 -1.580979
v 324.292149 567.987695 -4.725360
v 324.244216 572.384434 -12.316573
v 328.947202 563.167892 -16.424909
v 329.009838 557.423101 -18.126635
v 329.009838 557.423101 -6.506512
v 328.947202 563.167892 -8.208240
v 328.921250 565.547431 -12.316573
v 288.167003 556.977786 -12.316573
v 330.625857 557.440745 -12.316573
v -48.993533 549.513931 -18.811740
v -54.081500 549.513931 -20.919249
v -59.169480 549.513931 -18.811740
v -61.276983 549.513931 -13.723763
v -59.169480 549.513931 -8.635785
v -54.081500 549.513931 -6.528276
v -48.993533 549.513931 -8.635785
v -46.886017 549.513931 -13.723763
v -44.680149 553.589843 -23.125118
v -54.081500 553.589843 -27.019289
v -63.482846 553.589843 -23.125118
v -67.377025 553.589843 -13.723763
v -63.482846 553.589843 -4.322407
v -54.081500 553.589843 -0.428237
v -44.680149 553.589843 -4.322406
v -40.785973 553.589843 -13.723763
v -41.798044 559.689866 -26.007225
v -54.081500 559.689866 -31.095205
v -66.364969 559.689866 -26.007225
v -71.452943 559.689866 -13.723763
v -66.364969 559.689866 -1.440300
v -54.081500 559.689866 3.647680
v -41.798044 559.689866 -1.440300
v -36.710058 559.689866 -13.723763
v -40.785973 566.885386 -27.019289
v -54.081500 566.885386 -32.526477
v -67.377025 566.885386 -27.019289
v -72.884209 566.885386 -13.723763
v -67.377025 566.885386 -0.428237
v -54.081500 566.885386 5.078948
v -40.785973 566.885386 -0.428237
v -35.278783 566.885386 -13.723763
v -41.798044 574.080856 -26.007225
v -54.081500 574.080856 -31.095205
v -66.364969 574.080856 -26.007225
v -71.452943 574.080856 -13.723763
v -66.364969 574.080856 -1.440300
v -54.081500 574.080856 3.647680
v -41.798044 574.080856 -1.440300
v -36.710058 574.080856 -13.723763
v -44.680149 580.180928 -23.125118
v -54.081500 580.180928 -27.019289
v -63.482846 580.180928 -23.125118
v -67.377025 580.180928 -13.723763
v -63.482846 580.180928 -4.322407
v -54.081500 580.180928 -0.428237
v -44.680149 580.180928 -4.322406
v -40.785973 580.180928 -13.723763
v -48.993533 584.256792 -18.811740
v -54.081500 584.256792 -20.919249
v -59.169480 584.256792 -18.811740
v -61.276983 584.256792 -13.723763
v -59.169480 584.256792 -8.635785
v -54.081500 584.256792 -6.528276
v -48.993533 584.256792 -8.635785
v -46.886017 584.256792 -13.723763
v -54.081500 548.082659 -13.723763
v -54.081500 585.688113 -13.723763
v 4.267172 587.639834 -17.990946
v -0.000003 587.639834 -19.758471
v -4.267191 587.639834 -17.990946
v -6.034710 587.639834 -13.723763
v -4.267191 587.639834 -9.456579
v -0.000003 587.639834 -7.689054
v 4.267172 587.639834 -9.456579
v 6.034700 587.639834 -13.723763
v 7.884717 591.058213 -21.608488
v -0.000003 591.058213 -24.874451
v -7.884723 591.058213 -21.608488
v -11.150690 591.058213 -13.723763
v -7.884723 591.058213 -5.839037
v -0.000003 591.058213 -2.573075
v 7.884717 591.058213 -5.839036
v 11.150684 591.058213 -13.723763
v 10.301882 596.174191 -24.025653
v -0.000003 596.174191 -28.292837
v -10.301897 596.174191 -24.025653
v -14.569082 596.174191 -13.723763
v -10.301897 596.174191 -3.421872
v -0.000003 596.174191 0.845313
v 10.301882 596.174191 -3.421872
v 14.569072 596.174191 -13.723763
v 11.150684 602.208931 -24.874451
v -0.000003 602.208931 -29.493218
v -11.150690 602.208931 -24.874451
v -15.769456 602.208931 -13.723763
v -11.150690 602.208931 -2.573075
v -0.000003 602.208931 2.045689
v 11.150684 602.208931 -2.573075
v 15.769453 602.208931 -13.723763
v 10.301882 608.243622 -24.025653
v -0.000003 608.243622 -28.292837
v -10.301897 608.243622 -24.025653
v -14.569082 608.243622 -13.723763
v -10.301897 608.243622 -3.421872
v -0.000003 608.243622 0.845313
v 10.301882 608.243622 -3.421872
v 14.569072 608.243622 -13.723763
v 7.884717 613.359648 -21.608488
v -0.000003 613.359648 -24.874451
v -7.884723 613.359648 -21.608488
v -11.150690 613.359648 -13.723763
v -7.884723 613.359648 -5.839037
v -0.000003 613.359648 -2.573075
v 7.884717 613.359648 -5.839036
v 11.150684 613.359648 -13.723763
v 4.267172 616.777979 -17.990946
v -0.000003 616.777979 -19.758471
v -4.267191 616.777979 -17.990946
v -6.034710 616.777979 -13.723763
v -4.267191 616.777979 -9.456579
v -0.000003 616.777979 -7.689054
v 4.267172 616.777979 -9.456579
v 6.034700 616.777979 -13.723763
v -0.000003 586.439453 -13.723763
v -0.000003 617.978408 -13.723763
v -28.918250 328.244348 -18.130276
v -33.324758 328.244348 -19.955513
v -37.731269 328.244348 -18.130276
v -39.556504 328.244348 -13.723763
v -37.731269 328.244348 -9.317251
v -33.324758 328.244348 -7.492014
v -28.918250 328.244348 -9.317251
v -27.093008 328.244348 -13.723763
v -25.182585 331.774350 -21.865935
v -33.324758 331.774350 -25.238534
v -41.466921 331.774350 -21.865935
v -44.839521 331.774350 -13.723763
v -41.466921 331.774350 -5.581592
v -33.324758 331.774350 -2.208992
v -25.182585 331.774350 -5.581591
v -21.809986 331.774350 -13.723763
v -22.686499 337.057382 -24.362024
v -33.324758 337.057382 -28.768536
v -43.963018 337.057382 -24.362024
v -48.369532 337.057382 -13.723763
v -43.963018 337.057382 -3.085503
v -33.324758 337.057382 1.321011
v -22.686499 337.057382 -3.085503
v -18.279984 337.057382 -13.723763
v -21.809986 343.289122 -25.238534
v -33.324758 343.289122 -30.008107
v -44.839521 343.289122 -25.238534
v -49.609094 343.289122 -13.723763
v -44.839521 343.289122 -2.208992
v -33.324758 343.289122 2.560580
v -21.809986 343.289122 -2.208992
v -17.040406 343.289122 -13.723763
v -22.686499 349.520863 -24.362024
v -33.324758 349.520863 -28.768536
v -43.963018 349.520863 -24.362024
v -48.369532 349.520863 -13.723763
v -43.963018 349.520863 -3.085503
v -33.324758 349.520863 1.321011
v -22.686499 349.520863 -3.085503
v -18.279984 349.520863 -13.723763
v -25.182585 354.803895 -21.865935
v -33.324758 354.803895 -25.238534
v -41.466921 354.803895 -21.865935
v -44.839521 354.803895 -13.723763
v -41.466921 354.803895 -5.581592
v -33.324758 354.803895 -2.208992
v -25.182585 354.803895 -5.581591
v -21.809986 354.803895 -13.723763
v -28.918250 358.333897 -18.130276
v -33.324758 358.333897 -19.955513
v -37.731269 358.333897 -18.130276
v -39.556504 358.333897 -13.723763
v -37.731269 358.333897 -9.317251
v -33.324758 358.333897 -7.492014
v -28.918250 358.333897 -9.317251
v -27.093008 358.333897 -13.723763
v -33.324758 327.004783 -13.723763
v -33.324758 359.573462 -13.723763
v -29.640533 13.943690 -17.700658
v -33.324758 13.943690 -19.226713
v -37.008980 13.943690 -17.700658
v -38.535036 13.943690 -14.016433
v -37.008980 13.943690 -10.372974
v -33.324758 13.943690 -8.904338
v -29.640533 13.943690 -10.372973
v -28.114474 13.943690 -14.016433
v -26.517198 16.895080 -20.823992
v -33.324758 16.895080 -23.643775
v -40.132309 16.895080 -20.823992
v -42.952093 16.895080 -14.016433
v -40.132309 16.895080 -7.339853
v -33.324758 16.895080 -4.719019
v -26.517198 16.895080 -7.339852
v -23.697413 16.895080 -14.016433
v -24.430254 21.312142 -22.910938
v -33.324758 21.312142 -26.595162
v -42.219261 21.312142 -22.910938
v -45.903485 21.312142 -14.016433
v -42.219261 21.312142 -5.294186
v -33.324758 21.312142 -1.922369
v -24.430254 21.312142 -5.294186
v -20.746027 21.312142 -14.016433
v -23.697413 26.522423 -23.643775
v -33.324758 26.522423 -27.631552
v -42.952093 26.522423 -23.643775
v -46.939868 26.522423 -14.016433
v -42.952093 26.522423 -4.512053
v -33.324758 26.522423 -0.827198
v -23.697413 26.522423 -4.512053
v -19.709632 26.522423 -14.016433
v -24.430254 31.732704 -22.910938
v -33.324758 31.732704 -26.595162
v -42.219261 31.732704 -22.910938
v -45.903485 31.732704 -14.016433
v -42.219261 31.732704 -5.154920
v -33.324758 31.732704 -1.642996
v -24.430254 31.732704 -5.154920
v -20.746027 31.732704 -14.016433
v -26.517198 36.149765 -20.823992
v -33.324758 36.149765 -23.643775
v -40.132309 36.149765 -20.823992
v -42.952093 36.149765 -14.016433
v -40.132309 36.149765 -7.208874
v -33.324758 36.149765 -4.408532
v -26.517198 36.149765 -7.208874
v -23.697413 36.149765 -14.016433
v -29.640533 39.101151 -17.700658
v -33.324758 39.101151 -19.226713
v -37.008980 39.101151 -17.700658
v -38.535036 39.101151 -14.016433
v -37.008980 39.101151 -10.332209
v -33.324758 39.101151 -8.806152
v -29.640533 39.101151 -10.332208
v -28.114474 39.101151 -14.016433
v -33.324758 12.907299 -14.016433
v -33.324758 40.137543 -14.016433
v -14.217321 3.420670 -35.885987
v -17.020765 7.210712 -35.885987
v -21.387231 10.218506 -35.885987
v -26.889297 12.149628 -35.885987
v -32.988382 12.815046 -35.885987
v -39.087468 12.149628 -35.885987
v -44.589534 10.218503 -35.885987
v -48.955996 7.210710 -35.885987
v -51.759439 3.420667 -35.885987
v -52.725436 -0.442309 -35.885987
v -13.251335 -0.780628 -35.885987
v -17.870790 6.071650 47.873834
v -20.128590 11.606047 48.049508
v -23.645196 15.998172 48.256421
v -28.076380 18.818088 48.419842
v -32.988382 19.789763 48.481560
v -37.900388 18.818087 48.419842
v -42.331567 15.998167 48.256421
v -45.848170 11.606043 48.049508
v -48.105972 6.071647 47.873834
v -48.883959 -0.442302 47.792040
v -17.092815 -0.063278 47.792040
v -32.988382 -0.780628 -39.285396
v -32.988382 -0.442301 58.232832
v -14.217321 4.313940 -28.882815
v -13.251335 -0.937198 -28.882815
v -52.725436 -0.442311 -28.882815
v -51.759439 4.313938 -28.882815
v -48.955996 9.051054 -28.882815
v -44.589534 12.810448 -28.882815
v -39.087468 15.224135 -28.882815
v -32.988382 16.055827 -28.882815
v -26.889297 15.224135 -28.882815
v -21.387231 12.810453 -28.882815
v -17.020765 9.051058 -28.882815
v -14.217321 4.313940 -8.197415
v -13.251335 -0.937198 -8.197415
v -52.725436 -0.442311 -8.197415
v -51.759439 4.313938 -8.197415
v -48.955996 9.051054 -8.210996
v -44.589534 12.810448 -8.213802
v -39.087468 15.224135 -8.213802
v -32.988382 16.055827 -8.213802
v -26.889297 15.224135 -8.213802
v -21.387231 12.810453 -8.213802
v -17.020765 9.051058 -8.210996
v -14.217321 7.015055 12.226936
v -13.251335 -0.602500 12.193632
v -52.725436 -0.442308 12.193632
v -51.759439 7.015050 12.226936
v -48.955996 13.886946 12.320583
v -44.589534 19.340510 12.435715
v -39.087468 22.841920 12.527450
v -32.988382 24.048418 12.562110
v -26.889297 22.841922 12.527450
v -21.387231 19.340516 12.435715
v -17.020765 13.886950 12.320583
v -12.047762 8.062824 23.024365
v -10.970124 -0.435167 22.954089
v -55.006653 -0.442306 22.954089
v -53.928996 8.062819 23.024365
v -50.801532 15.728971 23.205415
v -45.930395 21.812858 23.424397
v -39.792401 25.718959 23.597766
v -32.988382 27.064894 23.663104
v -26.184363 25.718959 23.597766
v -20.046369 21.812866 23.424397
v -15.175233 15.728977 23.205415
v -11.116494 8.928500 34.296695
v -9.990932 0.052587 34.166343
v -55.985840 -0.442301 34.166343
v -54.860263 8.928497 34.296695
v -51.593720 16.935571 34.580779
v -46.505948 23.290023 34.912357
v -40.094990 27.369820 35.171323
v -32.988382 28.775636 35.268426
v -25.881778 27.369820 35.171323
v -19.470815 23.290029 34.912357
v -14.383044 16.935576 34.580779
v -41.494726 -0.442302 54.610499
v -41.078401 3.240654 54.642381
v -39.870160 6.202326 54.702132
v -37.988289 8.552725 54.770778
v -35.616990 10.061774 54.824672
v -32.988382 10.581755 54.845005
v -30.359775 10.061775 54.824672
v -27.988475 8.552728 54.770778
v -26.106601 6.202329 54.702132
v -24.898370 3.240656 54.642381
v -24.482040 -0.042385 54.610499
v -52.993453 -0.442302 42.107359
v -52.014334 7.678610 42.221037
v -49.172828 14.643818 42.470933
v -44.747074 20.171443 42.765223
v -39.170294 23.720393 42.996789
v -32.988382 24.943279 43.083998
v -26.806477 23.720402 42.996789
v -21.229692 20.171448 42.765223
v -16.803932 14.643825 42.470933
v -13.962431 7.678612 42.221037
v -12.983317 -0.042385 42.107359
v -29.402835 163.883951 -17.645684
v -33.324755 163.883951 -19.270197
v -37.246674 163.883951 -17.645684
v -38.871185 163.883951 -13.723763
v -37.246674 163.883951 -9.801842
v -33.324755 163.883951 -8.177330
v -29.402835 163.883951 -9.801842
v -27.778319 163.883951 -13.723763
v -26.077991 167.025760 -20.970527
v -33.324755 167.025760 -23.972234
v -40.571513 167.025760 -20.970527
v -43.573221 167.025760 -13.723763
v -40.571513 167.025760 -6.477000
v -33.324755 167.025760 -3.475290
v -26.077991 167.025760 -6.476999
v -23.076281 167.025760 -13.723763
v -23.856402 171.727802 -23.192118
v -33.324755 171.727802 -27.114037
v -42.793107 171.727802 -23.192118
v -46.715030 171.727802 -13.723763
v -42.793107 171.727802 -4.255410
v -33.324755 171.727802 -0.333488
v -23.856402 171.727802 -4.255410
v -19.934480 171.727802 -13.723763
v -23.076281 177.274232 -23.972234
v -33.324755 177.274232 -28.217290
v -43.573221 177.274232 -23.972234
v -47.818277 177.274232 -13.723763
v -43.573221 177.274232 -3.475290
v -33.324755 177.274232 0.769764
v -23.076281 177.274232 -3.475290
v -18.831219 177.274232 -13.723763
v -23.856402 182.820662 -23.192118
v -33.324755 182.820662 -27.114037
v -42.793107 182.820662 -23.192118
v -46.715030 182.820662 -13.723763
v -42.793107 182.820662 -4.255410
v -33.324755 182.820662 -0.333488
v -23.856402 182.820662 -4.255410
v -19.934480 182.820662 -13.723763
v -26.077991 187.522704 -20.970527
v -33.324755 187.522704 -23.972234
v -40.571513 187.522704 -20.970527
v -43.573221 187.522704 -13.723763
v -40.571513 187.522704 -6.477000
v -33.324755 187.522704 -3.475290
v -26.077991 187.522704 -6.476999
v -23.076281 187.522704 -13.723763
v -29.402835 190.664501 -17.645684
v -33.324755 190.664501 -19.270197
v -37.246674 190.664501 -17.645684
v -38.871185 190.664501 -13.723763
v -37.246674 190.664501 -9.801842
v -33.324755 190.664501 -8.177330
v -29.402835 190.664501 -9.801842
v -27.778319 190.664501 -13.723763
v -33.324755 162.780698 -13.723763
v -33.324755 191.767766 -13.723763
v 33.459686 181.004824 -13.924636
v 33.459686 334.977031 -13.939890
v 10.171163 309.981037 -24.196247
v 8.874721 309.967118 -16.673860
v 10.082675 309.972828 -9.077977
v 13.578861 309.979739 -2.229074
v 19.015417 309.979739 3.207484
v 25.867191 309.984640 6.694145
v 33.459686 309.995471 10.295020
v 41.055035 309.995471 9.011777
v 47.909646 309.991060 5.291462
v 53.348361 309.991060 -0.510089
v 56.845924 309.984150 -7.818808
v 58.054361 309.978440 -15.924657
v 56.756344 309.991060 -23.951615
v 53.046441 310.037915 -30.924573
v 47.447075 310.111873 -36.091044
v 40.668983 310.198034 -39.009666
v 33.459686 310.284343 -39.537353
v 26.248589 310.205190 -38.321690
v 19.472288 310.111873 -35.579754
v 13.876704 310.032328 -30.733307
v 12.729071 226.790039 -21.457085
v 11.672363 226.785310 -14.715285
v 12.735197 226.766882 -7.983340
v 15.830387 226.766882 -1.908697
v 20.651246 226.766882 2.912165
v 26.724873 226.750438 6.008836
v 33.459686 226.776929 7.064944
v 40.191226 226.776929 5.998772
v 46.261894 226.793348 2.903605
v 51.080420 226.793348 -1.914914
v 54.174107 226.793348 -7.986608
v 55.237636 226.808786 -14.715286
v 54.182059 226.811702 -21.454407
v 51.079532 226.895536 -27.517515
v 46.219598 227.036957 -32.240448
v 40.122445 227.226483 -35.107930
v 33.459686 227.426743 -35.880333
v 26.797508 227.231262 -35.106131
v 20.699767 227.036957 -32.240448
v 15.833794 226.876912 -27.521892
v 15.400744 202.679297 -20.129648
v 14.442179 202.625434 -14.279773
v 15.372386 202.620496 -8.404016
v 18.073714 202.620496 -3.102371
v 22.282627 202.617616 1.103003
v 27.582703 202.614222 3.805212
v 33.459686 202.614222 4.736036
v 39.336665 202.614222 3.805213
v 44.636734 202.617616 1.103005
v 48.845657 202.620496 -3.102369
v 51.546988 202.620496 -8.404015
v 52.477195 202.625434 -14.279773
v 51.518623 202.679297 -20.129645
v 48.765557 202.818917 -25.340652
v 44.518639 203.025352 -29.380379
v 39.236979 203.258057 -31.871057
v 33.459686 203.467482 -32.616614
v 27.682386 203.258057 -31.871057
v 22.400726 203.025352 -29.380379
v 18.153800 202.818917 -25.340652
v 16.960981 188.475431 -19.239258
v 19.496276 181.507997 -18.424696
v 25.265849 181.125097 -16.564311
v 19.434294 188.489840 -24.061494
v 21.563660 181.439173 -22.543739
v 26.484523 181.091856 -18.975984
v 23.268737 188.470885 -27.898013
v 24.802544 181.364774 -25.830411
v 28.387208 181.049253 -20.897917
v 28.094508 188.402686 -30.395770
v 28.902162 181.302885 -27.953236
v 30.790687 181.010852 -22.137812
v 33.459686 188.291468 -31.314977
v 33.459686 181.290314 -28.681532
v 33.459686 180.981568 -22.571578
v 38.824857 188.402686 -30.395770
v 38.017203 181.302885 -27.953236
v 36.128672 181.010852 -22.137815
v 43.650628 188.470885 -27.898013
v 42.116815 181.364774 -25.830411
v 38.532150 181.049253 -20.897917
v 47.485062 188.489840 -24.061494
v 45.355697 181.439173 -22.543734
v 40.434836 181.091856 -18.975981
v 49.958384 188.475431 -19.239257
v 47.423088 181.507997 -18.424692
v 41.653510 181.125097 -16.564303
v 50.819712 188.452200 -13.885466
v 48.132910 181.535051 -13.882575
v 42.073989 181.131432 -13.900770
v 49.971985 188.448058 -8.521312
v 47.414753 181.535051 -9.348299
v 41.652376 181.131432 -11.238803
v 47.505886 188.448058 -3.681321
v 45.330573 181.535051 -5.257871
v 40.428804 181.131432 -8.837411
v 43.664841 188.448058 0.159714
v 42.084385 181.535051 -2.011686
v 38.523044 181.131432 -6.931651
v 38.825782 188.441944 2.627167
v 37.993959 181.535051 0.072491
v 36.121648 181.131432 -5.708080
v 33.459686 188.441944 3.477072
v 33.459686 181.535051 0.790649
v 33.459689 181.131432 -5.286466
v 28.093586 188.441944 2.627165
v 28.925406 181.535051 0.072491
v 30.797723 181.131432 -5.708080
v 23.254521 188.448058 0.159714
v 24.834981 181.535051 -2.011688
v 28.396324 181.131432 -6.931653
v 19.413487 188.448058 -3.681323
v 21.588794 181.535051 -5.257871
v 26.490564 181.131432 -8.837411
v 16.947385 188.448058 -8.521313
v 19.504615 181.535051 -9.348300
v 25.266996 181.131432 -11.238805
v 16.099659 188.452200 -13.885466
v 18.786458 181.535051 -13.882576
v 24.845378 181.131432 -13.900778
v 24.014687 335.240270 -17.151691
v 17.431239 335.392793 -19.433353
v 14.998393 328.464923 -20.676473
v 25.453219 335.244583 -19.864492
v 19.912668 335.401664 -24.002748
v 16.468627 328.494182 -27.387280
v 27.675230 335.263158 -21.955594
v 23.711878 335.419259 -27.479225
v 21.273945 328.515257 -32.059315
v 30.438701 335.286928 -23.227853
v 28.391166 335.441117 -29.551075
v 27.148008 328.538635 -34.780162
v 33.459686 335.286928 -23.568838
v 33.459686 335.441117 -30.058338
v 33.459686 328.538635 -35.370513
v 36.479329 335.263158 -23.224111
v 38.526738 335.425556 -29.546812
v 39.769507 328.524814 -34.774292
v 39.243274 335.255194 -21.954525
v 43.207478 335.419259 -27.479222
v 45.645420 328.515257 -32.059315
v 41.467715 335.255218 -19.865503
v 47.009336 335.412250 -24.004560
v 50.454603 328.504965 -27.390172
v 42.908682 335.263158 -17.152717
v 49.495976 335.419283 -19.435660
v 51.928987 328.485434 -20.679058
v 43.409193 335.274847 -14.094502
v 50.362861 335.425581 -14.248328
v 52.941434 328.485434 -14.178334
v 42.919336 335.286928 -11.021069
v 49.535562 335.425581 -9.024961
v 51.989074 328.494182 -7.622411
v 41.506574 335.293471 -8.248171
v 47.135398 335.428571 -4.312317
v 49.221719 328.494182 -1.708405
v 39.306416 335.296510 -6.047200
v 43.395669 335.428571 -0.572591
v 44.909264 328.501362 2.982029
v 36.531951 335.296535 -4.638866
v 38.683341 335.428571 1.828466
v 39.479548 328.504965 5.996366
v 33.459689 335.296510 -4.152266
v 33.459686 335.428571 2.655811
v 33.459686 328.504965 7.034570
v 30.387417 335.296535 -4.638867
v 28.236919 335.419283 1.825628
v 27.442482 328.484086 5.987204
v 27.613280 335.293471 -6.047690
v 23.525401 335.419283 -0.575018
v 22.014288 328.484086 2.975548
v 25.413774 335.286928 -8.248955
v 19.788090 335.412250 -4.315456
v 17.704587 328.473426 -1.714133
v 24.003298 335.268329 -11.022347
v 17.390905 335.401664 -9.027478
v 14.940966 328.467030 -7.626497
v 23.513793 335.255218 -14.094739
v 16.566749 335.392793 -14.248616
v 13.986394 328.464923 -14.178568
v 10.085804 252.175622 -22.972875
v 8.863171 252.119211 -15.388658
v 10.065135 252.109359 -7.788295
v 13.559097 252.109359 -0.931020
v 19.001055 252.109359 4.510943
v 25.857790 252.100586 8.005694
v 33.459686 252.509903 9.218736
v 41.064442 252.509903 8.014260
v 47.924012 252.518161 4.518541
v 53.368131 252.518161 -0.925570
v 56.863476 252.518161 -7.785555
v 58.065915 252.527988 -15.388921
v 56.841734 252.527939 -22.975761
v 53.278557 252.574328 -29.733786
v 47.759880 252.656569 -34.932776
v 40.905655 252.763486 -38.049917
v 33.459686 252.880476 -38.853568
v 26.011860 252.970853 -38.055710
v 19.159481 252.657794 -34.932776
v 13.644632 252.374632 -29.730879
v 9.407496 281.071015 -23.858525
v 8.107894 281.034771 -16.071870
v 9.350145 281.032639 -8.238594
v 12.953385 281.036217 -1.173411
v 18.560981 281.036217 4.434190
v 25.627367 281.034208 8.032927
v 33.459686 281.250788 10.504872
v 41.291998 281.250788 9.222998
v 48.358373 281.252797 5.504354
v 53.965981 281.252797 -0.290207
v 57.569224 281.249219 -7.590928
v 58.811479 281.251351 -15.685429
v 57.511863 281.257821 -23.730764
v 53.764258 281.305852 -30.805941
v 48.035454 281.386353 -36.146959
v 41.011118 281.485821 -39.257009
v 33.459686 281.590582 -39.943009
v 25.908244 281.596316 -38.899504
v 18.883909 281.386990 -35.883506
v 13.155092 281.200086 -30.708985
v 33.459686 31.693655 -13.922687
v 33.459686 170.435378 -13.956464
v 14.115503 123.472033 -21.934584
v 13.077105 123.472033 -15.670735
v 14.074699 123.472033 -9.372173
v 16.969836 123.472033 -3.690159
v 21.479104 123.472033 0.819112
v 27.161118 123.472033 3.714246
v 33.459686 123.472033 4.711841
v 39.758246 123.472033 3.714249
v 45.440257 123.472033 0.819114
v 49.949532 123.472033 -3.690155
v 52.844668 123.472033 -9.372171
v 53.842265 123.472033 -15.670735
v 52.803860 123.472033 -21.934584
v 49.810407 123.472033 -27.464252
v 45.221018 123.472033 -31.672326
v 39.569039 123.472033 -34.167250
v 33.459686 123.472033 -34.788199
v 27.350326 123.472033 -34.167250
v 21.698344 123.472033 -31.672326
v 17.108945 123.472033 -27.464252
v 17.262998 96.047636 -19.257167
v 16.496061 95.941258 -13.961256
v 17.324116 95.933502 -8.719653
v 19.733955 95.933502 -3.990088
v 23.487355 95.933502 -0.236685
v 28.216919 95.933502 2.173149
v 33.459686 95.933502 3.003523
v 38.702446 95.933502 2.173151
v 43.432007 95.933502 -0.236684
v 47.185414 95.933502 -3.990085
v 49.595255 95.933502 -8.719651
v 50.423310 95.941258 -13.961256
v 49.656365 96.047636 -19.257164
v 47.376539 96.375950 -24.191727
v 43.706699 96.863574 -28.299889
v 38.919743 97.424518 -31.118338
v 33.459686 97.975324 -32.279467
v 27.999622 97.424518 -31.118338
v 23.212666 96.863574 -28.299889
v 19.542817 96.375950 -24.191727
v 19.229081 75.114959 -17.584718
v 18.593053 75.114959 -12.912761
v 19.318280 75.101788 -8.319202
v 21.430290 75.101788 -4.174155
v 24.719814 75.101788 -0.884628
v 28.864169 75.090062 1.228394
v 33.459686 75.090062 1.956252
v 38.055199 75.090062 1.228395
v 42.199549 75.101788 -0.884628
v 45.489078 75.101788 -4.174153
v 47.601090 75.101788 -8.319201
v 48.326317 75.114959 -12.912761
v 47.690284 75.114959 -17.584716
v 45.770880 75.178661 -22.032799
v 42.613828 75.296374 -25.866024
v 38.391982 75.457719 -28.640124
v 33.459686 75.644090 -29.956229
v 28.527383 75.457719 -28.640124
v 24.305539 75.296374 -25.866024
v 21.148476 75.178661 -22.032799
v 18.612426 55.059998 -18.109275
v 17.908416 55.135083 -13.255079
v 18.669550 55.135083 -8.449475
v 20.878446 55.135083 -4.114276
v 24.318877 55.135083 -0.673843
v 28.654077 55.135083 1.535053
v 33.459686 55.135083 2.296187
v 38.265291 55.135083 1.535055
v 42.600484 55.135083 -0.673843
v 46.040922 55.135083 -4.114273
v 48.249819 55.135083 -8.449474
v 49.010953 55.135083 -13.255079
v 48.306936 55.059998 -18.109273
v 46.220985 54.869136 -22.637999
v 42.864063 54.610204 -26.423311
v 38.478483 54.339498 -29.046307
v 33.459686 54.103123 -30.166370
v 28.440882 54.339498 -29.046307
v 24.055302 54.610204 -26.423311
v 20.698370 54.869136 -22.637999
v 17.744378 39.848111 -18.847679
v 19.809976 32.208302 -18.321649
v 25.449932 31.816673 -16.503059
v 20.031963 39.675864 -23.534034
v 21.830916 32.137904 -22.348152
v 26.641227 31.782671 -18.860552
v 23.647299 39.450352 -27.331940
v 24.997035 32.061814 -25.560988
v 28.501168 31.739103 -20.739307
v 28.272593 39.234933 -29.836544
v 29.004550 31.998516 -27.636119
v 30.850649 31.699818 -21.951346
v 33.459686 39.077249 -30.759056
v 33.459686 31.985654 -28.348054
v 33.459686 31.669878 -22.375365
v 38.646772 39.234933 -29.836544
v 37.914812 31.998516 -27.636119
v 36.068710 31.699818 -21.951349
v 43.272066 39.450352 -27.331940
v 41.922324 32.061814 -25.560985
v 38.418190 31.739103 -20.739307
v 46.887393 39.675864 -23.534034
v 45.088442 32.137904 -22.348147
v 40.278132 31.782671 -18.860549
v 49.174984 39.848111 -18.847679
v 47.109386 32.208302 -18.321646
v 41.469427 31.816673 -16.503051
v 49.956169 39.912674 -13.727687
v 47.803261 32.235969 -13.881572
v 41.880459 31.823154 -13.899358
v 49.148775 39.912680 -8.629994
v 47.101238 32.235969 -9.449161
v 41.468315 31.823154 -11.297193
v 46.805618 39.912680 -4.031298
v 45.063882 32.235969 -5.450629
v 40.272235 31.823154 -8.949752
v 43.156068 39.912680 -0.433619
v 41.890623 32.235969 -2.401595
v 38.409292 31.823154 -7.086807
v 38.557379 39.912680 1.801427
v 37.892093 32.235969 -0.495104
v 36.061846 31.823154 -5.916504
v 33.459686 39.912680 2.555568
v 33.459686 32.235969 0.148757
v 33.459689 31.823154 -5.504362
v 28.361989 39.912680 1.798166
v 29.027272 32.235969 -0.495104
v 30.857525 31.823154 -5.916504
v 23.763293 39.912680 -0.437101
v 25.028742 32.235969 -2.401597
v 28.510079 31.823154 -7.086809
v 20.113752 39.912680 -4.031300
v 21.855485 32.235969 -5.467935
v 26.647133 31.823154 -8.949750
v 17.770594 39.912680 -8.629996
v 19.818129 32.235969 -9.449163
v 25.451053 31.823154 -11.297196
v 16.963199 39.912680 -13.727687
v 19.116107 32.235969 -13.881572
v 25.038906 31.823154 -13.899366
v 25.510516 170.435378 -16.662820
v 20.007751 170.435378 -18.571940
v 18.260407 163.565133 -19.520221
v 26.721761 170.435391 -18.945643
v 22.092167 170.435378 -22.405541
v 19.479528 163.565145 -25.038802
v 28.593395 170.435378 -20.703332
v 25.282808 170.435366 -25.319222
v 23.437798 163.565133 -28.876551
v 30.919338 170.435378 -21.770495
v 29.209710 170.435366 -27.052157
v 28.271358 163.565133 -31.106079
v 33.459686 170.435378 -22.057228
v 33.459686 170.435366 -27.477497
v 33.459686 163.565133 -31.591360
v 36.000021 170.435378 -21.770498
v 37.709649 170.435366 -27.052157
v 38.648004 163.565133 -31.106079
v 38.325964 170.435378 -20.703332
v 41.636549 170.435366 -25.319219
v 43.481567 163.565133 -28.876551
v 40.197598 170.435391 -18.945640
v 44.827189 170.435378 -22.405538
v 47.439828 163.565145 -25.038802
v 41.408843 170.435378 -16.662815
v 46.911607 170.435378 -18.571937
v 48.658955 163.565133 -19.520219
v 41.828100 170.435391 -14.090143
v 47.637141 170.435378 -14.220628
v 49.492147 163.565133 -14.170463
v 41.414302 170.435391 -11.505812
v 46.943250 170.435378 -9.839553
v 48.705574 163.565145 -8.776364
v 40.225491 170.435378 -9.174742
v 44.929490 170.435378 -5.887330
v 46.428609 163.565145 -3.910350
v 38.375327 170.435378 -7.324580
v 41.792983 170.435378 -2.750825
v 42.878911 163.565145 -0.053298
v 36.042694 170.435391 -6.140524
v 37.840757 170.435378 -0.737063
v 38.411666 163.565145 2.425206
v 33.459686 170.435378 -5.731413
v 33.459686 170.435378 -0.043168
v 33.459686 163.565145 3.279240
v 30.876674 170.435391 -6.140524
v 29.078605 170.435378 -0.737063
v 28.507699 163.565145 2.425206
v 28.544041 170.435378 -7.324583
v 25.126383 170.435378 -2.750827
v 24.040451 163.565145 -0.053299
v 26.693877 170.435378 -9.174742
v 21.989876 170.435378 -5.887331
v 20.490761 163.565145 -3.910353
v 25.505066 170.435391 -11.505814
v 19.976116 170.435378 -9.839555
v 18.213796 163.565145 -8.776366
v 25.091265 170.435391 -14.090151
v 19.282226 170.435378 -14.220629
v 17.427222 163.565133 -14.170463
v 14.585598 143.518577 -21.296131
v 13.562990 143.518577 -14.950608
v 14.537835 143.518589 -8.561895
v 17.363803 143.518589 -2.798594
v 21.767112 143.518589 1.772653
v 27.312535 143.518589 4.708738
v 33.459686 143.518589 5.720446
v 39.606833 143.518589 4.708741
v 45.152249 143.518589 1.772658
v 49.555568 143.518589 -2.798591
v 52.381537 143.518589 -8.561895
v 53.356381 143.518577 -14.950608
v 52.333764 143.518577 -21.296128
v 50.032066 143.518589 -27.332746
v 45.361744 143.518589 -31.728876
v 39.632582 143.518589 -34.310255
v 33.459686 143.518589 -34.914685
v 27.286780 143.518589 -34.310255
v 21.557618 143.518589 -31.728876
v 16.887285 143.518589 -27.332746
v 28.918250 328.244348 -18.130276
v 33.324758 328.244348 -19.955513
v 37.731269 328.244348 -18.130276
v 39.556504 328.244348 -13.723763
v 37.731269 328.244348 -9.317251
v 33.324758 328.244348 -7.492014
v 28.918250 328.244348 -9.317251
v 27.093008 328.244348 -13.723763
v 25.182585 331.774350 -21.865935
v 33.324758 331.774350 -25.238534
v 41.466921 331.774350 -21.865935
v 44.839521 331.774350 -13.723763
v 41.466921 331.774350 -5.581592
v 33.324758 331.774350 -2.208992
v 25.182585 331.774350 -5.581591
v 21.809986 331.774350 -13.723763
v 22.686499 337.057382 -24.362024
v 33.324758 337.057382 -28.768536
v 43.963018 337.057382 -24.362024
v 48.369532 337.057382 -13.723763
v 43.963018 337.057382 -3.085503
v 33.324758 337.057382 1.321011
v 22.686499 337.057382 -3.085503
v 18.279984 337.057382 -13.723763
v 21.809986 343.289122 -25.238534
v 33.324758 343.289122 -30.008107
v 44.839521 343.289122 -25.238534
v 49.609094 343.289122 -13.723763
v 44.839521 343.289122 -2.208992
v 33.324758 343.289122 2.560580
v 21.809986 343.289122 -2.208992
v 17.040406 343.289122 -13.723763
v 22.686499 349.520863 -24.362024
v 33.324758 349.520863 -28.768536
v 43.963018 349.520863 -24.362024
v 48.369532 349.520863 -13.723763
v 43.963018 349.520863 -3.085503
v 33.324758 349.520863 1.321011
v 22.686499 349.520863 -3.085503
v 18.279984 349.520863 -13.723763
v 25.182585 354.803895 -21.865935
v 33.324758 354.803895 -25.238534
v 41.466921 354.803895 -21.865935
v 44.839521 354.803895 -13.723763
v 41.466921 354.803895 -5.581592
v 33.324758 354.803895 -2.208992
v 25.182585 354.803895 -5.581591
v 21.809986 354.803895 -13.723763
v 28.918250 358.333897 -18.130276
v 33.324758 358.333897 -19.955513
v 37.731269 358.333897 -18.130276
v 39.556504 358.333897 -13.723763
v 37.731269 358.333897 -9.317251
v 33.324758 358.333897 -7.492014
v 28.918250 358.333897 -9.317251
v 27.093008 358.333897 -13.723763
v 33.324758 327.004783 -13.723763
v 33.324758 359.573462 -13.723763
v 29.640533 13.943690 -17.700658
v 33.324758 13.943690 -19.226713
v 37.008980 13.943690 -17.700658
v 38.535036 13.943690 -14.016433
v 37.008980 13.943690 -10.384073
v 33.324758 13.943690 -8.904338
v 29.640533 13.943690 -10.384072
v 28.114474 13.943690 -14.016433
v 26.517198 16.895080 -20.823992
v 33.324758 16.895080 -23.643775
v 40.132309 16.895080 -20.823992
v 42.952093 16.895080 -14.016433
v 40.132309 16.895080 -7.339853
v 33.324758 16.895080 -4.719019
v 26.517198 16.895080 -7.339852
v 23.697413 16.895080 -14.016433
v 24.430254 21.312142 -22.910938
v 33.324758 21.312142 -26.595162
v 42.219261 21.312142 -22.910938
v 45.903485 21.312142 -14.016433
v 42.219261 21.312142 -5.285163
v 33.324758 21.312142 -1.922369
v 24.430254 21.312142 -5.285163
v 20.746027 21.312142 -14.016433
v 23.697413 26.522423 -23.643775
v 33.324758 26.522423 -27.631552
v 42.952093 26.522423 -23.643775
v 46.939868 26.522423 -14.016433
v 42.952093 26.522423 -4.513311
v 33.324758 26.522423 -0.827198
v 23.697413 26.522423 -4.513311
v 19.709632 26.522423 -14.016433
v 24.430254 31.732704 -22.910938
v 33.324758 31.732704 -26.595162
v 42.219261 31.732704 -22.910938
v 45.903485 31.732704 -14.016433
v 42.219261 31.732704 -5.147709
v 33.324758 31.732704 -1.642996
v 24.430254 31.732704 -5.147709
v 20.746027 31.732704 -14.016433
v 26.517198 36.149765 -20.823992
v 33.324758 36.149765 -23.643775
v 40.132309 36.149765 -20.823992
v 42.952093 36.149765 -14.016433
v 40.132309 36.149765 -7.208874
v 33.324758 36.149765 -4.406394
v 26.517198 36.149765 -7.208874
v 23.697413 36.149765 -14.016433
v 29.640533 39.101151 -17.700658
v 33.324758 39.101151 -19.226713
v 37.008980 39.101151 -17.700658
v 38.535036 39.101151 -14.016433
v 37.008980 39.101151 -10.332209
v 33.324758 39.101151 -8.806152
v 29.640533 39.101151 -10.332208
v 28.114474 39.101151 -14.016433
v 33.324758 12.907299 -14.016433
v 33.324758 40.137543 -14.016433
v 14.217321 3.420670 -35.885987
v 17.020765 7.210712 -35.885987
v 21.387231 10.218506 -35.885987
v 26.889297 12.149628 -35.885987
v 32.988382 12.815046 -35.885987
v 39.087468 12.149628 -35.885987
v 44.589534 10.218503 -35.885987
v 48.955996 7.210710 -35.885987
v 51.759439 3.420667 -35.885987
v 52.725436 -0.442309 -35.885987
v 13.251335 -0.780628 -35.885987
v 17.870790 6.071650 47.873834
v 20.128590 11.606047 48.049508
v 23.645196 15.998172 48.256421
v 28.076380 18.818088 48.419842
v 32.988382 19.789763 48.481560
v 37.900388 18.818087 48.419842
v 42.331567 15.998167 48.256421
v 45.848170 11.606043 48.049508
v 48.105972 6.071647 47.873834
v 48.883959 -0.442302 47.792040
v 17.092815 -0.063278 47.792040
v 32.988382 -0.780628 -39.285396
v 32.988382 -0.442301 58.232832
v 14.217321 4.313940 -28.882815
v 13.251335 -0.937198 -28.882815
v 52.725436 -0.442311 -28.882815
v 51.759439 4.313938 -28.882815
v 48.955996 9.051054 -28.882815
v 44.589534 12.810448 -28.882815
v 39.087468 15.224135 -28.882815
v 32.988382 16.055827 -28.882815
v 26.889297 15.224135 -28.882815
v 21.387231 12.810453 -28.882815
v 17.020765 9.051058 -28.882815
v 14.217321 4.313940 -8.197415
v 13.251335 -0.937198 -8.197415
v 52.725436 -0.442311 -8.197415
v 51.759439 4.313938 -8.197415
v 48.955996 9.051054 -8.210996
v 44.589534 12.810448 -8.213802
v 39.087468 15.224135 -8.213802
v 32.988382 16.055827 -8.213802
v 26.889297 15.224135 -8.213802
v 21.387231 12.810453 -8.213802
v 17.020765 9.051058 -8.210996
v 14.217321 7.015055 12.226936
v 13.251335 -0.602500 12.193632
v 52.725436 -0.442308 12.193632
v 51.759439 7.015050 12.226936
v 48.955996 13.886946 12.320583
v 44.589534 19.340510 12.435715
v 39.087468 22.841920 12.527450
v 32.988382 24.048418 12.562110
v 26.889297 22.841922 12.527450
v 21.387231 19.340516 12.435715
v 17.020765 13.886950 12.320583
v 12.047762 8.062824 23.024365
v 10.970124 -0.435167 22.954089
v 55.006653 -0.442306 22.954089
v 53.928996 8.062819 23.024365
v 50.801532 15.728971 23.205415
v 45.930395 21.812858 23.424397
v 39.792401 25.718959 23.597766
v 32.988382 27.064894 23.663104
v 26.184363 25.718959 23.597766
v 20.046369 21.812866 23.424397
v 15.175233 15.728977 23.205415
v 11.116494 8.928500 34.296695
v 9.990932 0.052587 34.166343
v 55.985840 -0.442301 34.166343
v 54.860263 8.928497 34.296695
v 51.593720 16.935571 34.580779
v 46.505948 23.290023 34.912357
v 40.094990 27.369820 35.171323
v 32.988382 28.775636 35.268426
v 25.881778 27.369820 35.171323
v 19.470815 23.290029 34.912357
v 14.383044 16.935576 34.580779
v 41.494726 -0.442302 54.610499
v 41.078401 3.240654 54.642381
v 39.870160 6.202326 54.702132
v 37.988289 8.552725 54.770778
v 35.616990 10.061774 54.824672
v 32.988382 10.581755 54.845005
v 30.359775 10.061775 54.824672
v 27.988475 8.552728 54.770778
v 26.106601 6.202329 54.702132
v 24.898370 3.240656 54.642381
v 24.482040 -0.042385 54.610499
v 52.993453 -0.442302 42.107359
v 52.014334 7.678610 42.221037
v 49.172828 14.643818 42.470933
v 44.747074 20.171443 42.765223
v 39.170294 23.720393 42.996789
v 32.988382 24.943279 43.083998
v 26.806477 23.720402 42.996789
v 21.229692 20.171448 42.765223
v 16.803932 14.643825 42.470933
v 13.962431 7.678612 42.221037
v 12.983317 -0.042385 42.107359
v 29.402835 163.883951 -17.645684
v 33.324755 163.883951 -19.270197
v 37.246674 163.883951 -17.645684
v 38.871185 163.883951 -13.723763
v 37.246674 163.883951 -9.801842
v 33.324755 163.883951 -8.177330
v 29.402835 163.883951 -9.801842
v 27.778319 163.883951 -13.723763
v 26.077991 167.025760 -20.970527
v 33.324755 167.025760 -23.972234
v 40.571513 167.025760 -20.970527
v 43.573221 167.025760 -13.723763
v 40.571513 167.025760 -6.477000
v 33.324755 167.025760 -3.475290
v 26.077991 167.025760 -6.476999
v 23.076281 167.025760 -13.723763
v 23.856402 171.727802 -23.192118
v 33.324755 171.727802 -27.114037
v 42.793107 171.727802 -23.192118
v 46.715030 171.727802 -13.723763
v 42.793107 171.727802 -4.255410
v 33.324755 171.727802 -0.333488
v 23.856402 171.727802 -4.255410
v 19.934480 171.727802 -13.723763
v 23.076281 177.274232 -23.972234
v 33.324755 177.274232 -28.217290
v 43.573221 177.274232 -23.972234
v 47.818277 177.274232 -13.723763
v 43.573221 177.274232 -3.475290
v 33.324755 177.274232 0.769764
v 23.076281 177.274232 -3.475290
v 18.831219 177.274232 -13.723763
v 23.856402 182.820662 -23.192118
v 33.324755 182.820662 -27.114037
v 42.793107 182.820662 -23.192118
v 46.715030 182.820662 -13.723763
v 42.793107 182.820662 -4.255410
v 33.324755 182.820662 -0.333488
v 23.856402 182.820662 -4.255410
v 19.934480 182.820662 -13.723763
v 26.077991 187.522704 -20.970527
v 33.324755 187.522704 -23.972234
v 40.571513 187.522704 -20.970527
v 43.573221 187.522704 -13.723763
v 40.571513 187.522704 -6.477000
v 33.324755 187.522704 -3.475290
v 26.077991 187.522704 -6.476999
v 23.076281 187.522704 -13.723763
v 29.402835 190.664501 -17.645684
v 33.324755 190.664501 -19.270197
v 37.246674 190.664501 -17.645684
v 38.871185 190.664501 -13.723763
v 37.246674 190.664501 -9.801842
v 33.324755 190.664501 -8.177330
v 29.402835 190.664501 -9.801842
v 27.778319 190.664501 -13.723763
v 33.324755 162.780698 -13.723763
v 33.324755 191.767766 -13.723763
v -33.459686 181.004824 -13.924636
v -33.459686 334.977031 -13.939890
v -10.171163 309.981037 -24.196247
v -8.874721 309.967118 -16.673860
v -10.082675 309.972828 -9.077977
v -13.578861 309.979739 -2.229074
v -19.015417 309.979739 3.207484
v -25.867191 309.984640 6.694145
v -33.459686 309.995471 10.295020
v -41.055035 309.995471 9.011777
v -47.909646 309.991060 5.291462
v -53.348361 309.991060 -0.510089
v -56.845924 309.984150 -7.818808
v -58.054361 309.978440 -15.924657
v -56.756344 309.991060 -23.951615
v -53.046441 310.037915 -30.924573
v -47.447075 310.111873 -36.091044
v -40.668983 310.198034 -39.009666
v -33.459686 310.284343 -39.537353
v -26.248589 310.205190 -38.321690
v -19.472288 310.111873 -35.579754
v -13.876704 310.032328 -30.733307
v -12.729071 226.790039 -21.457085
v -11.672363 226.785310 -14.715285
v -12.735197 226.766882 -7.983340
v -15.830387 226.766882 -1.908697
v -20.651246 226.766882 2.912165
v -26.724873 226.750438 6.008836
v -33.459686 226.776929 7.064944
v -40.191226 226.776929 5.998772
v -46.261894 226.793348 2.903605
v -51.080420 226.793348 -1.914914
v -54.174107 226.793348 -7.986608
v -55.237636 226.808786 -14.715286
v -54.182059 226.811702 -21.454407
v -51.079532 226.895536 -27.517515
v -46.219598 227.036957 -32.240448
v -40.122445 227.226483 -35.107930
v -33.459686 227.426743 -35.880333
v -26.797508 227.231262 -35.106131
v -20.699767 227.036957 -32.240448
v -15.833794 226.876912 -27.521892
v -15.400744 202.679297 -20.129648
v -14.442179 202.625434 -14.279773
v -15.372386 202.620496 -8.404016
v -18.073714 202.620496 -3.102371
v -22.282627 202.617616 1.103003
v -27.582703 202.614222 3.805212
v -33.459686 202.614222 4.736036
v -39.336665 202.614222 3.805213
v -44.636734 202.617616 1.103005
v -48.845657 202.620496 -3.102369
v -51.546988 202.620496 -8.404015
v -52.477195 202.625434 -14.279773
v -51.518623 202.679297 -20.129645
v -48.765557 202.818917 -25.340652
v -44.518639 203.025352 -29.380379
v -39.236979 203.258057 -31.871057
v -33.459686 203.467482 -32.616614
v -27.682386 203.258057 -31.871057
v -22.400726 203.025352 -29.380379
v -18.153800 202.818917 -25.340652
v -16.960981 188.475431 -19.239258
v -19.496276 181.507997 -18.424696
v -25.265849 181.125097 -16.564311
v -19.434294 188.489840 -24.061494
v -21.563660 181.439173 -22.543739
v -26.484523 181.091856 -18.975984
v -23.268737 188.470885 -27.898013
v -24.802544 181.364774 -25.830411
v -28.387208 181.049253 -20.897917
v -28.094508 188.402686 -30.395770
v -28.902162 181.302885 -27.953236
v -30.790687 181.010852 -22.137812
v -33.459686 188.291468 -31.314977
v -33.459686 181.290314 -28.681532
v -33.459686 180.981568 -22.571578
v -38.824857 188.402686 -30.395770
v -38.017203 181.302885 -27.953236
v -36.128672 181.010852 -22.137815
v -43.650628 188.470885 -27.898013
v -42.116815 181.364774 -25.830411
v -38.532150 181.049253 -20.897917
v -47.485062 188.489840 -24.061494
v -45.355697 181.439173 -22.543734
v -40.434836 181.091856 -18.975981
v -49.958384 188.475431 -19.239257
v -47.423088 181.507997 -18.424692
v -41.653510 181.125097 -16.564303
v -50.819712 188.452200 -13.885466
v -48.132910 181.535051 -13.882575
v -42.073989 181.131432 -13.900770
v -49.971985 188.448058 -8.521312
v -47.414753 181.535051 -9.348299
v -41.652376 181.131432 -11.238803
v -47.505886 188.448058 -3.681321
v -45.330573 181.535051 -5.257871
v -40.428804 181.131432 -8.837411
v -43.664841 188.448058 0.159714
v -42.084385 181.535051 -2.011686
v -38.523044 181.131432 -6.931651
v -38.825782 188.441944 2.627167
v -37.993959 181.535051 0.072491
v -36.121648 181.131432 -5.708080
v -33.459686 188.441944 3.477072
v -33.459686 181.535051 0.790649
v -33.459689 181.131432 -5.286466
v -28.093586 188.441944 2.627165
v -28.925406 181.535051 0.072491
v -30.797723 181.131432 -5.708080
v -23.254521 188.448058 0.159714
v -24.834981 181.535051 -2.011688
v -28.396324 181.131432 -6.931653
v -19.413487 188.448058 -3.681323
v -21.588794 181.535051 -5.257871
v -26.490564 181.131432 -8.837411
v -16.947385 188.448058 -8.521313
v -19.504615 181.535051 -9.348300
v -25.266996 181.131432 -11.238805
v -16.099659 188.452200 -13.885466
v -18.786458 181.535051 -13.882576
v -24.845378 181.131432 -13.900778
v -24.014687 335.240270 -17.151691
v -17.431239 335.392793 -19.433353
v -14.998393 328.464923 -20.676473
v -25.453219 335.244583 -19.864492
v -19.912668 335.401664 -24.002748
v -16.468627 328.494182 -27.387280
v -27.675230 335.263158 -21.955594
v -23.711878 335.419259 -27.479225
v -21.273945 328.515257 -32.059315
v -30.438701 335.286928 -23.227853
v -28.391166 335.441117 -29.551075
v -27.148008 328.538635 -34.780162
v -33.459686 335.286928 -23.568838
v -33.459686 335.441117 -30.058338
v -33.459686 328.538635 -35.370513
v -36.479329 335.263158 -23.224111
v -38.526738 335.425556 -29.546812
v -39.769507 328.524814 -34.774292
v -39.243274 335.255194 -21.954525
v -43.207478 335.419259 -27.479222
v -45.645420 328.515257 -32.059315
v -41.467715 335.255218 -19.865503
v -47.009336 335.412250 -24.004560
v -50.454603 328.504965 -27.390172
v -42.908682 335.263158 -17.152717
v -49.495976 335.419283 -19.435660
v -51.928987 328.485434 -20.679058
v -43.409193 335.274847 -14.094502
v -50.362861 335.425581 -14.248328
v -52.941434 328.485434 -14.178334
v -42.919336 335.286928 -11.021069
v -49.535562 335.425581 -9.024961
v -51.989074 328.494182 -7.622411
v -41.506574 335.293471 -8.248171
v -47.135398 335.428571 -4.312317
v -49.221719 328.494182 -1.708405
v -39.306416 335.296510 -6.047200
v -43.395669 335.428571 -0.572591
v -44.909264 328.501362 2.982029
v -36.531951 335.296535 -4.638866
v -38.683341 335.428571 1.828466
v -39.479548 328.504965 5.996366
v -33.459689 335.296510 -4.152266
v -33.459686 335.428571 2.655811
v -33.459686 328.504965 7.034570
v -30.387417 335.296535 -4.638867
v -28.236919 335.419283 1.825628
v -27.442482 328.484086 5.987204
v -27.613280 335.293471 -6.047690
v -23.525401 335.419283 -0.575018
v -22.014288 328.484086 2.975548
v -25.413774 335.286928 -8.248955
v -19.788090 335.412250 -4.315456
v -17.704587 328.473426 -1.714133
v -24.003298 335.268329 -11.022347
v -17.390905 335.401664 -9.027478
v -14.940966 328.467030 -7.626497
v -23.513793 335.255218 -14.094739
v -16.566749 335.392793 -14.248616
v -13.986394 328.464923 -14.178568
v -10.085804 252.175622 -22.972875
v -8.863171 252.119211 -15.388658
v -10.065135 252.109359 -7.788295
v -13.559097 252.109359 -0.931020
v -19.001055 252.109359 4.510943
v -25.857790 252.100586 8.005694
v -33.459686 252.509903 9.218736
v -41.064442 252.509903 8.014260
v -47.924012 252.518161 4.518541
v -53.368131 252.518161 -0.925570
v -56.863476 252.518161 -7.785555
v -58.065915 252.527988 -15.388921
v -56.841734 252.527939 -22.975761
v -53.278557 252.574328 -29.733786
v -47.759880 252.656569 -34.932776
v -40.905655 252.763486 -38.049917
v -33.459686 252.880476 -38.853568
v -26.011860 252.970853 -38.055710
v -19.159481 252.657794 -34.932776
v -13.644632 252.374632 -29.730879
v -9.407496 281.071015 -23.858525
v -8.107894 281.034771 -16.071870
v -9.350145 281.032639 -8.238594
v -12.953385 281.036217 -1.173411
v -18.560981 281.036217 4.434190
v -25.627367 281.034208 8.032927
v -33.459686 281.250788 10.504872
v -41.291998 281.250788 9.222998
v -48.358373 281.252797 5.504354
v -53.965981 281.252797 -0.290207
v -57.569224 281.249219 -7.590928
v -58.811479 281.251351 -15.685429
v -57.511863 281.257821 -23.730764
v -53.764258 281.305852 -30.805941
v -48.035454 281.386353 -36.146959
v -41.011118 281.485821 -39.257009
v -33.459686 281.590582 -39.943009
v -25.908244 281.596316 -38.899504
v -18.883909 281.386990 -35.883506
v -13.155092 281.200086 -30.708985
v -33.459686 31.693655 -13.922687
v -33.459686 170.435378 -13.956464
v -14.115503 123.472033 -21.934584
v -13.077105 123.472033 -15.670735
v -14.074699 123.472033 -9.372173
v -16.969836 123.472033 -3.690159
v -21.479104 123.472033 0.819112
v -27.161118 123.472033 3.714246
v -33.459686 123.472033 4.711841
v -39.758246 123.472033 3.714249
v -45.440257 123.472033 0.819114
v -49.949532 123.472033 -3.690155
v -52.844668 123.472033 -9.372171
v -53.842265 123.472033 -15.670735
v -52.803860 123.472033 -21.934584
v -49.810407 123.472033 -27.464252
v -45.221018 123.472033 -31.672326
v -39.569039 123.472033 -34.167250
v -33.459686 123.472033 -34.788199
v -27.350326 123.472033 -34.167250
v -21.698344 123.472033 -31.672326
v -17.108945 123.472033 -27.464252
v -17.262998 96.047636 -19.257167
v -16.496061 95.941258 -13.961256
v -17.324116 95.933502 -8.719653
v -19.733955 95.933502 -3.990088
v -23.487355 95.933502 -0.236685
v -28.216919 95.933502 2.173149
v -33.459686 95.933502 3.003523
v -38.702446 95.933502 2.173151
v -43.432007 95.933502 -0.236684
v -47.185414 95.933502 -3.990085
v -49.595255 95.933502 -8.719651
v -50.423310 95.941258 -13.961256
v -49.656365 96.047636 -19.257164
v -47.376539 96.375950 -24.191727
v -43.706699 96.863574 -28.299889
v -38.919743 97.424518 -31.118338
v -33.459686 97.975324 -32.279467
v -27.999622 97.424518 -31.118338
v -23.212666 96.863574 -28.299889
v -19.542817 96.375950 -24.191727
v -19.229081 75.114959 -17.584718
v -18.593053 75.114959 -12.912761
v -19.318280 75.101788 -8.319202
v -21.430290 75.101788 -4.174155
v -24.719814 75.101788 -0.884628
v -28.864169 75.090062 1.228394
v -33.459686 75.090062 1.956252
v -38.055199 75.090062 1.228395
v -42.199549 75.101788 -0.884628
v -45.489078 75.101788 -4.174153
v -47.601090 75.101788 -8.319201
v -48.326317 75.114959 -12.912761
v -47.690284 75.114959 -17.584716
v -45.770880 75.178661 -22.032799
v -42.613828 75.296374 -25.866024
v -38.391982 75.457719 -28.640124
v -33.459686 75.644090 -29.956229
v -28.527383 75.457719 -28.640124
v -24.305539 75.296374 -25.866024
v -21.148476 75.178661 -22.032799
v -18.612426 55.059998 -18.109275
v -17.908416 55.135083 -13.255079
v -18.669550 55.135083 -8.449475
v -20.878446 55.135083 -4.114276
v -24.318877 55.135083 -0.673843
v -28.654077 55.135083 1.535053
v -33.459686 55.135083 2.296187
v -38.265291 55.135083 1.535055
v -42.600484 55.135083 -0.673843
v -46.040922 55.135083 -4.114273
v -48.249819 55.135083 -8.449474
v -49.010953 55.135083 -13.255079
v -48.306936 55.059998 -18.109273
v -46.220985 54.869136 -22.637999
v -42.864063 54.610204 -26.423311
v -38.478483 54.339498 -29.046307
v -33.459686 54.103123 -30.166370
v -28.440882 54.339498 -29.046307
v -24.055302 54.610204 -26.423311
v -20.698370 54.869136 -22.637999
v -17.744378 39.848111 -18.847679
v -19.809976 32.208302 -18.321649
v -25.449932 31.816673 -16.503059
v -20.031963 39.675864 -23.534034
v -21.830916 32.137904 -22.348152
v -26.641227 31.782671 -18.860552
v -23.647299 39.450352 -27.331940
v -24.997035 32.061814 -25.560988
v -28.501168 31.739103 -20.739307
v -28.272593 39.234933 -29.836544
v -29.004550 31.998516 -27.636119
v -30.850649 31.699818 -21.951346
v -33.459686 39.077249 -30.759056
v -33.459686 31.985654 -28.348054
v -33.459686 31.669878 -22.375365
v -38.646772 39.234933 -29.836544
v -37.914812 31.998516 -27.636119
v -36.068710 31.699818 -21.951349
v -43.272066 39.450352 -27.331940
v -41.922324 32.061814 -25.560985
v -38.418190 31.739103 -20.739307
v -46.887393 39.675864 -23.534034
v -45.088442 32.137904 -22.348147
v -40.278132 31.782671 -18.860549
v -49.174984 39.848111 -18.847679
v -47.109386 32.208302 -18.321646
v -41.469427 31.816673 -16.503051
v -49.956169 39.912674 -13.727687
v -47.803261 32.235969 -13.881572
v -41.880459 31.823154 -13.899358
v -49.148775 39.912680 -8.629994
v -47.101238 32.235969 -9.449161
v -41.468315 31.823154 -11.297193
v -46.805618 39.912680 -4.031298
v -45.063882 32.235969 -5.450629
v -40.272235 31.823154 -8.949752
v -43.156068 39.912680 -0.422521
v -41.890623 32.235969 -2.400337
v -38.409292 31.823154 -7.086807
v -38.557379 39.912680 1.801427
v -37.892093 32.235969 -0.495104
v -36.061846 31.823154 -5.923715
v -33.459686 39.912680 2.555568
v -33.459686 32.235969 0.148757
v -33.459689 31.823154 -5.511573
v -28.361989 39.912680 1.789143
v -29.027272 32.235969 -0.495104
v -30.857525 31.823154 -5.923716
v -23.763293 39.912680 -0.437101
v -25.028742 32.235969 -2.400338
v -28.510079 31.823154 -7.086809
v -20.113752 39.912680 -4.031300
v -21.855485 32.235969 -5.470072
v -26.647133 31.823154 -8.949750
v -17.770594 39.912680 -8.629996
v -19.818129 32.235969 -9.449163
v -25.451053 31.823154 -11.297196
v -16.963199 39.912680 -13.727687
v -19.116107 32.235969 -13.881572
v -25.038906 31.823154 -13.899366
v -25.510516 170.435378 -16.662820
v -20.007751 170.435378 -18.571940
v -18.260407 163.565133 -19.520221
v -26.721761 170.435391 -18.945643
v -22.092167 170.435378 -22.405541
v -19.479528 163.565145 -25.038802
v -28.593395 170.435378 -20.703332
v -25.282808 170.435366 -25.319222
v -23.437798 163.565133 -28.876551
v -30.919338 170.435378 -21.770495
v -29.209710 170.435366 -27.052157
v -28.271358 163.565133 -31.106079
v -33.459686 170.435378 -22.057228
v -33.459686 170.435366 -27.477497
v -33.459686 163.565133 -31.591360
v -36.000021 170.435378 -21.770498
v -37.709649 170.435366 -27.052157
v -38.648004 163.565133 -31.106079
v -38.325964 170.435378 -20.703332
v -41.636549 170.435366 -25.319219
v -43.481567 163.565133 -28.876551
v -40.197598 170.435391 -18.945640
v -44.827189 170.435378 -22.405538
v -47.439828 163.565145 -25.038802
v -41.408843 170.435378 -16.662815
v -46.911607 170.435378 -18.571937
v -48.658955 163.565133 -19.520219
v -41.828100 170.435391 -14.090143
v -47.637141 170.435378 -14.220628
v -49.492147 163.565133 -14.170463
v -41.414302 170.435391 -11.505812
v -46.943250 170.435378 -9.839553
v -48.705574 163.565145 -8.776364
v -40.225491 170.435378 -9.174742
v -44.929490 170.435378 -5.887330
v -46.428609 163.565145 -3.910350
v -38.375327 170.435378 -7.324580
v -41.792983 170.435378 -2.750825
v -42.878911 163.565145 -0.053298
v -36.042694 170.435391 -6.140524
v -37.840757 170.435378 -0.737063
v -38.411666 163.565145 2.425206
v -33.459686 170.435378 -5.731413
v -33.459686 170.435378 -0.043168
v -33.459686 163.565145 3.279240
v -30.876674 170.435391 -6.140524
v -29.078605 170.435378 -0.737063
v -28.507699 163.565145 2.425206
v -28.544041 170.435378 -7.324583
v -25.126383 170.435378 -2.750827
v -24.040451 163.565145 -0.053299
v -26.693877 170.435378 -9.174742
v -21.989876 170.435378 -5.887331
v -20.490761 163.565145 -3.910353
v -25.505066 170.435391 -11.505814
v -19.976116 170.435378 -9.839555
v -18.213796 163.565145 -8.776366
v -25.091265 170.435391 -14.090151
v -19.282226 170.435378 -14.220629
v -17.427222 163.565133 -14.170463
v -14.585598 143.518577 -21.296131
v -13.562990 143.518577 -14.950608
v -14.537835 143.518589 -8.561895
v -17.363803 143.518589 -2.798594
v -21.767112 143.518589 1.772653
v -27.312535 143.518589 4.708738
v -33.459686 143.518589 5.720446
v -39.606833 143.518589 4.708741
v -45.152249 143.518589 1.772658
v -49.555568 143.518589 -2.798591
v -52.381537 143.518589 -8.561895
v -53.356381 143.518577 -14.950608
v -52.333764 143.518577 -21.296128
v -50.032066 143.518589 -27.332746
v -45.361744 143.518589 -31.728876
v -39.632582 143.518589 -34.310255
v -33.459686 143.518589 -34.914685
v -27.286780 143.518589 -34.310255
v -21.557618 143.518589 -31.728876
v -16.887285 143.518589 -27.332746
v -29.640533 13.943690 -17.700658
v -33.324758 13.943690 -19.226713
v -37.008980 13.943690 -17.700658
v -38.535036 13.943690 -14.016433
v -37.008980 13.943690 -10.372974
v -33.324758 13.943690 -8.904338
v -29.640533 13.943690 -10.372973
v -28.114474 13.943690 -14.016433
v -26.517198 16.895080 -20.823992
v -33.324758 16.895080 -23.643775
v -40.132309 16.895080 -20.823992
v -42.952093 16.895080 -14.016433
v -40.132309 16.895080 -7.339853
v -33.324758 16.895080 -4.719019
v -26.517198 16.895080 -7.339852
v -23.697413 16.895080 -14.016433
v -24.430254 21.312142 -22.910938
v -33.324758 21.312142 -26.595162
v -42.219261 21.312142 -22.910938
v -45.903485 21.312142 -14.016433
v -42.219261 21.312142 -5.294186
v -33.324758 21.312142 -1.922369
v -24.430254 21.312142 -5.294186
v -20.746027 21.312142 -14.016433
v -23.697413 26.522423 -23.643775
v -33.324758 26.522423 -27.631552
v -42.952093 26.522423 -23.643775
v -46.939868 26.522423 -14.016433
v -42.952093 26.522423 -4.512053
v -33.324758 26.522423 -0.827198
v -23.697413 26.522423 -4.512053
v -19.709632 26.522423 -14.016433
v -24.430254 31.732704 -22.910938
v -33.324758 31.732704 -26.595162
v -42.219261 31.732704 -22.910938
v -45.903485 31.732704 -14.016433
v -42.219261 31.732704 -5.154920
v -33.324758 31.732704 -1.642996
v -24.430254 31.732704 -5.154920
v -20.746027 31.732704 -14.016433
v -26.517198 36.149765 -20.823992
v -33.324758 36.149765 -23.643775
v -40.132309 36.149765 -20.823992
v -42.952093 36.149765 -14.016433
v -40.132309 36.149765 -7.208874
v -33.324758 36.149765 -4.408532
v -26.517198 36.149765 -7.208874
v -23.697413 36.149765 -14.016433
v -29.640533 39.101151 -17.700658
v -33.324758 39.101151 -19.226713
v -37.008980 39.101151 -17.700658
v -38.535036 39.101151 -14.016433
v -37.008980 39.101151 -10.332209
v -33.324758 39.101151 -8.806152
v -29.640533 39.101151 -10.332208
v -28.114474 39.101151 -14.016433
v -33.324758 12.907299 -14.016433
v -33.324758 40.137543 -14.016433
v -14.217321 3.420670 -35.885987
v -17.020765 7.210712 -35.885987
v -21.387231 10.218506 -35.885987
v -26.889297 12.149628 -35.885987
v -32.988382 12.815046 -35.885987
v -39.087468 12.149628 -35.885987
v -44.589534 10.218503 -35.885987
v -48.955996 7.210710 -35.885987
v -51.759439 3.420667 -35.885987
v -52.725436 -0.442309 -35.885987
v -13.251335 -0.780628 -35.885987
v -17.870790 6.071650 47.873834
v -20.128590 11.606047 48.049508
v -23.645196 15.998172 48.256421
v -28.076380 18.818088 48.419842
v -32.988382 19.789763 48.481560
v -37.900388 18.818087 48.419842
v -42.331567 15.998167 48.256421
v -45.848170 11.606043 48.049508
v -48.105972 6.071647 47.873834
v -48.883959 -0.442302 47.792040
v -17.092815 -0.063278 47.792040
v -32.988382 -0.780628 -39.285396
v -32.988382 -0.442301 58.232832
v -14.217321 4.313940 -28.882815
v -13.251335 -0.937198 -28.882815
v -52.725436 -0.442311 -28.882815
v -51.759439 4.313938 -28.882815
v -48.955996 9.051054 -28.882815
v -44.589534 12.810448 -28.882815
v -39.087468 15.224135 -28.882815
v -32.988382 16.055827 -28.882815
v -26.889297 15.224135 -28.882815
v -21.387231 12.810453 -28.882815
v -17.020765 9.051058 -28.882815
v -14.217321 4.313940 -8.197415
v -13.251335 -0.937198 -8.197415
v -52.725436 -0.442311 -8.197415
v -51.759439 4.313938 -8.197415
v -48.955996 9.051054 -8.210996
v -44.589534 12.810448 -8.213802
v -39.087468 15.224135 -8.213802
v -32.988382 16.055827 -8.213802
v -26.889297 15.224135 -8.213802
v -21.387231 12.810453 -8.213802
v -17.020765 9.051058 -8.210996
v -14.217321 7.015055 12.226936
v -13.251335 -0.602500 12.193632
v -52.725436 -0.442308 12.193632
v -51.759439 7.015050 12.226936
v -48.955996 13.886946 12.320583
v -44.589534 19.340510 12.435715
v -39.087468 22.841920 12.527450
v -32.988382 24.048418 12.562110
v -26.889297 22.841922 12.527450
v -21.387231 19.340516 12.435715
v -17.020765 13.886950 12.320583
v -12.047762 8.062824 23.024365
v -10.970124 -0.435167 22.954089
v -55.006653 -0.442306 22.954089
v -53.928996 8.062819 23.024365
v -50.801532 15.728971 23.205415
v -45.930395 21.812858 23.424397
v -39.792401 25.718959 23.597766
v -32.988382 27.064894 23.663104
v -26.184363 25.718959 23.597766
v -20.046369 21.812866 23.424397
v -15.175233 15.728977 23.205415
v -11.116494 8.928500 34.296695
v -9.990932 0.052587 34.166343
v -55.985840 -0.442301 34.166343
v -54.860263 8.928497 34.296695
v -51.593720 16.935571 34.580779
v -46.505948 23.290023 34.912357
v -40.094990 27.369820 35.171323
v -32.988382 28.775636 35.268426
v -25.881778 27.369820 35.171323
v -19.470815 23.290029 34.912357
v -14.383044 16.935576 34.580779
v -41.494726 -0.442302 54.610499
v -41.078401 3.240654 54.642381
v -39.870160 6.202326 54.702132
v -37.988289 8.552725 54.770778
v -35.616990 10.061774 54.824672
v -32.988382 10.581755 54.845005
v -30.359775 10.061775 54.824672
v -27.988475 8.552728 54.770778
v -26.106601 6.202329 54.702132
v -24.898370 3.240656 54.642381
v -24.482040 -0.042385 54.610499
v -52.993453 -0.442302 42.107359
v -52.014334 7.678610 42.221037
v -49.172828 14.643818 42.470933
v -44.747074 20.171443 42.765223
v -39.170294 23.720393 42.996789
v -32.988382 24.943279 43.083998
v -26.806477 23.720402 42.996789
v -21.229692 20.171448 42.765223
v -16.803932 14.643825 42.470933
v -13.962431 7.678612 42.221037
v -12.983317 -0.042385 42.107359
v -29.402835 163.883951 -17.645684
v -33.324755 163.883951 -19.270197
v -37.246674 163.883951 -17.645684
v -38.871185 163.883951 -13.723763
v -37.246674 163.883951 -9.801842
v -33.324755 163.883951 -8.177330
v -29.402835 163.883951 -9.801842
v -27.778319 163.883951 -13.723763
v -26.077991 167.025760 -20.970527
v -33.324755 167.025760 -23.972234
v -40.571513 167.025760 -20.970527
v -43.573221 167.025760 -13.723763
v -40.571513 167.025760 -6.477000
v -33.324755 167.025760 -3.475290
v -26.077991 167.025760 -6.476999
v -23.076281 167.025760 -13.723763
v -23.856402 171.727802 -23.192118
v -33.324755 171.727802 -27.114037
v -42.793107 171.727802 -23.192118
v -46.715030 171.727802 -13.723763
v -42.793107 171.727802 -4.255410
v -33.324755 171.727802 -0.333488
v -23.856402 171.727802 -4.255410
v -19.934480 171.727802 -13.723763
v -23.076281 177.274232 -23.972234
v -33.324755 177.274232 -28.217290
v -43.573221 177.274232 -23.972234
v -47.818277 177.274232 -13.723763
v -43.573221 177.274232 -3.475290
v -33.324755 177.274232 0.769764
v -23.076281 177.274232 -3.475290
v -18.831219 177.274232 -13.723763
v -23.856402 182.820662 -23.192118
v -33.324755 182.820662 -27.114037
v -42.793107 182.820662 -23.192118
v -46.715030 182.820662 -13.723763
v -42.793107 182.820662 -4.255410
v -33.324755 182.820662 -0.333488
v -23.856402 182.820662 -4.255410
v -19.934480 182.820662 -13.723763
v -26.077991 187.522704 -20.970527
v -33.324755 187.522704 -23.972234
v -40.571513 187.522704 -20.970527
v -43.573221 187.522704 -13.723763
v -40.571513 187.522704 -6.477000
v -33.324755 187.522704 -3.475290
v -26.077991 187.522704 -6.476999
v -23.076281 187.522704 -13.723763
v -29.402835 190.664501 -17.645684
v -33.324755 190.664501 -19.270197
v -37.246674 190.664501 -17.645684
v -38.871185 190.664501 -13.723763
v -37.246674 190.664501 -9.801842
v -33.324755 190.664501 -8.177330
v -29.402835 190.664501 -9.801842
v -27.778319 190.664501 -13.723763
v -33.324755 162.780698 -13.723763
v -33.324755 191.767766 -13.723763
v 33.459686 181.004824 -13.924636
v 33.459686 334.977031 -13.939890
v 10.171163 309.981037 -24.196247
v 8.874721 309.967118 -16.673860
v 10.082675 309.972828 -9.077977
v 13.578861 309.979739 -2.229074
v 19.015417 309.979739 3.207484
v 25.867191 309.984640 6.694145
v 33.459686 309.995471 10.295020
v 41.055035 309.995471 9.011777
v 47.909646 309.991060 5.291462
v 53.348361 309.991060 -0.510089
v 56.845924 309.984150 -7.818808
v 58.054361 309.978440 -15.924657
v 56.756344 309.991060 -23.951615
v 53.046441 310.037915 -30.924573
v 47.447075 310.111873 -36.091044
v 40.668983 310.198034 -39.009666
v 33.459686 310.284343 -39.537353
v 26.248589 310.205190 -38.321690
v 19.472288 310.111873 -35.579754
v 13.876704 310.032328 -30.733307
v 12.729071 226.790039 -21.457085
v 11.672363 226.785310 -14.715285
v 12.735197 226.766882 -7.983340
v 15.830387 226.766882 -1.908697
v 20.651246 226.766882 2.912165
v 26.724873 226.750438 6.008836
v 33.459686 226.776929 7.064944
v 40.191226 226.776929 5.998772
v 46.261894 226.793348 2.903605
v 51.080420 226.793348 -1.914914
v 54.174107 226.793348 -7.986608
v 55.237636 226.808786 -14.715286
v 54.182059 226.811702 -21.454407
v 51.079532 226.895536 -27.517515
v 46.219598 227.036957 -32.240448
v 40.122445 227.226483 -35.107930
v 33.459686 227.426743 -35.880333
v 26.797508 227.231262 -35.106131
v 20.699767 227.036957 -32.240448
v 15.833794 226.876912 -27.521892
v 15.400744 202.679297 -20.129648
v 14.442179 202.625434 -14.279773
v 15.372386 202.620496 -8.404016
v 18.073714 202.620496 -3.102371
v 22.282627 202.617616 1.103003
v 27.582703 202.614222 3.805212
v 33.459686 202.614222 4.736036
v 39.336665 202.614222 3.805213
v 44.636734 202.617616 1.103005
v 48.845657 202.620496 -3.102369
v 51.546988 202.620496 -8.404015
v 52.477195 202.625434 -14.279773
v 51.518623 202.679297 -20.129645
v 48.765557 202.818917 -25.340652
v 44.518639 203.025352 -29.380379
v 39.236979 203.258057 -31.871057
v 33.459686 203.467482 -32.616614
v 27.682386 203.258057 -31.871057
v 22.400726 203.025352 -29.380379
v 18.153800 202.818917 -25.340652
v 16.960981 188.475431 -19.239258
v 19.496276 181.507997 -18.424696
v 25.265849 181.125097 -16.564311
v 19.434294 188.489840 -24.061494
v 21.563660 181.439173 -22.543739
v 26.484523 181.091856 -18.975984
v 23.268737 188.470885 -27.898013
v 24.802544 181.364774 -25.830411
v 28.387208 181.049253 -20.897917
v 28.094508 188.402686 -30.395770
v 28.902162 181.302885 -27.953236
v 30.790687 181.010852 -22.137812
v 33.459686 188.291468 -31.314977
v 33.459686 181.290314 -28.681532
v 33.459686 180.981568 -22.571578
v 38.824857 188.402686 -30.395770
v 38.017203 181.302885 -27.953236
v 36.128672 181.010852 -22.137815
v 43.650628 188.470885 -27.898013
v 42.116815 181.364774 -25.830411
v 38.532150 181.049253 -20.897917
v 47.485062 188.489840 -24.061494
v 45.355697 181.439173 -22.543734
v 40.434836 181.091856 -18.975981
v 49.958384 188.475431 -19.239257
v 47.423088 181.507997 -18.424692
v 41.653510 181.125097 -16.564303
v 50.819712 188.452200 -13.885466
v 48.132910 181.535051 -13.882575
v 42.073989 181.131432 -13.900770
v 49.971985 188.448058 -8.521312
v 47.414753 181.535051 -9.348299
v 41.652376 181.131432 -11.238803
v 47.505886 188.448058 -3.681321
v 45.330573 181.535051 -5.257871
v 40.428804 181.131432 -8.837411
v 43.664841 188.448058 0.159714
v 42.084385 181.535051 -2.011686
v 38.523044 181.131432 -6.931651
v 38.825782 188.441944 2.627167
v 37.993959 181.535051 0.072491
v 36.121648 181.131432 -5.708080
v 33.459686 188.441944 3.477072
v 33.459686 181.535051 0.790649
v 33.459689 181.131432 -5.286466
v 28.093586 188.441944 2.627165
v 28.925406 181.535051 0.072491
v 30.797723 181.131432 -5.708080
v 23.254521 188.448058 0.159714
v 24.834981 181.535051 -2.011688
v 28.396324 181.131432 -6.931653
v 19.413487 188.448058 -3.681323
v 21.588794 181.535051 -5.257871
v 26.490564 181.131432 -8.837411
v 16.947385 188.448058 -8.521313
v 19.504615 181.535051 -9.348300
v 25.266996 181.131432 -11.238805
v 16.099659 188.452200 -13.885466
v 18.786458 181.535051 -13.882576
v 24.845378 181.131432 -13.900778
v 24.014687 335.240270 -17.151691
v 17.431239 335.392793 -19.433353
v 14.998393 328.464923 -20.676473
v 25.453219 335.244583 -19.864492
v 19.912668 335.401664 -24.002748
v 16.468627 328.494182 -27.387280
v 27.675230 335.263158 -21.955594
v 23.711878 335.419259 -27.479225
v 21.273945 328.515257 -32.059315
v 30.438701 335.286928 -23.227853
v 28.391166 335.441117 -29.551075
v 27.148008 328.538635 -34.780162
v 33.459686 335.286928 -23.568838
v 33.459686 335.441117 -30.058338
v 33.459686 328.538635 -35.370513
v 36.479329 335.263158 -23.224111
v 38.526738 335.425556 -29.546812
v 39.769507 328.524814 -34.774292
v 39.243274 335.255194 -21.954525
v 43.207478 335.419259 -27.479222
v 45.645420 328.515257 -32.059315
v 41.467715 335.255218 -19.865503
v 47.009336 335.412250 -24.004560
v 50.454603 328.504965 -27.390172
v 42.908682 335.263158 -17.152717
v 49.495976 335.419283 -19.435660
v 51.928987 328.485434 -20.679058
v 43.409193 335.274847 -14.094502
v 50.362861 335.425581 -14.248328
v 52.941434 328.485434 -14.178334
v 42.919336 335.286928 -11.021069
v 49.535562 335.425581 -9.024961
v 51.989074 328.494182 -7.622411
v 41.506574 335.293471 -8.248171
v 47.135398 335.428571 -4.312317
v 49.221719 328.494182 -1.708405
v 39.306416 335.296510 -6.047200
v 43.395669 335.428571 -0.572591
v 44.909264 328.501362 2.982029
v 36.531951 335.296535 -4.638866
v 38.683341 335.428571 1.828466
v 39.479548 328.504965 5.996366
v 33.459689 335.296510 -4.152266
v 33.459686 335.428571 2.655811
v 33.459686 328.504965 7.034570
v 30.387417 335.296535 -4.638867
v 28.236919 335.419283 1.825628
v 27.442482 328.484086 5.987204
v 27.613280 335.293471 -6.047690
v 23.525401 335.419283 -0.575018
v 22.014288 328.484086 2.975548
v 25.413774 335.286928 -8.248955
v 19.788090 335.412250 -4.315456
v 17.704587 328.473426 -1.714133
v 24.003298 335.268329 -11.022347
v 17.390905 335.401664 -9.027478
v 14.940966 328.467030 -7.626497
v 23.513793 335.255218 -14.094739
v 16.566749 335.392793 -14.248616
v 13.986394 328.464923 -14.178568
v 10.085804 252.175622 -22.972875
v 8.863171 252.119211 -15.388658
v 10.065135 252.109359 -7.788295
v 13.559097 252.109359 -0.931020
v 19.001055 252.109359 4.510943
v 25.857790 252.100586 8.005694
v 33.459686 252.509903 9.218736
v 41.064442 252.509903 8.014260
v 47.924012 252.518161 4.518541
v 53.368131 252.518161 -0.925570
v 56.863476 252.518161 -7.785555
v 58.065915 252.527988 -15.388921
v 56.841734 252.527939 -22.975761
v 53.278557 252.574328 -29.733786
v 47.759880 252.656569 -34.932776
v 40.905655 252.763486 -38.049917
v 33.459686 252.880476 -38.853568
v 26.011860 252.970853 -38.055710
v 19.159481 252.657794 -34.932776
v 13.644632 252.374632 -29.730879
v 9.407496 281.071015 -23.858525
v 8.107894 281.034771 -16.071870
v 9.350145 281.032639 -8.238594
v 12.953385 281.036217 -1.173411
v 18.560981 281.036217 4.434190
v 25.627367 281.034208 8.032927
v 33.459686 281.250788 10.504872
v 41.291998 281.250788 9.222998
v 48.358373 281.252797 5.504354
v 53.965981 281.252797 -0.290207
v 57.569224 281.249219 -7.590928
v 58.811479 281.251351 -15.685429
v 57.511863 281.257821 -23.730764
v 53.764258 281.305852 -30.805941
v 48.035454 281.386353 -36.146959
v 41.011118 281.485821 -39.257009
v 33.459686 281.590582 -39.943009
v 25.908244 281.596316 -38.899504
v 18.883909 281.386990 -35.883506
v 13.155092 281.200086 -30.708985
v 33.459686 31.693655 -13.922687
v 33.459686 170.435378 -13.956464
v 14.115503 123.472033 -21.934584
v 13.077105 123.472033 -15.670735
v 14.074699 123.472033 -9.372173
v 16.969836 123.472033 -3.690159
v 21.479104 123.472033 0.819112
v 27.161118 123.472033 3.714246
v 33.459686 123.472033 4.711841
v 39.758246 123.472033 3.714249
v 45.440257 123.472033 0.819114
v 49.949532 123.472033 -3.690155
v 52.844668 123.472033 -9.372171
v 53.842265 123.472033 -15.670735
v 52.803860 123.472033 -21.934584
v 49.810407 123.472033 -27.464252
v 45.221018 123.472033 -31.672326
v 39.569039 123.472033 -34.167250
v 33.459686 123.472033 -34.788199
v 27.350326 123.472033 -34.167250
v 21.698344 123.472033 -31.672326
v 17.108945 123.472033 -27.464252
v 17.262998 96.047636 -19.257167
v 16.496061 95.941258 -13.961256
v 17.324116 95.933502 -8.719653
v 19.733955 95.933502 -3.990088
v 23.487355 95.933502 -0.236685
v 28.216919 95.933502 2.173149
v 33.459686 95.933502 3.003523
v 38.702446 95.933502 2.173151
v 43.432007 95.933502 -0.236684
v 47.185414 95.933502 -3.990085
v 49.595255 95.933502 -8.719651
v 50.423310 95.941258 -13.961256
v 49.656365 96.047636 -19.257164
v 47.376539 96.375950 -24.191727
v 43.706699 96.863574 -28.299889
v 38.919743 97.424518 -31.118338
v 33.459686 97.975324 -32.279467
v 27.999622 97.424518 -31.118338
v 23.212666 96.863574 -28.299889
v 19.542817 96.375950 -24.191727
v 19.229081 75.114959 -17.584718
v 18.593053 75.114959 -12.912761
v 19.318280 75.101788 -8.319202
v 21.430290 75.101788 -4.174155
v 24.719814 75.101788 -0.884628
v 28.864169 75.090062 1.228394
v 33.459686 75.090062 1.956252
v 38.055199 75.090062 1.228395
v 42.199549 75.101788 -0.884628
v 45.489078 75.101788 -4.174153
v 47.601090 75.101788 -8.319201
v 48.326317 75.114959 -12.912761
v 47.690284 75.114959 -17.584716
v 45.770880 75.178661 -22.032799
v 42.613828 75.296374 -25.866024
v 38.391982 75.457719 -28.640124
v 33.459686 75.644090 -29.956229
v 28.527383 75.457719 -28.640124
v 24.305539 75.296374 -25.866024
v 21.148476 75.178661 -22.032799
v 18.612426 55.059998 -18.109275
v 17.908416 55.135083 -13.255079
v 18.669550 55.135083 -8.449475
v 20.878446 55.135083 -4.114276
v 24.318877 55.135083 -0.673843
v 28.654077 55.135083 1.535053
v 33.459686 55.135083 2.296187
v 38.265291 55.135083 1.535055
v 42.600484 55.135083 -0.673843
v 46.040922 55.135083 -4.114273
v 48.249819 55.135083 -8.449474
v 49.010953 55.135083 -13.255079
v 48.306936 55.059998 -18.109273
v 46.220985 54.869136 -22.637999
v 42.864063 54.610204 -26.423311
v 38.478483 54.339498 -29.046307
v 33.459686 54.103123 -30.166370
v 28.440882 54.339498 -29.046307
v 24.055302 54.610204 -26.423311
v 20.698370 54.869136 -22.637999
v 17.744378 39.848111 -18.847679
v 19.809976 32.208302 -18.321649
v 25.449932 31.816673 -16.503059
v 20.031963 39.675864 -23.534034
v 21.830916 32.137904 -22.348152
v 26.641227 31.782671 -18.860552
v 23.647299 39.450352 -27.331940
v 24.997035 32.061814 -25.560988
v 28.501168 31.739103 -20.739307
v 28.272593 39.234933 -29.836544
v 29.004550 31.998516 -27.636119
v 30.850649 31.699818 -21.951346
v 33.459686 39.077249 -30.759056
v 33.459686 31.985654 -28.348054
v 33.459686 31.669878 -22.375365
v 38.646772 39.234933 -29.836544
v 37.914812 31.998516 -27.636119
v 36.068710 31.699818 -21.951349
v 43.272066 39.450352 -27.331940
v 41.922324 32.061814 -25.560985
v 38.418190 31.739103 -20.739307
v 46.887393 39.675864 -23.534034
v 45.088442 32.137904 -22.348147
v 40.278132 31.782671 -18.860549
v 49.174984 39.848111 -18.847679
v 47.109386 32.208302 -18.321646
v 41.469427 31.816673 -16.503051
v 49.956169 39.912674 -13.727687
v 47.803261 32.235969 -13.881572
v 41.880459 31.823154 -13.899358
v 49.148775 39.912680 -8.629994
v 47.101238 32.235969 -9.449161
v 41.468315 31.823154 -11.297193
v 46.805618 39.912680 -4.031298
v 45.063882 32.235969 -5.450629
v 40.272235 31.823154 -8.949752
v 43.156068 39.912680 -0.433619
v 41.890623 32.235969 -2.401595
v 38.409292 31.823154 -7.086807
v 38.557379 39.912680 1.801427
v 37.892093 32.235969 -0.495104
v 36.061846 31.823154 -5.916504
v 33.459686 39.912680 2.555568
v 33.459686 32.235969 0.148757
v 33.459689 31.823154 -5.504362
v 28.361989 39.912680 1.798166
v 29.027272 32.235969 -0.495104
v 30.857525 31.823154 -5.916504
v 23.763293 39.912680 -0.437101
v 25.028742 32.235969 -2.401597
v 28.510079 31.823154 -7.086809
v 20.113752 39.912680 -4.031300
v 21.855485 32.235969 -5.467935
v 26.647133 31.823154 -8.949750
v 17.770594 39.912680 -8.629996
v 19.818129 32.235969 -9.449163
v 25.451053 31.823154 -11.297196
v 16.963199 39.912680 -13.727687
v 19.116107 32.235969 -13.881572
v 25.038906 31.823154 -13.899366
v 25.510516 170.435378 -16.662820
v 20.007751 170.435378 -18.571940
v 18.260407 163.565133 -19.520221
v 26.721761 170.435391 -18.945643
v 22.092167 170.435378 -22.405541
v 19.479528 163.565145 -25.038802
v 28.593395 170.435378 -20.703332
v 25.282808 170.435366 -25.319222
v 23.437798 163.565133 -28.876551
v 30.919338 170.435378 -21.770495
v 29.209710 170.435366 -27.052157
v 28.271358 163.565133 -31.106079
v 33.459686 170.435378 -22.057228
v 33.459686 170.435366 -27.477497
v 33.459686 163.565133 -31.591360
v 36.000021 170.435378 -21.770498
v 37.709649 170.435366 -27.052157
v 38.648004 163.565133 -31.106079
v 38.325964 170.435378 -20.703332
v 41.636549 170.435366 -25.319219
v 43.481567 163.565133 -28.876551
v 40.197598 170.435391 -18.945640
v 44.827189 170.435378 -22.405538
v 47.439828 163.565145 -25.038802
v 41.408843 170.435378 -16.662815
v 46.911607 170.435378 -18.571937
v 48.658955 163.565133 -19.520219
v 41.828100 170.435391 -14.090143
v 47.637141 170.435378 -14.220628
v 49.492147 163.565133 -14.170463
v 41.414302 170.435391 -11.505812
v 46.943250 170.435378 -9.839553
v 48.705574 163.565145 -8.776364
v 40.225491 170.435378 -9.174742
v 44.929490 170.435378 -5.887330
v 46.428609 163.565145 -3.910350
v 38.375327 170.435378 -7.324580
v 41.792983 170.435378 -2.750825
v 42.878911 163.565145 -0.053298
v 36.042694 170.435391 -6.140524
v 37.840757 170.435378 -0.737063
v 38.411666 163.565145 2.425206
v 33.459686 170.435378 -5.731413
v 33.459686 170.435378 -0.043168
v 33.459686 163.565145 3.279240
v 30.876674 170.435391 -6.140524
v 29.078605 170.435378 -0.737063
v 28.507699 163.565145 2.425206
v 28.544041 170.435378 -7.324583
v 25.126383 170.435378 -2.750827
v 24.040451 163.565145 -0.053299
v 26.693877 170.435378 -9.174742
v 21.989876 170.435378 -5.887331
v 20.490761 163.565145 -3.910353
v 25.505066 170.435391 -11.505814
v 19.976116 170.435378 -9.839555
v 18.213796 163.565145 -8.776366
v 25.091265 170.435391 -14.090151
v 19.282226 170.435378 -14.220629
v 17.427222 163.565133 -14.170463
v 14.585598 143.518577 -21.296131
v 13.562990 143.518577 -14.950608
v 14.537835 143.518589 -8.561895
v 17.363803 143.518589 -2.798594
v 21.767112 143.518589 1.772653
v 27.312535 143.518589 4.708738
v 33.459686 143.518589 5.720446
v 39.606833 143.518589 4.708741
v 45.152249 143.518589 1.772658
v 49.555568 143.518589 -2.798591
v 52.381537 143.518589 -8.561895
v 53.356381 143.518577 -14.950608
v 52.333764 143.518577 -21.296128
v 50.032066 143.518589 -27.332746
v 45.361744 143.518589 -31.728876
v 39.632582 143.518589 -34.310255
v 33.459686 143.518589 -34.914685
v 27.286780 143.518589 -34.310255
v 21.557618 143.518589 -31.728876
v 16.887285 143.518589 -27.332746
v 28.918250 328.244348 -18.130276
v 33.324758 328.244348 -19.955513
v 37.731269 328.244348 -18.130276
v 39.556504 328.244348 -13.723763
v 37.731269 328.244348 -9.317251
v 33.324758 328.244348 -7.492014
v 28.918250 328.244348 -9.317251
v 27.093008 328.244348 -13.723763
v 25.182585 331.774350 -21.865935
v 33.324758 331.774350 -25.238534
v 41.466921 331.774350 -21.865935
v 44.839521 331.774350 -13.723763
v 41.466921 331.774350 -5.581592
v 33.324758 331.774350 -2.208992
v 25.182585 331.774350 -5.581591
v 21.809986 331.774350 -13.723763
v 22.686499 337.057382 -24.362024
v 33.324758 337.057382 -28.768536
v 43.963018 337.057382 -24.362024
v 48.369532 337.057382 -13.723763
v 43.963018 337.057382 -3.085503
v 33.324758 337.057382 1.321011
v 22.686499 337.057382 -3.085503
v 18.279984 337.057382 -13.723763
v 21.809986 343.289122 -25.238534
v 33.324758 343.289122 -30.008107
v 44.839521 343.289122 -25.238534
v 49.609094 343.289122 -13.723763
v 44.839521 343.289122 -2.208992
v 33.324758 343.289122 2.560580
v 21.809986 343.289122 -2.208992
v 17.040406 343.289122 -13.723763
v 22.686499 349.520863 -24.362024
v 33.324758 349.520863 -28.768536
v 43.963018 349.520863 -24.362024
v 48.369532 349.520863 -13.723763
v 43.963018 349.520863 -3.085503
v 33.324758 349.520863 1.321011
v 22.686499 349.520863 -3.085503
v 18.279984 349.520863 -13.723763
v 25.182585 354.803895 -21.865935
v 33.324758 354.803895 -25.238534
v 41.466921 354.803895 -21.865935
v 44.839521 354.803895 -13.723763
v 41.466921 354.803895 -5.581592
v 33.324758 354.803895 -2.208992
v 25.182585 354.803895 -5.581591
v 21.809986 354.803895 -13.723763
v 28.918250 358.333897 -18.130276
v 33.324758 358.333897 -19.955513
v 37.731269 358.333897 -18.130276
v 39.556504 358.333897 -13.723763
v 37.731269 358.333897 -9.317251
v 33.324758 358.333897 -7.492014
v 28.918250 358.333897 -9.317251
v 27.093008 358.333897 -13.723763
v 33.324758 327.004783 -13.723763
v 33.324758 359.573462 -13.723763
v 29.640533 13.943690 -17.700658
v 33.324758 13.943690 -19.226713
v 37.008980 13.943690 -17.700658
v 38.535036 13.943690 -14.016433
v 37.008980 13.943690 -10.384073
v 33.324758 13.943690 -8.904338
v 29.640533 13.943690 -10.384072
v 28.114474 13.943690 -14.016433
v 26.517198 16.895080 -20.823992
v 33.324758 16.895080 -23.643775
v 40.132309 16.895080 -20.823992
v 42.952093 16.895080 -14.016433
v 40.132309 16.895080 -7.339853
v 33.324758 16.895080 -4.719019
v 26.517198 16.895080 -7.339852
v 23.697413 16.895080 -14.016433
v 24.430254 21.312142 -22.910938
v 33.324758 21.312142 -26.595162
v 42.219261 21.312142 -22.910938
v 45.903485 21.312142 -14.016433
v 42.219261 21.312142 -5.285163
v 33.324758 21.312142 -1.922369
v 24.430254 21.312142 -5.285163
v 20.746027 21.312142 -14.016433
v 23.697413 26.522423 -23.643775
v 33.324758 26.522423 -27.631552
v 42.952093 26.522423 -23.643775
v 46.939868 26.522423 -14.016433
v 42.952093 26.522423 -4.513311
v 33.324758 26.522423 -0.827198
v 23.697413 26.522423 -4.513311
v 19.709632 26.522423 -14.016433
v 24.430254 31.732704 -22.910938
v 33.324758 31.732704 -26.595162
v 42.219261 31.732704 -22.910938
v 45.903485 31.732704 -14.016433
v 42.219261 31.732704 -5.147709
v 33.324758 31.732704 -1.642996
v 24.430254 31.732704 -5.147709
v 20.746027 31.732704 -14.016433
v 26.517198 36.149765 -20.823992
v 33.324758 36.149765 -23.643775
v 40.132309 36.149765 -20.823992
v 42.952093 36.149765 -14.016433
v 40.132309 36.149765 -7.208874
v 33.324758 36.149765 -4.406394
v 26.517198 36.149765 -7.208874
v 23.697413 36.149765 -14.016433
v 29.640533 39.101151 -17.700658
v 33.324758 39.101151 -19.226713
v 37.008980 39.101151 -17.700658
v 38.535036 39.101151 -14.016433
v 37.008980 39.101151 -10.332209
v 33.324758 39.101151 -8.806152
v 29.640533 39.101151 -10.332208
v 28.114474 39.101151 -14.016433
v 33.324758 12.907299 -14.016433
v 33.324758 40.137543 -14.016433
v 14.217321 3.420670 -35.885987
v 17.020765 7.210712 -35.885987
v 21.387231 10.218506 -35.885987
v 26.889297 12.149628 -35.885987
v 32.988382 12.815046 -35.885987
v 39.087468 12.149628 -35.885987
v 44.589534 10.218503 -35.885987
v 48.955996 7.210710 -35.885987
v 51.759439 3.420667 -35.885987
v 52.725436 -0.442309 -35.885987
v 13.251335 -0.780628 -35.885987
v 17.870790 6.071650 47.873834
v 20.128590 11.606047 48.049508
v 23.645196 15.998172 48.256421
v 28.076380 18.818088 48.419842
v 32.988382 19.789763 48.481560
v 37.900388 18.818087 48.419842
v 42.331567 15.998167 48.256421
v 45.848170 11.606043 48.049508
v 48.105972 6.071647 47.873834
v 48.883959 -0.442302 47.792040
v 17.092815 -0.063278 47.792040
v 32.988382 -0.780628 -39.285396
v 32.988382 -0.442301 58.232832
v 14.217321 4.313940 -28.882815
v 13.251335 -0.937198 -28.882815
v 52.725436 -0.442311 -28.882815
v 51.759439 4.313938 -28.882815
v 48.955996 9.051054 -28.882815
v 44.589534 12.810448 -28.882815
v 39.087468 15.224135 -28.882815
v 32.988382 16.055827 -28.882815
v 26.889297 15.224135 -28.882815
v 21.387231 12.810453 -28.882815
v 17.020765 9.051058 -28.882815
v 14.217321 4.313940 -8.197415
v 13.251335 -0.937198 -8.197415
v 52.725436 -0.442311 -8.197415
v 51.759439 4.313938 -8.197415
v 48.955996 9.051054 -8.210996
v 44.589534 12.810448 -8.213802
v 39.087468 15.224135 -8.213802
v 32.988382 16.055827 -8.213802
v 26.889297 15.224135 -8.213802
v 21.387231 12.810453 -8.213802
v 17.020765 9.051058 -8.210996
v 14.217321 7.015055 12.226936
v 13.251335 -0.602500 12.193632
v 52.725436 -0.442308 12.193632
v 51.759439 7.015050 12.226936
v 48.955996 13.886946 12.320583
v 44.589534 19.340510 12.435715
v 39.087468 22.841920 12.527450
v 32.988382 24.048418 12.562110
v 26.889297 22.841922 12.527450
v 21.387231 19.340516 12.435715
v 17.020765 13.886950 12.320583
v 12.047762 8.062824 23.024365
v 10.970124 -0.435167 22.954089
v 55.006653 -0.442306 22.954089
v 53.928996 8.062819 23.024365
v 50.801532 15.728971 23.205415
v 45.930395 21.812858 23.424397
v 39.792401 25.718959 23.597766
v 32.988382 27.064894 23.663104
v 26.184363 25.718959 23.597766
v 20.046369 21.812866 23.424397
v 15.175233 15.728977 23.205415
v 11.116494 8.928500 34.296695
v 9.990932 0.052587 34.166343
v 55.985840 -0.442301 34.166343
v 54.860263 8.928497 34.296695
v 51.593720 16.935571 34.580779
v 46.505948 23.290023 34.912357
v 40.094990 27.369820 35.171323
v 32.988382 28.775636 35.268426
v 25.881778 27.369820 35.171323
v 19.470815 23.290029 34.912357
v 14.383044 16.935576 34.580779
v 41.494726 -0.442302 54.610499
v 41.078401 3.240654 54.642381
v 39.870160 6.202326 54.702132
v 37.988289 8.552725 54.770778
v 35.616990 10.061774 54.824672
v 32.988382 10.581755 54.845005
v 30.359775 10.061775 54.824672
v 27.988475 8.552728 54.770778
v 26.106601 6.202329 54.702132
v 24.898370 3.240656 54.642381
v 24.482040 -0.042385 54.610499
v 52.993453 -0.442302 42.107359
v 52.014334 7.678610 42.221037
v 49.172828 14.643818 42.470933
v 44.747074 20.171443 42.765223
v 39.170294 23.720393 42.996789
v 32.988382 24.943279 43.083998
v 26.806477 23.720402 42.996789
v 21.229692 20.171448 42.765223
v 16.803932 14.643825 42.470933
v 13.962431 7.678612 42.221037
v 12.983317 -0.042385 42.107359
v 29.402835 163.883951 -17.645684
v 33.324755 163.883951 -19.270197
v 37.246674 163.883951 -17.645684
v 38.871185 163.883951 -13.723763
v 37.246674 163.883951 -9.801842
v 33.324755 163.883951 -8.177330
v 29.402835 163.883951 -9.801842
v 27.778319 163.883951 -13.723763
v 26.077991 167.025760 -20.970527
v 33.324755 167.025760 -23.972234
v 40.571513 167.025760 -20.970527
v 43.573221 167.025760 -13.723763
v 40.571513 167.025760 -6.477000
v 33.324755 167.025760 -3.475290
v 26.077991 167.025760 -6.476999
v 23.076281 167.025760 -13.723763
v 23.856402 171.727802 -23.192118
v 33.324755 171.727802 -27.114037
v 42.793107 171.727802 -23.192118
v 46.715030 171.727802 -13.723763
v 42.793107 171.727802 -4.255410
v 33.324755 171.727802 -0.333488
v 23.856402 171.727802 -4.255410
v 19.934480 171.727802 -13.723763
v 23.076281 177.274232 -23.972234
v 33.324755 177.274232 -28.217290
v 43.573221 177.274232 -23.972234
v 47.818277 177.274232 -13.723763
v 43.573221 177.274232 -3.475290
v 33.324755 177.274232 0.769764
v 23.076281 177.274232 -3.475290
v 18.831219 177.274232 -13.723763
v 23.856402 182.820662 -23.192118
v 33.324755 182.820662 -27.114037
v 42.793107 182.820662 -23.192118
v 46.715030 182.820662 -13.723763
v 42.793107 182.820662 -4.255410
v 33.324755 182.820662 -0.333488
v 23.856402 182.820662 -4.255410
v 19.934480 182.820662 -13.723763
v 26.077991 187.522704 -20.970527
v 33.324755 187.522704 -23.972234
v 40.571513 187.522704 -20.970527
v 43.573221 187.522704 -13.723763
v 40.571513 187.522704 -6.477000
v 33.324755 187.522704 -3.475290
v 26.077991 187.522704 -6.476999
v 23.076281 187.522704 -13.723763
v 29.402835 190.664501 -17.645684
v 33.324755 190.664501 -19.270197
v 37.246674 190.664501 -17.645684
v 38.871185 190.664501 -13.723763
v 37.246674 190.664501 -9.801842
v 33.324755 190.664501 -8.177330
v 29.402835 190.664501 -9.801842
v 27.778319 190.664501 -13.723763
v 33.324755 162.780698 -13.723763
v 33.324755 191.767766 -13.723763
vt 1.000000 0.583333
vt 0.000000 0.666667
vt 0.083333 0.666667
vt 0.166667 0.666667
vt 0.250000 0.666667
vt 0.333333 0.666667
vt 0.416667 0.666667
vt 0.916667 0.666667
vt 1.000000 0.666667
vt 0.000000 0.750000
vt 0.083333 0.750000
vt 0.166667 0.750000
vt 0.250000 0.750000
vt 0.333333 0.750000
vt 0.416667 0.750000
vt 0.916667 0.750000
vt 1.000000 0.750000
vt 0.000000 0.833333
vt 0.083333 0.833333
vt 0.166667 0.833333
vt 0.250000 0.833333
vt 0.333333 0.833333
vt 0.416667 0.833333
vt 0.916667 0.833333
vt 1.000000 0.833333
vt 0.000000 0.916667
vt 0.083333 0.916667
vt 0.166667 0.916667
vt 0.250000 0.916667
vt 0.333333 0.916667
vt 0.416667 0.916667
vt 0.500000 0.916667
vt 0.833333 0.916667
vt 0.916667 0.916667
vt 1.000000 0.916667
vt 0.041667 1.000000
vt 0.125000 1.000000
vt 0.208333 1.000000
vt 0.291667 1.000000
vt 0.375000 1.000000
vt 0.458333 1.000000
vt 0.541667 1.000000
vt 0.625000 1.000000
vt 0.708333 1.000000
vt 0.791667 1.000000
vt 0.875000 1.000000
vt 0.958333 1.000000
vt 0.000000 0.533330
vt 1.000000 0.440660
vt 0.000000 0.440660
vt 0.083333 0.440660
vt 0.166667 0.440660
vt 0.250000 0.440660
vt 0.333333 0.440660
vt 0.416667 0.440660
vt 0.500000 0.440660
vt 0.583333 0.440660
vt 0.750000 0.440660
vt 0.833333 0.440660
vt 0.916667 0.440660
vt 1.000000 0.333334
vt 0.083333 0.533330
vt 0.000000 0.583333
vt 0.166667 0.533330
vt 0.083333 0.583333
vt 0.250000 0.533330
vt 0.166667 0.583333
vt 0.333333 0.533330
vt 0.250000 0.583333
vt 0.416667 0.533330
vt 0.333333 0.583333
vt 0.500000 0.533330
vt 0.416667 0.583333
vt 0.916667 0.533330
vt 1.000000 0.533330
vt 0.916667 0.583333
vt 0.589662 0.825046
vt 0.743670 0.825044
vt 0.500000 0.583333
vt 0.537279 0.666667
vt 0.777019 0.583837
vt 0.833333 0.666667
vt 0.500000 0.666667
vt 0.557504 0.750000
vt 0.500000 0.833333
vt 0.578770 0.836438
vt 0.666667 0.842203
vt 0.583333 0.916667
vt 0.666667 0.916667
vt 0.753276 0.836468
vt 0.750000 0.916667
vt 0.666667 0.440660
vt 0.583333 0.533330
vt 0.556230 0.583836
vt 0.583540 0.557844
vt 0.666667 0.530511
vt 0.750000 0.533330
vt 0.833333 0.533330
vt 0.833333 0.583333
vt 0.749793 0.557843
vt 0.796003 0.666667
vt 0.833333 0.750000
vt 0.775829 0.750000
vt 0.833333 0.833333
vt 0.743743 0.791881
vt 0.768181 0.746901
vt 0.789794 0.666667
vt 0.771852 0.587498
vt 0.748239 0.564304
vt 0.666667 0.827868
vt 0.589667 0.791881
vt 0.565196 0.746836
vt 0.666667 0.791881
vt 0.666667 0.750000
vt 0.543590 0.666667
vt 0.666667 0.666667
vt 0.561535 0.587595
vt 0.666667 0.583865
vt 0.585195 0.564382
vt 0.666667 0.537490
vt 0.666667 0.563124
vt 0.500000 0.750000
vt 0.578128 0.794470
vt 0.755143 0.794439
vt 0.000000 0.253308
vt 0.998980 0.250000
vt 0.416657 0.250000
vt 0.813907 0.250000
vt 0.083333 0.253417
vt 0.000000 0.333333
vt 0.166667 0.253486
vt 0.083333 0.333334
vt 0.250000 0.253417
vt 0.166667 0.333334
vt 0.333333 0.253308
vt 0.250000 0.333334
vt 0.416667 0.253272
vt 0.333333 0.333334
vt 0.500000 0.253271
vt 0.416667 0.333334
vt 0.583333 0.253271
vt 0.500000 0.333334
vt 0.666667 0.253271
vt 0.583333 0.333334
vt 0.750000 0.253271
vt 0.666667 0.333334
vt 0.833333 0.253271
vt 0.750000 0.333334
vt 0.916667 0.253270
vt 0.833333 0.333334
vt 1.000000 0.253308
vt 0.916667 0.333334
vt 0.173615 0.250000
vt 0.578826 0.250000
vt 0.253023 0.250000
vt 0.498207 0.250000
vt 0.096215 0.250000
vt 0.659928 0.250000
vt 0.035820 0.250000
vt 0.741029 0.250000
vt 0.334103 0.250000
vt 0.916677 0.250000
vt 0.847542 0.250000
vt 0.985686 0.250000
vt 0.373661 0.064338
vt 0.377454 0.074931
vt 0.358690 0.112669
vt 0.351397 0.107966
vt 0.625329 0.249171
vt 0.621544 0.238628
vt 0.641320 0.199773
vt 0.648603 0.204534
vt 0.375000 0.321534
vt 0.386471 0.321310
vt 0.387418 0.326594
vt 0.387513 0.500000
vt 0.375000 0.500000
vt 0.475000 0.321534
vt 0.487500 0.321612
vt 0.487500 0.500000
vt 0.475000 0.500000
vt 0.500000 0.321532
vt 0.500000 0.500000
vt 0.511829 0.321313
vt 0.512768 0.326684
vt 0.512695 0.500000
vt 0.600000 0.321532
vt 0.612500 0.321612
vt 0.612500 0.500000
vt 0.600000 0.500000
vt 0.625000 0.321534
vt 0.625000 0.500000
vt 0.622546 0.074931
vt 0.641393 0.112615
vt 0.500000 0.156250
vt 0.438617 0.071763
vt 0.351818 0.156250
vt 0.358595 0.199829
vt 0.378456 0.238628
vt 0.562827 0.242723
vt 0.648182 0.156250
vt 0.437139 0.242771
vt 0.472290 0.241532
vt 0.500000 0.241097
vt 0.527710 0.241532
vt 0.561386 0.071760
vt 0.527073 0.072929
vt 0.500000 0.073357
vt 0.472927 0.072929
vt 0.375000 0.312500
vt 0.387525 0.312500
vt 0.387470 0.316897
vt 0.648603 0.107966
vt 0.626338 0.064339
vt 0.433171 0.064268
vt 0.462474 0.312500
vt 0.462530 0.316896
vt 0.461288 0.310901
vt 0.434757 0.098286
vt 0.475000 0.312500
vt 0.487500 0.312500
vt 0.343750 0.156250
vt 0.500000 0.312500
vt 0.351397 0.204534
vt 0.512890 0.312500
vt 0.512830 0.316902
vt 0.374671 0.249172
vt 0.568296 0.250251
vt 0.587109 0.312500
vt 0.587169 0.316902
vt 0.586347 0.318676
vt 0.568932 0.266941
vt 0.600000 0.312500
vt 0.612500 0.312500
vt 0.656250 0.156250
vt 0.625000 0.312500
vt 0.431704 0.250251
vt 0.440504 0.266835
vt 0.469457 0.250251
vt 0.472910 0.263120
vt 0.500000 0.250251
vt 0.502127 0.262180
vt 0.530543 0.250251
vt 0.532164 0.263120
vt 0.566829 0.064268
vt 0.551118 0.098272
vt 0.529887 0.064268
vt 0.523825 0.086668
vt 0.500000 0.064268
vt 0.496738 0.084225
vt 0.470113 0.064268
vt 0.468429 0.086668
vt 0.604893 0.094534
vt 0.616929 0.079347
vt 0.389791 0.264085
vt 0.380955 0.256566
vt 0.588170 0.321313
vt 0.587231 0.326684
vt 0.587305 0.500000
vt 0.463529 0.321310
vt 0.462582 0.326594
vt 0.462487 0.500000
vt 0.525000 0.432519
vt 0.521570 0.419612
vt 0.537397 0.500769
vt 0.537500 0.511188
vt 0.524826 0.424588
vt 0.513421 0.326872
vt 0.549205 0.526198
vt 0.550000 0.542358
vt 0.560984 0.500836
vt 0.562500 0.511025
vt 0.574706 0.418376
vt 0.575000 0.432519
vt 0.400000 0.431537
vt 0.405892 0.412579
vt 0.414444 0.491757
vt 0.412500 0.504754
vt 0.399833 0.423953
vt 0.388070 0.326705
vt 0.426216 0.515694
vt 0.425000 0.532395
vt 0.438058 0.491887
vt 0.437500 0.504614
vt 0.449283 0.409940
vt 0.450000 0.431536
vt 0.537500 0.595677
vt 0.525000 0.556788
vt 0.550000 0.609078
vt 0.562500 0.595677
vt 0.575000 0.556788
vt 0.412500 0.592785
vt 0.400000 0.556416
vt 0.425000 0.605316
vt 0.437500 0.592785
vt 0.450000 0.556416
vt 0.387393 0.321609
vt 0.512749 0.321603
vt 0.643119 0.890252
vt 0.648603 0.892034
vt 0.626734 0.934954
vt 0.621595 0.932094
vt 0.648669 0.891612
vt 0.650579 0.843750
vt 0.656250 0.843750
vt 0.626409 0.935591
vt 0.592221 0.969780
vt 0.588192 0.965136
vt 0.591841 0.970159
vt 0.548504 0.992240
vt 0.546329 0.986334
vt 0.548284 0.992353
vt 0.500000 1.000000
vt 0.500000 0.993654
vt 0.451716 0.992353
vt 0.453660 0.986371
vt 0.451496 0.992240
vt 0.408159 0.970159
vt 0.411759 0.965204
vt 0.407779 0.969780
vt 0.373591 0.935591
vt 0.378313 0.932160
vt 0.373266 0.934954
vt 0.351397 0.892034
vt 0.356816 0.890273
vt 0.351331 0.891612
vt 0.343750 0.843750
vt 0.349421 0.843750
vt 0.351331 0.795888
vt 0.356881 0.797248
vt 0.351397 0.795466
vt 0.373283 0.752513
vt 0.378406 0.755406
vt 0.373591 0.751909
vt 0.407780 0.717719
vt 0.411808 0.722365
vt 0.408159 0.717341
vt 0.451503 0.695256
vt 0.453672 0.701166
vt 0.451716 0.695147
vt 0.500000 0.687500
vt 0.500000 0.693846
vt 0.548284 0.695147
vt 0.546340 0.701130
vt 0.548497 0.695256
vt 0.591842 0.717341
vt 0.588241 0.722296
vt 0.592220 0.717719
vt 0.626409 0.751908
vt 0.621681 0.755343
vt 0.626717 0.752513
vt 0.648603 0.795466
vt 0.643184 0.797227
vt 0.648669 0.795888
vt 0.500000 0.843750
vt 0.625000 0.679305
vt 0.612500 0.679415
vt 0.600000 0.679304
vt 0.587491 0.678990
vt 0.575000 0.681193
vt 0.562500 0.682941
vt 0.550000 0.683579
vt 0.537500 0.682941
vt 0.525000 0.681193
vt 0.512509 0.678990
vt 0.500000 0.679304
vt 0.487500 0.679415
vt 0.475000 0.679305
vt 0.462499 0.679004
vt 0.450000 0.681176
vt 0.437500 0.682798
vt 0.425000 0.683392
vt 0.412500 0.682798
vt 0.400000 0.681176
vt 0.387501 0.679004
vt 0.375000 0.679305
vt 0.000000 0.416667
vt 0.041667 0.416667
vt 0.083333 0.500000
vt 0.000000 0.500000
vt 0.125000 0.416667
vt 0.166667 0.500000
vt 0.208333 0.416667
vt 0.250000 0.500000
vt 0.333333 0.416667
vt 0.333333 0.500000
vt 0.416667 0.416667
vt 0.416667 0.500000
vt 0.500000 0.416667
vt 0.500000 0.500000
vt 0.541667 0.416667
vt 0.583333 0.500000
vt 0.625000 0.416667
vt 0.666667 0.500000
vt 0.708333 0.416667
vt 0.750000 0.500000
vt 0.833333 0.416667
vt 0.833333 0.500000
vt 0.916667 0.416667
vt 0.916667 0.500000
vt 1.000000 0.416667
vt 1.000000 0.500000
vt 0.083333 0.583333
vt 0.000000 0.583333
vt 0.166667 0.583333
vt 0.250000 0.583333
vt 0.333333 0.583333
vt 0.416667 0.583333
vt 0.500000 0.583333
vt 0.583333 0.583333
vt 0.666667 0.583333
vt 0.750000 0.583333
vt 0.833333 0.583333
vt 0.916667 0.583333
vt 1.000000 0.583333
vt 0.083333 0.666667
vt 0.000000 0.666667
vt 0.166667 0.666667
vt 0.250000 0.666667
vt 0.333333 0.666667
vt 0.416667 0.666667
vt 0.500000 0.666667
vt 0.583333 0.666667
vt 0.666667 0.666667
vt 0.750000 0.666667
vt 0.833333 0.666667
vt 0.916667 0.666667
vt 1.000000 0.666667
vt 0.083333 0.750000
vt 0.000000 0.750000
vt 0.166667 0.750000
vt 0.250000 0.750000
vt 0.333333 0.750000
vt 0.416667 0.750000
vt 0.500000 0.750000
vt 0.583333 0.750000
vt 0.666667 0.750000
vt 0.750000 0.750000
vt 0.833333 0.750000
vt 0.916667 0.750000
vt 1.000000 0.750000
vt 0.083333 0.833333
vt 0.000000 0.833333
vt 0.166667 0.833333
vt 0.250000 0.833333
vt 0.333333 0.833333
vt 0.416667 0.833333
vt 0.500000 0.833333
vt 0.583333 0.833333
vt 0.666667 0.833333
vt 0.750000 0.833333
vt 0.833333 0.833333
vt 0.916667 0.833333
vt 1.000000 0.833333
vt 0.083333 0.916667
vt 0.000000 0.916667
vt 0.166667 0.916667
vt 0.250000 0.916667
vt 0.333333 0.916667
vt 0.416667 0.916667
vt 0.500000 0.916667
vt 0.583333 0.916667
vt 0.666667 0.916667
vt 0.750000 0.916667
vt 0.833333 0.916667
vt 0.916667 0.916667
vt 1.000000 0.916667
vt 0.041667 1.000000
vt 0.125000 1.000000
vt 0.208333 1.000000
vt 0.291667 1.000000
vt 0.375000 1.000000
vt 0.458333 1.000000
vt 0.541667 1.000000
vt 0.625000 1.000000
vt 0.708333 1.000000
vt 0.791667 1.000000
vt 0.875000 1.000000
vt 0.958333 1.000000
vt 0.083333 0.416667
vt 0.041667 0.416667
vt 0.041667 0.416667
vt 0.166667 0.416667
vt 0.125000 0.416667
vt 0.125000 0.416667
vt 0.250000 0.416667
vt 0.208333 0.416667
vt 0.208333 0.416667
vt 0.333333 0.416667
vt 0.291667 0.416667
vt 0.291667 0.416667
vt 0.416667 0.416667
vt 0.375000 0.416667
vt 0.375000 0.416667
vt 0.500000 0.416667
vt 0.458333 0.416667
vt 0.458333 0.416667
vt 0.583333 0.416667
vt 0.541667 0.416667
vt 0.541667 0.416667
vt 0.666667 0.416667
vt 0.625000 0.416667
vt 0.625000 0.416667
vt 0.750000 0.416667
vt 0.708333 0.416667
vt 0.708333 0.416667
vt 0.833333 0.416667
vt 0.791667 0.416667
vt 0.791667 0.416667
vt 0.916667 0.416667
vt 0.875000 0.416667
vt 0.875000 0.416667
vt 1.000000 0.416667
vt 0.958333 0.416667
vt 0.958333 0.416667
vt 0.001248 0.416667
vt 0.016729 0.416667
vt 0.050598 0.416667
vt 0.041667 0.416667
vt 0.916667 0.416667
vt 0.917914 0.416667
vt 0.917914 0.416667
vt 0.916667 0.416667
vt 0.044162 0.416667
vt 0.131698 0.416667
vt 0.125000 0.416667
vt 0.127495 0.416667
vt 0.211257 0.416667
vt 0.208333 0.416667
vt 0.210829 0.416667
vt 0.208841 0.416667
vt 0.256509 0.416667
vt 0.251248 0.416667
vt 0.334581 0.416667
vt 0.333333 0.416667
vt 0.333333 0.416667
vt 0.334581 0.416667
vt 0.417914 0.416667
vt 0.416667 0.416667
vt 0.416667 0.416667
vt 0.417914 0.416667
vt 0.501248 0.416667
vt 0.495598 0.416667
vt 0.537201 0.416667
vt 0.541667 0.416667
vt 0.544162 0.416667
vt 0.618302 0.416667
vt 0.625000 0.416667
vt 0.627495 0.416667
vt 0.695788 0.416667
vt 0.708333 0.416667
vt 0.710828 0.416667
vt 0.708841 0.416667
vt 0.719909 0.416667
vt 0.751248 0.416667
vt 0.834581 0.416667
vt 0.833333 0.416667
vt 0.833333 0.416667
vt 0.834581 0.416667
vt 0.264205 0.416667
vt 0.402462 0.416667
vt 0.764205 0.416667
vt 0.902462 0.416667
vt 0.000000 0.083333
vt 0.083333 0.083333
vt 0.083333 0.166667
vt 0.000000 0.166667
vt 0.166667 0.083333
vt 0.166667 0.166667
vt 0.250000 0.083333
vt 0.250000 0.166667
vt 0.333333 0.083333
vt 0.333333 0.166667
vt 0.416667 0.083333
vt 0.416667 0.166667
vt 0.500000 0.083333
vt 0.500000 0.166667
vt 0.583333 0.083333
vt 0.583333 0.166667
vt 0.666667 0.083333
vt 0.666667 0.166667
vt 0.750000 0.083333
vt 0.750000 0.166667
vt 0.833333 0.083333
vt 0.833333 0.166667
vt 0.916667 0.083333
vt 0.916667 0.166667
vt 1.000000 0.083333
vt 1.000000 0.166667
vt 0.083333 0.250000
vt 0.000000 0.250000
vt 0.166667 0.250000
vt 0.250000 0.250000
vt 0.333333 0.250000
vt 0.416667 0.250000
vt 0.500000 0.250000
vt 0.583333 0.250000
vt 0.666667 0.250000
vt 0.750000 0.250000
vt 0.833333 0.250000
vt 0.916667 0.250000
vt 1.000000 0.250000
vt 0.083333 0.333333
vt 0.000000 0.333333
vt 0.166667 0.333333
vt 0.250000 0.333333
vt 0.333333 0.333333
vt 0.416667 0.333333
vt 0.500000 0.333333
vt 0.583333 0.333333
vt 0.666667 0.333333
vt 0.750000 0.333333
vt 0.833333 0.333333
vt 0.916667 0.333333
vt 1.000000 0.333333
vt 0.083333 0.416667
vt 0.000000 0.416667
vt 0.166667 0.416667
vt 0.250000 0.416667
vt 0.333333 0.416667
vt 0.416667 0.416667
vt 0.500000 0.416667
vt 0.583333 0.416667
vt 0.666667 0.416667
vt 0.750000 0.416667
vt 0.833333 0.416667
vt 0.916667 0.416667
vt 1.000000 0.416667
vt 0.083333 0.500000
vt 0.000000 0.500000
vt 0.166667 0.500000
vt 0.250000 0.500000
vt 0.333333 0.500000
vt 0.416667 0.500000
vt 0.500000 0.500000
vt 0.583333 0.500000
vt 0.666667 0.500000
vt 0.750000 0.500000
vt 0.833333 0.500000
vt 0.916667 0.500000
vt 1.000000 0.500000
vt 0.083333 0.583333
vt 0.000000 0.583333
vt 0.166667 0.583333
vt 0.250000 0.583333
vt 0.333333 0.583333
vt 0.416667 0.583333
vt 0.500000 0.583333
vt 0.583333 0.583333
vt 0.666667 0.583333
vt 0.750000 0.583333
vt 0.833333 0.583333
vt 0.916667 0.583333
vt 1.000000 0.583333
vt 0.083333 0.666667
vt 0.000000 0.666667
vt 0.166667 0.666667
vt 0.250000 0.666667
vt 0.333333 0.666667
vt 0.416667 0.666667
vt 0.500000 0.666667
vt 0.583333 0.666667
vt 0.666667 0.666667
vt 0.750000 0.666667
vt 0.833333 0.666667
vt 0.916667 0.666667
vt 1.000000 0.666667
vt 0.083333 0.750000
vt 0.000000 0.750000
vt 0.166667 0.750000
vt 0.250000 0.750000
vt 0.333333 0.750000
vt 0.416667 0.750000
vt 0.500000 0.750000
vt 0.583333 0.750000
vt 0.666667 0.750000
vt 0.750000 0.750000
vt 0.833333 0.750000
vt 0.916667 0.750000
vt 1.000000 0.750000
vt 0.083333 0.833333
vt 0.000000 0.833333
vt 0.166667 0.833333
vt 0.250000 0.833333
vt 0.333333 0.833333
vt 0.416667 0.833333
vt 0.500000 0.833333
vt 0.583333 0.833333
vt 0.666667 0.833333
vt 0.750000 0.833333
vt 0.833333 0.833333
vt 0.916667 0.833333
vt 1.000000 0.833333
vt 0.083333 0.916667
vt 0.000000 0.916667
vt 0.166667 0.916667
vt 0.250000 0.916667
vt 0.333333 0.916667
vt 0.416667 0.916667
vt 0.500000 0.916667
vt 0.583333 0.916667
vt 0.666667 0.916667
vt 0.750000 0.916667
vt 0.833333 0.916667
vt 0.916667 0.916667
vt 1.000000 0.916667
vt 0.041667 0.000000
vt 0.125000 0.000000
vt 0.208333 0.000000
vt 0.291667 0.000000
vt 0.375000 0.000000
vt 0.458333 0.000000
vt 0.541667 0.000000
vt 0.625000 0.000000
vt 0.708333 0.000000
vt 0.791667 0.000000
vt 0.875000 0.000000
vt 0.958333 0.000000
vt 0.041667 1.000000
vt 0.125000 1.000000
vt 0.208333 1.000000
vt 0.291667 1.000000
vt 0.375000 1.000000
vt 0.458333 1.000000
vt 0.541667 1.000000
vt 0.625000 1.000000
vt 0.708333 1.000000
vt 0.791667 1.000000
vt 0.875000 1.000000
vt 0.958333 1.000000
vt 0.375000 0.343135
vt 0.387500 0.343135
vt 0.387500 0.421567
vt 0.375000 0.421567
vt 0.400000 0.343135
vt 0.400000 0.421568
vt 0.412500 0.343135
vt 0.412500 0.421567
vt 0.425000 0.343135
vt 0.425000 0.421568
vt 0.437500 0.343135
vt 0.437500 0.421567
vt 0.450000 0.343135
vt 0.450000 0.421567
vt 0.462500 0.343135
vt 0.462500 0.421568
vt 0.475000 0.343135
vt 0.475000 0.421567
vt 0.487500 0.343135
vt 0.487500 0.421568
vt 0.500000 0.343135
vt 0.500000 0.421568
vt 0.512500 0.343135
vt 0.512500 0.421567
vt 0.525000 0.343135
vt 0.525000 0.421568
vt 0.537500 0.343136
vt 0.537500 0.421568
vt 0.550000 0.343135
vt 0.550000 0.421568
vt 0.562500 0.343136
vt 0.562500 0.421569
vt 0.575000 0.343135
vt 0.575000 0.421568
vt 0.587500 0.343135
vt 0.587500 0.421568
vt 0.600000 0.343136
vt 0.600000 0.421569
vt 0.612500 0.343135
vt 0.612500 0.421568
vt 0.625000 0.343135
vt 0.625000 0.421567
vt 0.563213 0.110324
vt 0.574310 0.132105
vt 0.500000 0.156250
vt 0.545927 0.093038
vt 0.524145 0.081939
vt 0.500000 0.078115
vt 0.475855 0.081939
vt 0.454074 0.093038
vt 0.436787 0.110324
vt 0.425690 0.132105
vt 0.421866 0.156250
vt 0.425690 0.180395
vt 0.436787 0.202176
vt 0.454074 0.219462
vt 0.475855 0.230561
vt 0.500000 0.234385
vt 0.524145 0.230561
vt 0.545926 0.219462
vt 0.563212 0.202176
vt 0.574310 0.180395
vt 0.578135 0.156250
vt 0.574310 0.867895
vt 0.563213 0.889676
vt 0.500000 0.843750
vt 0.545927 0.906962
vt 0.524145 0.918061
vt 0.500000 0.921885
vt 0.475855 0.918061
vt 0.454074 0.906962
vt 0.436787 0.889676
vt 0.425690 0.867895
vt 0.421866 0.843750
vt 0.425690 0.819605
vt 0.436787 0.797824
vt 0.454074 0.780538
vt 0.475855 0.769439
vt 0.500000 0.765615
vt 0.524145 0.769439
vt 0.545926 0.780538
vt 0.563212 0.797824
vt 0.574310 0.819605
vt 0.578135 0.843750
vt 0.375000 0.312500
vt 0.387500 0.312500
vt 0.648603 0.107966
vt 0.626409 0.064408
vt 0.400000 0.312500
vt 0.591842 0.029841
vt 0.412500 0.312500
vt 0.548284 0.007647
vt 0.425000 0.312500
vt 0.500000 -0.000000
vt 0.437500 0.312500
vt 0.451716 0.007647
vt 0.450000 0.312500
vt 0.408159 0.029841
vt 0.462500 0.312500
vt 0.373591 0.064409
vt 0.475000 0.312500
vt 0.351397 0.107966
vt 0.487500 0.312500
vt 0.343750 0.156250
vt 0.500000 0.312500
vt 0.351397 0.204534
vt 0.512500 0.312500
vt 0.373591 0.248091
vt 0.525000 0.312500
vt 0.408159 0.282659
vt 0.537500 0.312500
vt 0.451716 0.304853
vt 0.550000 0.312500
vt 0.500000 0.312500
vt 0.562500 0.312500
vt 0.548284 0.304853
vt 0.575000 0.312500
vt 0.591841 0.282659
vt 0.587500 0.312500
vt 0.626409 0.248091
vt 0.600000 0.312500
vt 0.648603 0.204534
vt 0.612500 0.312500
vt 0.656250 0.156250
vt 0.625000 0.312500
vt 0.625000 0.656865
vt 0.625000 0.687500
vt 0.612500 0.687500
vt 0.612500 0.656865
vt 0.648603 0.892034
vt 0.656250 0.843750
vt 0.626409 0.935591
vt 0.375000 0.687500
vt 0.375000 0.656864
vt 0.387500 0.656865
vt 0.387500 0.687500
vt 0.591841 0.970159
vt 0.400000 0.656865
vt 0.400000 0.687500
vt 0.548284 0.992353
vt 0.412500 0.656865
vt 0.412500 0.687500
vt 0.500000 1.000000
vt 0.425000 0.656865
vt 0.425000 0.687500
vt 0.451716 0.992353
vt 0.437500 0.656865
vt 0.437500 0.687500
vt 0.408159 0.970159
vt 0.450000 0.656865
vt 0.450000 0.687500
vt 0.373591 0.935591
vt 0.462500 0.656865
vt 0.462500 0.687500
vt 0.351397 0.892034
vt 0.475000 0.656865
vt 0.475000 0.687500
vt 0.343750 0.843750
vt 0.487500 0.656865
vt 0.487500 0.687500
vt 0.351397 0.795466
vt 0.500000 0.656865
vt 0.500000 0.687500
vt 0.373591 0.751909
vt 0.512500 0.656865
vt 0.512500 0.687500
vt 0.408159 0.717341
vt 0.525000 0.656865
vt 0.525000 0.687500
vt 0.451716 0.695147
vt 0.537500 0.656865
vt 0.537500 0.687500
vt 0.500000 0.687500
vt 0.550000 0.656865
vt 0.550000 0.687500
vt 0.548284 0.695147
vt 0.562500 0.656866
vt 0.562500 0.687500
vt 0.591842 0.717341
vt 0.575000 0.656865
vt 0.575000 0.687500
vt 0.626409 0.751908
vt 0.587500 0.656865
vt 0.587500 0.687500
vt 0.648603 0.795466
vt 0.600000 0.656866
vt 0.600000 0.687500
vt 0.387500 0.500000
vt 0.375000 0.500000
vt 0.625000 0.500000
vt 0.612500 0.500000
vt 0.600000 0.500001
vt 0.587500 0.500000
vt 0.575000 0.500000
vt 0.562500 0.500001
vt 0.550000 0.500000
vt 0.537500 0.500000
vt 0.525000 0.500000
vt 0.512500 0.500000
vt 0.500000 0.500000
vt 0.487500 0.500000
vt 0.475000 0.500000
vt 0.462500 0.500000
vt 0.450000 0.500000
vt 0.437500 0.500000
vt 0.425000 0.500000
vt 0.412500 0.500000
vt 0.400000 0.500000
vt 0.387500 0.578433
vt 0.375000 0.578432
vt 0.625000 0.578433
vt 0.612500 0.578433
vt 0.600000 0.578433
vt 0.587500 0.578433
vt 0.575000 0.578433
vt 0.562500 0.578433
vt 0.550000 0.578433
vt 0.537500 0.578433
vt 0.525000 0.578433
vt 0.512500 0.578433
vt 0.500000 0.578433
vt 0.487500 0.578433
vt 0.475000 0.578433
vt 0.462500 0.578433
vt 0.450000 0.578433
vt 0.437500 0.578433
vt 0.425000 0.578433
vt 0.412500 0.578433
vt 0.400000 0.578433
vt 0.000000 0.125000
vt 0.125000 0.125000
vt 0.125000 0.250000
vt 0.000000 0.250000
vt 0.250000 0.125000
vt 0.250000 0.250000
vt 0.375000 0.125000
vt 0.375000 0.250000
vt 0.500000 0.125000
vt 0.500000 0.250000
vt 0.625000 0.125000
vt 0.625000 0.250000
vt 0.750000 0.125000
vt 0.750000 0.250000
vt 0.875000 0.125000
vt 0.875000 0.250000
vt 1.000000 0.125000
vt 1.000000 0.250000
vt 0.125000 0.375000
vt 0.000000 0.375000
vt 0.250000 0.375000
vt 0.375000 0.375000
vt 0.500000 0.375000
vt 0.625000 0.375000
vt 0.750000 0.375000
vt 0.875000 0.375000
vt 1.000000 0.375000
vt 0.125000 0.500000
vt 0.000000 0.500000
vt 0.250000 0.500000
vt 0.375000 0.500000
vt 0.500000 0.500000
vt 0.625000 0.500000
vt 0.750000 0.500000
vt 0.875000 0.500000
vt 1.000000 0.500000
vt 0.125000 0.625000
vt 0.000000 0.625000
vt 0.250000 0.625000
vt 0.375000 0.625000
vt 0.500000 0.625000
vt 0.625000 0.625000
vt 0.750000 0.625000
vt 0.875000 0.625000
vt 1.000000 0.625000
vt 0.125000 0.750000
vt 0.000000 0.750000
vt 0.250000 0.750000
vt 0.375000 0.750000
vt 0.500000 0.750000
vt 0.625000 0.750000
vt 0.750000 0.750000
vt 0.875000 0.750000
vt 1.000000 0.750000
vt 0.125000 0.875000
vt 0.000000 0.875000
vt 0.250000 0.875000
vt 0.375000 0.875000
vt 0.500000 0.875000
vt 0.625000 0.875000
vt 0.750000 0.875000
vt 0.875000 0.875000
vt 1.000000 0.875000
vt 0.062500 0.000000
vt 0.187500 0.000000
vt 0.312500 0.000000
vt 0.437500 0.000000
vt 0.562500 0.000000
vt 0.687500 0.000000
vt 0.812500 0.000000
vt 0.937500 0.000000
vt 0.062500 1.000000
vt 0.187500 1.000000
vt 0.312500 1.000000
vt 0.437500 1.000000
vt 0.562500 1.000000
vt 0.687500 1.000000
vt 0.812500 1.000000
vt 0.937500 1.000000
vt 0.625000 0.500000
vt 0.612500 0.500000
vt 0.612500 0.437500
vt 0.625000 0.437500
vt 0.600000 0.500000
vt 0.600000 0.437500
vt 0.587500 0.500000
vt 0.587500 0.437500
vt 0.575000 0.500000
vt 0.575000 0.437500
vt 0.562500 0.500000
vt 0.562500 0.437500
vt 0.550000 0.500000
vt 0.550000 0.437500
vt 0.537500 0.500000
vt 0.537500 0.437500
vt 0.525000 0.500000
vt 0.525000 0.437500
vt 0.512500 0.500000
vt 0.512500 0.437500
vt 0.500000 0.500000
vt 0.500000 0.437500
vt 0.487500 0.500000
vt 0.487500 0.437500
vt 0.475000 0.500000
vt 0.475000 0.437500
vt 0.462500 0.500000
vt 0.462500 0.437500
vt 0.450000 0.500000
vt 0.450000 0.437500
vt 0.437500 0.500000
vt 0.437500 0.437500
vt 0.425000 0.500000
vt 0.425000 0.437500
vt 0.412500 0.500000
vt 0.412500 0.437500
vt 0.400000 0.500000
vt 0.400000 0.437500
vt 0.387500 0.500000
vt 0.387500 0.437500
vt 0.375000 0.500000
vt 0.375000 0.437500
vt 0.387500 0.387494
vt 0.375000 0.387494
vt 0.375000 0.337488
vt 0.387500 0.337488
vt 0.400000 0.387494
vt 0.400000 0.337488
vt 0.412500 0.387494
vt 0.412500 0.337488
vt 0.425000 0.387494
vt 0.425000 0.337488
vt 0.437500 0.387494
vt 0.437500 0.337488
vt 0.450000 0.387494
vt 0.450000 0.337488
vt 0.462500 0.387494
vt 0.462500 0.337488
vt 0.475000 0.387494
vt 0.475000 0.337488
vt 0.487500 0.387494
vt 0.487500 0.337488
vt 0.500000 0.387494
vt 0.500000 0.337488
vt 0.512500 0.387494
vt 0.512500 0.337488
vt 0.525000 0.387494
vt 0.525000 0.337488
vt 0.537500 0.387494
vt 0.537500 0.337488
vt 0.550000 0.387494
vt 0.550000 0.337488
vt 0.562500 0.387494
vt 0.562500 0.337488
vt 0.575000 0.387494
vt 0.575000 0.337488
vt 0.587500 0.387494
vt 0.587500 0.337488
vt 0.600000 0.387494
vt 0.600000 0.337488
vt 0.612500 0.387494
vt 0.612500 0.337488
vt 0.625000 0.387494
vt 0.625000 0.337488
vt 0.563211 0.110324
vt 0.574309 0.132105
vt 0.500000 0.156250
vt 0.545925 0.093039
vt 0.524144 0.081941
vt 0.500000 0.078117
vt 0.475856 0.081941
vt 0.454075 0.093039
vt 0.436789 0.110325
vt 0.425691 0.132106
vt 0.421867 0.156250
vt 0.425691 0.180394
vt 0.436789 0.202175
vt 0.454075 0.219461
vt 0.475856 0.230559
vt 0.500000 0.234383
vt 0.524144 0.230559
vt 0.545925 0.219461
vt 0.563211 0.202175
vt 0.574309 0.180394
vt 0.578133 0.156250
vt 0.574309 0.867895
vt 0.563211 0.889675
vt 0.500000 0.843750
vt 0.545925 0.906961
vt 0.524144 0.918059
vt 0.500000 0.921883
vt 0.475856 0.918059
vt 0.454075 0.906961
vt 0.436789 0.889675
vt 0.425691 0.867894
vt 0.421867 0.843750
vt 0.425691 0.819606
vt 0.436789 0.797825
vt 0.454075 0.780539
vt 0.475856 0.769441
vt 0.500000 0.765617
vt 0.524144 0.769441
vt 0.545925 0.780539
vt 0.563211 0.797825
vt 0.574309 0.819606
vt 0.578133 0.843750
vt 0.612500 0.625000
vt 0.625000 0.625000
vt 0.625000 0.662512
vt 0.612500 0.662512
vt 0.600000 0.625000
vt 0.600000 0.662512
vt 0.587500 0.625000
vt 0.587500 0.662512
vt 0.575000 0.625000
vt 0.575000 0.662512
vt 0.562500 0.625000
vt 0.562500 0.662512
vt 0.550000 0.625000
vt 0.550000 0.662512
vt 0.537500 0.625000
vt 0.537500 0.662512
vt 0.525000 0.625000
vt 0.525000 0.662512
vt 0.512500 0.625000
vt 0.512500 0.662512
vt 0.500000 0.625000
vt 0.500000 0.662512
vt 0.487500 0.625000
vt 0.487500 0.662512
vt 0.475000 0.625000
vt 0.475000 0.662512
vt 0.462500 0.625000
vt 0.462500 0.662512
vt 0.450000 0.625000
vt 0.450000 0.662512
vt 0.437500 0.625000
vt 0.437500 0.662512
vt 0.425000 0.625000
vt 0.425000 0.662512
vt 0.412500 0.625000
vt 0.412500 0.662512
vt 0.400000 0.625000
vt 0.400000 0.662512
vt 0.387500 0.625000
vt 0.387500 0.662512
vt 0.375000 0.625000
vt 0.375000 0.662512
vt 0.375000 0.312500
vt 0.387500 0.312500
vt 0.648603 0.107966
vt 0.626409 0.064408
vt 0.400000 0.312500
vt 0.591842 0.029841
vt 0.412500 0.312500
vt 0.548284 0.007647
vt 0.425000 0.312500
vt 0.500000 -0.000000
vt 0.437500 0.312500
vt 0.451716 0.007647
vt 0.450000 0.312500
vt 0.408159 0.029841
vt 0.462500 0.312500
vt 0.373591 0.064409
vt 0.475000 0.312500
vt 0.351397 0.107966
vt 0.487500 0.312500
vt 0.343750 0.156250
vt 0.500000 0.312500
vt 0.351397 0.204534
vt 0.512500 0.312500
vt 0.373591 0.248091
vt 0.525000 0.312500
vt 0.408159 0.282659
vt 0.537500 0.312500
vt 0.451716 0.304853
vt 0.550000 0.312500
vt 0.500000 0.312500
vt 0.562500 0.312500
vt 0.548284 0.304853
vt 0.575000 0.312500
vt 0.591841 0.282659
vt 0.587500 0.312500
vt 0.626409 0.248091
vt 0.600000 0.312500
vt 0.648603 0.204534
vt 0.612500 0.312500
vt 0.656250 0.156250
vt 0.625000 0.312500
vt 0.648603 0.892034
vt 0.626409 0.935591
vt 0.375000 0.687500
vt 0.387500 0.687500
vt 0.591841 0.970159
vt 0.400000 0.687500
vt 0.548284 0.992353
vt 0.412500 0.687500
vt 0.500000 1.000000
vt 0.425000 0.687500
vt 0.451716 0.992353
vt 0.437500 0.687500
vt 0.408159 0.970159
vt 0.450000 0.687500
vt 0.373591 0.935591
vt 0.462500 0.687500
vt 0.351397 0.892034
vt 0.475000 0.687500
vt 0.343750 0.843750
vt 0.487500 0.687500
vt 0.351397 0.795466
vt 0.500000 0.687500
vt 0.373591 0.751909
vt 0.512500 0.687500
vt 0.408159 0.717341
vt 0.525000 0.687500
vt 0.451716 0.695147
vt 0.537500 0.687500
vt 0.500000 0.687500
vt 0.550000 0.687500
vt 0.548284 0.695147
vt 0.562500 0.687500
vt 0.591842 0.717341
vt 0.575000 0.687500
vt 0.626409 0.751908
vt 0.587500 0.687500
vt 0.648603 0.795466
vt 0.600000 0.687500
vt 0.656250 0.843750
vt 0.612500 0.687500
vt 0.625000 0.687500
vt 0.625000 0.562500
vt 0.612500 0.562500
vt 0.600000 0.562500
vt 0.587500 0.562500
vt 0.575000 0.562500
vt 0.562500 0.562500
vt 0.550000 0.562500
vt 0.537500 0.562500
vt 0.525000 0.562500
vt 0.512500 0.562500
vt 0.500000 0.562500
vt 0.487500 0.562500
vt 0.475000 0.562500
vt 0.462500 0.562500
vt 0.450000 0.562500
vt 0.437500 0.562500
vt 0.425000 0.562500
vt 0.412500 0.562500
vt 0.400000 0.562500
vt 0.387500 0.562500
vt 0.375000 0.562500
vt 0.000000 0.125000
vt 0.125000 0.125000
vt 0.125000 0.250000
vt 0.000000 0.250000
vt 0.250000 0.125000
vt 0.250000 0.250000
vt 0.375000 0.125000
vt 0.375000 0.250000
vt 0.500000 0.125000
vt 0.500000 0.250000
vt 0.625000 0.125000
vt 0.625000 0.250000
vt 0.750000 0.125000
vt 0.750000 0.250000
vt 0.875000 0.125000
vt 0.875000 0.250000
vt 1.000000 0.125000
vt 1.000000 0.250000
vt 0.125000 0.375000
vt 0.000000 0.375000
vt 0.250000 0.375000
vt 0.375000 0.375000
vt 0.500000 0.375000
vt 0.625000 0.375000
vt 0.750000 0.375000
vt 0.875000 0.375000
vt 1.000000 0.375000
vt 0.125000 0.500000
vt 0.000000 0.500000
vt 0.250000 0.500000
vt 0.375000 0.500000
vt 0.500000 0.500000
vt 0.625000 0.500000
vt 0.750000 0.500000
vt 0.875000 0.500000
vt 1.000000 0.500000
vt 0.125000 0.625000
vt 0.000000 0.625000
vt 0.250000 0.625000
vt 0.375000 0.625000
vt 0.500000 0.625000
vt 0.625000 0.625000
vt 0.750000 0.625000
vt 0.875000 0.625000
vt 1.000000 0.625000
vt 0.125000 0.750000
vt 0.000000 0.750000
vt 0.250000 0.750000
vt 0.375000 0.750000
vt 0.500000 0.750000
vt 0.625000 0.750000
vt 0.750000 0.750000
vt 0.875000 0.750000
vt 1.000000 0.750000
vt 0.125000 0.875000
vt 0.000000 0.875000
vt 0.250000 0.875000
vt 0.375000 0.875000
vt 0.500000 0.875000
vt 0.625000 0.875000
vt 0.750000 0.875000
vt 0.875000 0.875000
vt 1.000000 0.875000
vt 0.062500 0.000000
vt 0.187500 0.000000
vt 0.312500 0.000000
vt 0.437500 0.000000
vt 0.562500 0.000000
vt 0.687500 0.000000
vt 0.812500 0.000000
vt 0.937500 0.000000
vt 0.062500 1.000000
vt 0.187500 1.000000
vt 0.312500 1.000000
vt 0.437500 1.000000
vt 0.562500 1.000000
vt 0.687500 1.000000
vt 0.812500 1.000000
vt 0.937500 1.000000
vt 0.000000 0.125000
vt 0.125000 0.125000
vt 0.125000 0.250000
vt 0.000000 0.250000
vt 0.625000 0.125000
vt 0.750000 0.125000
vt 0.750000 0.250000
vt 0.625000 0.250000
vt 0.875000 0.125000
vt 0.875000 0.250000
vt 1.000000 0.125000
vt 1.000000 0.250000
vt 0.125000 0.375000
vt 0.000000 0.375000
vt 0.750000 0.375000
vt 0.625000 0.375000
vt 0.875000 0.375000
vt 1.000000 0.375000
vt 0.125000 0.500000
vt 0.000000 0.500000
vt 0.750000 0.500000
vt 0.625000 0.500000
vt 0.875000 0.500000
vt 1.000000 0.500000
vt 0.125000 0.625000
vt 0.000000 0.625000
vt 0.750000 0.625000
vt 0.625000 0.625000
vt 0.875000 0.625000
vt 1.000000 0.625000
vt 0.125000 0.750000
vt 0.000000 0.750000
vt 0.750000 0.750000
vt 0.625000 0.750000
vt 0.875000 0.750000
vt 1.000000 0.750000
vt 0.125000 0.875000
vt 0.000000 0.875000
vt 0.750000 0.875000
vt 0.625000 0.875000
vt 0.875000 0.875000
vt 1.000000 0.875000
vt 0.062500 0.000000
vt 0.687500 0.000000
vt 0.812500 0.000000
vt 0.937500 0.000000
vt 0.062500 1.000000
vt 0.687500 1.000000
vt 0.812500 1.000000
vt 0.937500 1.000000
vt 0.000000 0.125000
vt 0.000000 0.250000
vt 0.125000 0.250000
vt 0.125000 0.125000
vt 0.250000 0.250000
vt 0.250000 0.125000
vt 0.375000 0.250000
vt 0.375000 0.125000
vt 0.500000 0.250000
vt 0.500000 0.125000
vt 0.625000 0.250000
vt 0.625000 0.125000
vt 0.750000 0.250000
vt 0.750000 0.125000
vt 0.875000 0.250000
vt 0.875000 0.125000
vt 1.000000 0.250000
vt 1.000000 0.125000
vt 0.000000 0.375000
vt 0.125000 0.375000
vt 0.250000 0.375000
vt 0.375000 0.375000
vt 0.500000 0.375000
vt 0.625000 0.375000
vt 0.750000 0.375000
vt 0.875000 0.375000
vt 1.000000 0.375000
vt 0.000000 0.500000
vt 0.125000 0.500000
vt 0.250000 0.500000
vt 0.375000 0.500000
vt 0.500000 0.500000
vt 0.625000 0.500000
vt 0.750000 0.500000
vt 0.875000 0.500000
vt 1.000000 0.500000
vt 0.000000 0.625000
vt 0.125000 0.625000
vt 0.250000 0.625000
vt 0.375000 0.625000
vt 0.500000 0.625000
vt 0.625000 0.625000
vt 0.750000 0.625000
vt 0.875000 0.625000
vt 1.000000 0.625000
vt 0.000000 0.750000
vt 0.125000 0.750000
vt 0.250000 0.750000
vt 0.375000 0.750000
vt 0.500000 0.750000
vt 0.625000 0.750000
vt 0.750000 0.750000
vt 0.875000 0.750000
vt 1.000000 0.750000
vt 0.000000 0.875000
vt 0.125000 0.875000
vt 0.250000 0.875000
vt 0.375000 0.875000
vt 0.500000 0.875000
vt 0.625000 0.875000
vt 0.750000 0.875000
vt 0.875000 0.875000
vt 1.000000 0.875000
vt 0.062500 0.000000
vt 0.187500 0.000000
vt 0.312500 0.000000
vt 0.437500 0.000000
vt 0.562500 0.000000
vt 0.687500 0.000000
vt 0.812500 0.000000
vt 0.937500 0.000000
vt 0.062500 1.000000
vt 0.187500 1.000000
vt 0.312500 1.000000
vt 0.437500 1.000000
vt 0.562500 1.000000
vt 0.687500 1.000000
vt 0.812500 1.000000
vt 0.937500 1.000000
vt 0.375000 0.343135
vt 0.375000 0.421567
vt 0.387500 0.421567
vt 0.387500 0.343135
vt 0.400000 0.421568
vt 0.400000 0.343135
vt 0.412500 0.421567
vt 0.412500 0.343135
vt 0.425000 0.421568
vt 0.425000 0.343135
vt 0.437500 0.421567
vt 0.437500 0.343135
vt 0.450000 0.421567
vt 0.450000 0.343135
vt 0.462500 0.421568
vt 0.462500 0.343135
vt 0.475000 0.421567
vt 0.475000 0.343135
vt 0.487500 0.421568
vt 0.487500 0.343135
vt 0.500000 0.421568
vt 0.500000 0.343135
vt 0.512500 0.421567
vt 0.512500 0.343135
vt 0.525000 0.421568
vt 0.525000 0.343135
vt 0.537500 0.421568
vt 0.537500 0.343136
vt 0.550000 0.421568
vt 0.550000 0.343135
vt 0.562500 0.421569
vt 0.562500 0.343136
vt 0.575000 0.421568
vt 0.575000 0.343135
vt 0.587500 0.421568
vt 0.587500 0.343135
vt 0.600000 0.421569
vt 0.600000 0.343136
vt 0.612500 0.421568
vt 0.612500 0.343135
vt 0.625000 0.421567
vt 0.625000 0.343135
vt 0.563213 0.110324
vt 0.500000 0.156250
vt 0.574310 0.132105
vt 0.545927 0.093038
vt 0.524145 0.081939
vt 0.500000 0.078115
vt 0.475855 0.081939
vt 0.454074 0.093038
vt 0.436787 0.110324
vt 0.425690 0.132105
vt 0.421866 0.156250
vt 0.425690 0.180395
vt 0.436787 0.202176
vt 0.454074 0.219462
vt 0.475855 0.230561
vt 0.500000 0.234385
vt 0.524145 0.230561
vt 0.545926 0.219462
vt 0.563212 0.202176
vt 0.574310 0.180395
vt 0.578135 0.156250
vt 0.574310 0.867895
vt 0.500000 0.843750
vt 0.563213 0.889676
vt 0.545927 0.906962
vt 0.524145 0.918061
vt 0.500000 0.921885
vt 0.475855 0.918061
vt 0.454074 0.906962
vt 0.436787 0.889676
vt 0.425690 0.867895
vt 0.421866 0.843750
vt 0.425690 0.819605
vt 0.436787 0.797824
vt 0.454074 0.780538
vt 0.475855 0.769439
vt 0.500000 0.765615
vt 0.524145 0.769439
vt 0.545926 0.780538
vt 0.563212 0.797824
vt 0.574310 0.819605
vt 0.578135 0.843750
vt 0.387500 0.312500
vt 0.375000 0.312500
vt 0.648603 0.107966
vt 0.626409 0.064408
vt 0.400000 0.312500
vt 0.591842 0.029841
vt 0.412500 0.312500
vt 0.548284 0.007647
vt 0.425000 0.312500
vt 0.500000 -0.000000
vt 0.437500 0.312500
vt 0.451716 0.007647
vt 0.450000 0.312500
vt 0.408159 0.029841
vt 0.462500 0.312500
vt 0.373591 0.064409
vt 0.475000 0.312500
vt 0.351397 0.107966
vt 0.487500 0.312500
vt 0.343750 0.156250
vt 0.500000 0.312500
vt 0.351397 0.204534
vt 0.512500 0.312500
vt 0.373591 0.248091
vt 0.525000 0.312500
vt 0.408159 0.282659
vt 0.537500 0.312500
vt 0.451716 0.304853
vt 0.550000 0.312500
vt 0.500000 0.312500
vt 0.562500 0.312500
vt 0.548284 0.304853
vt 0.575000 0.312500
vt 0.591841 0.282659
vt 0.587500 0.312500
vt 0.626409 0.248091
vt 0.600000 0.312500
vt 0.648603 0.204534
vt 0.612500 0.312500
vt 0.656250 0.156250
vt 0.625000 0.312500
vt 0.625000 0.656865
vt 0.612500 0.656865
vt 0.612500 0.687500
vt 0.625000 0.687500
vt 0.648603 0.892034
vt 0.656250 0.843750
vt 0.626409 0.935591
vt 0.375000 0.687500
vt 0.387500 0.687500
vt 0.387500 0.656865
vt 0.375000 0.656864
vt 0.591841 0.970159
vt 0.400000 0.687500
vt 0.400000 0.656865
vt 0.548284 0.992353
vt 0.412500 0.687500
vt 0.412500 0.656865
vt 0.500000 1.000000
vt 0.425000 0.687500
vt 0.425000 0.656865
vt 0.451716 0.992353
vt 0.437500 0.687500
vt 0.437500 0.656865
vt 0.408159 0.970159
vt 0.450000 0.687500
vt 0.450000 0.656865
vt 0.373591 0.935591
vt 0.462500 0.687500
vt 0.462500 0.656865
vt 0.351397 0.892034
vt 0.475000 0.687500
vt 0.475000 0.656865
vt 0.343750 0.843750
vt 0.487500 0.687500
vt 0.487500 0.656865
vt 0.351397 0.795466
vt 0.500000 0.687500
vt 0.500000 0.656865
vt 0.373591 0.751909
vt 0.512500 0.687500
vt 0.512500 0.656865
vt 0.408159 0.717341
vt 0.525000 0.687500
vt 0.525000 0.656865
vt 0.451716 0.695147
vt 0.537500 0.687500
vt 0.537500 0.656865
vt 0.500000 0.687500
vt 0.550000 0.687500
vt 0.550000 0.656865
vt 0.548284 0.695147
vt 0.562500 0.687500
vt 0.562500 0.656866
vt 0.591842 0.717341
vt 0.575000 0.687500
vt 0.575000 0.656865
vt 0.626409 0.751908
vt 0.587500 0.687500
vt 0.587500 0.656865
vt 0.648603 0.795466
vt 0.600000 0.687500
vt 0.600000 0.656866
vt 0.375000 0.500000
vt 0.387500 0.500000
vt 0.612500 0.500000
vt 0.625000 0.500000
vt 0.600000 0.500001
vt 0.587500 0.500000
vt 0.575000 0.500000
vt 0.562500 0.500001
vt 0.550000 0.500000
vt 0.537500 0.500000
vt 0.525000 0.500000
vt 0.512500 0.500000
vt 0.500000 0.500000
vt 0.487500 0.500000
vt 0.475000 0.500000
vt 0.462500 0.500000
vt 0.450000 0.500000
vt 0.437500 0.500000
vt 0.425000 0.500000
vt 0.412500 0.500000
vt 0.400000 0.500000
vt 0.375000 0.578432
vt 0.387500 0.578433
vt 0.612500 0.578433
vt 0.625000 0.578433
vt 0.600000 0.578433
vt 0.587500 0.578433
vt 0.575000 0.578433
vt 0.562500 0.578433
vt 0.550000 0.578433
vt 0.537500 0.578433
vt 0.525000 0.578433
vt 0.512500 0.578433
vt 0.500000 0.578433
vt 0.487500 0.578433
vt 0.475000 0.578433
vt 0.462500 0.578433
vt 0.450000 0.578433
vt 0.437500 0.578433
vt 0.425000 0.578433
vt 0.412500 0.578433
vt 0.400000 0.578433
vt 0.000000 0.125000
vt 0.000000 0.250000
vt 0.125000 0.250000
vt 0.125000 0.125000
vt 0.250000 0.250000
vt 0.250000 0.125000
vt 0.375000 0.250000
vt 0.375000 0.125000
vt 0.500000 0.250000
vt 0.500000 0.125000
vt 0.625000 0.250000
vt 0.625000 0.125000
vt 0.750000 0.250000
vt 0.750000 0.125000
vt 0.875000 0.250000
vt 0.875000 0.125000
vt 1.000000 0.250000
vt 1.000000 0.125000
vt 0.000000 0.375000
vt 0.125000 0.375000
vt 0.250000 0.375000
vt 0.375000 0.375000
vt 0.500000 0.375000
vt 0.625000 0.375000
vt 0.750000 0.375000
vt 0.875000 0.375000
vt 1.000000 0.375000
vt 0.000000 0.500000
vt 0.125000 0.500000
vt 0.250000 0.500000
vt 0.375000 0.500000
vt 0.500000 0.500000
vt 0.625000 0.500000
vt 0.750000 0.500000
vt 0.875000 0.500000
vt 1.000000 0.500000
vt 0.000000 0.625000
vt 0.125000 0.625000
vt 0.250000 0.625000
vt 0.375000 0.625000
vt 0.500000 0.625000
vt 0.625000 0.625000
vt 0.750000 0.625000
vt 0.875000 0.625000
vt 1.000000 0.625000
vt 0.000000 0.750000
vt 0.125000 0.750000
vt 0.250000 0.750000
vt 0.375000 0.750000
vt 0.500000 0.750000
vt 0.625000 0.750000
vt 0.750000 0.750000
vt 0.875000 0.750000
vt 1.000000 0.750000
vt 0.000000 0.875000
vt 0.125000 0.875000
vt 0.250000 0.875000
vt 0.375000 0.875000
vt 0.500000 0.875000
vt 0.625000 0.875000
vt 0.750000 0.875000
vt 0.875000 0.875000
vt 1.000000 0.875000
vt 0.062500 0.000000
vt 0.187500 0.000000
vt 0.312500 0.000000
vt 0.437500 0.000000
vt 0.562500 0.000000
vt 0.687500 0.000000
vt 0.812500 0.000000
vt 0.937500 0.000000
vt 0.062500 1.000000
vt 0.187500 1.000000
vt 0.312500 1.000000
vt 0.437500 1.000000
vt 0.562500 1.000000
vt 0.687500 1.000000
vt 0.812500 1.000000
vt 0.937500 1.000000
vt 0.625000 0.500000
vt 0.625000 0.437500
vt 0.612500 0.437500
vt 0.612500 0.500000
vt 0.600000 0.437500
vt 0.600000 0.500000
vt 0.587500 0.437500
vt 0.587500 0.500000
vt 0.575000 0.437500
vt 0.575000 0.500000
vt 0.562500 0.437500
vt 0.562500 0.500000
vt 0.550000 0.437500
vt 0.550000 0.500000
vt 0.537500 0.437500
vt 0.537500 0.500000
vt 0.525000 0.437500
vt 0.525000 0.500000
vt 0.512500 0.437500
vt 0.512500 0.500000
vt 0.500000 0.437500
vt 0.500000 0.500000
vt 0.487500 0.437500
vt 0.487500 0.500000
vt 0.475000 0.437500
vt 0.475000 0.500000
vt 0.462500 0.437500
vt 0.462500 0.500000
vt 0.450000 0.437500
vt 0.450000 0.500000
vt 0.437500 0.437500
vt 0.437500 0.500000
vt 0.425000 0.437500
vt 0.425000 0.500000
vt 0.412500 0.437500
vt 0.412500 0.500000
vt 0.400000 0.437500
vt 0.400000 0.500000
vt 0.387500 0.437500
vt 0.387500 0.500000
vt 0.375000 0.437500
vt 0.375000 0.500000
vt 0.387500 0.387494
vt 0.387500 0.337488
vt 0.375000 0.337488
vt 0.375000 0.387494
vt 0.400000 0.387494
vt 0.400000 0.337488
vt 0.412500 0.387494
vt 0.412500 0.337488
vt 0.425000 0.387494
vt 0.425000 0.337488
vt 0.437500 0.387494
vt 0.437500 0.337488
vt 0.450000 0.387494
vt 0.450000 0.337488
vt 0.462500 0.387494
vt 0.462500 0.337488
vt 0.475000 0.387494
vt 0.475000 0.337488
vt 0.487500 0.387494
vt 0.487500 0.337488
vt 0.500000 0.387494
vt 0.500000 0.337488
vt 0.512500 0.387494
vt 0.512500 0.337488
vt 0.525000 0.387494
vt 0.525000 0.337488
vt 0.537500 0.387494
vt 0.537500 0.337488
vt 0.550000 0.387494
vt 0.550000 0.337488
vt 0.562500 0.387494
vt 0.562500 0.337488
vt 0.575000 0.387494
vt 0.575000 0.337488
vt 0.587500 0.387494
vt 0.587500 0.337488
vt 0.600000 0.387494
vt 0.600000 0.337488
vt 0.612500 0.387494
vt 0.612500 0.337488
vt 0.625000 0.387494
vt 0.625000 0.337488
vt 0.563211 0.110324
vt 0.500000 0.156250
vt 0.574309 0.132105
vt 0.545925 0.093039
vt 0.524144 0.081941
vt 0.500000 0.078117
vt 0.475856 0.081941
vt 0.454075 0.093039
vt 0.436789 0.110325
vt 0.425691 0.132106
vt 0.421867 0.156250
vt 0.425691 0.180394
vt 0.436789 0.202175
vt 0.454075 0.219461
vt 0.475856 0.230559
vt 0.500000 0.234383
vt 0.524144 0.230559
vt 0.545925 0.219461
vt 0.563211 0.202175
vt 0.574309 0.180394
vt 0.578133 0.156250
vt 0.574309 0.867895
vt 0.500000 0.843750
vt 0.563211 0.889675
vt 0.545925 0.906961
vt 0.524144 0.918059
vt 0.500000 0.921883
vt 0.475856 0.918059
vt 0.454075 0.906961
vt 0.436789 0.889675
vt 0.425691 0.867894
vt 0.421867 0.843750
vt 0.425691 0.819606
vt 0.436789 0.797825
vt 0.454075 0.780539
vt 0.475856 0.769441
vt 0.500000 0.765617
vt 0.524144 0.769441
vt 0.545925 0.780539
vt 0.563211 0.797825
vt 0.574309 0.819606
vt 0.578133 0.843750
vt 0.612500 0.625000
vt 0.612500 0.662512
vt 0.625000 0.662512
vt 0.625000 0.625000
vt 0.600000 0.625000
vt 0.600000 0.662512
vt 0.587500 0.625000
vt 0.587500 0.662512
vt 0.575000 0.625000
vt 0.575000 0.662512
vt 0.562500 0.625000
vt 0.562500 0.662512
vt 0.550000 0.625000
vt 0.550000 0.662512
vt 0.537500 0.625000
vt 0.537500 0.662512
vt 0.525000 0.625000
vt 0.525000 0.662512
vt 0.512500 0.625000
vt 0.512500 0.662512
vt 0.500000 0.625000
vt 0.500000 0.662512
vt 0.487500 0.625000
vt 0.487500 0.662512
vt 0.475000 0.625000
vt 0.475000 0.662512
vt 0.462500 0.625000
vt 0.462500 0.662512
vt 0.450000 0.625000
vt 0.450000 0.662512
vt 0.437500 0.625000
vt 0.437500 0.662512
vt 0.425000 0.625000
vt 0.425000 0.662512
vt 0.412500 0.625000
vt 0.412500 0.662512
vt 0.400000 0.625000
vt 0.400000 0.662512
vt 0.387500 0.625000
vt 0.387500 0.662512
vt 0.375000 0.625000
vt 0.375000 0.662512
vt 0.387500 0.312500
vt 0.375000 0.312500
vt 0.648603 0.107966
vt 0.626409 0.064408
vt 0.400000 0.312500
vt 0.591842 0.029841
vt 0.412500 0.312500
vt 0.548284 0.007647
vt 0.425000 0.312500
vt 0.500000 -0.000000
vt 0.437500 0.312500
vt 0.451716 0.007647
vt 0.450000 0.312500
vt 0.408159 0.029841
vt 0.462500 0.312500
vt 0.373591 0.064409
vt 0.475000 0.312500
vt 0.351397 0.107966
vt 0.487500 0.312500
vt 0.343750 0.156250
vt 0.500000 0.312500
vt 0.351397 0.204534
vt 0.512500 0.312500
vt 0.373591 0.248091
vt 0.525000 0.312500
vt 0.408159 0.282659
vt 0.537500 0.312500
vt 0.451716 0.304853
vt 0.550000 0.312500
vt 0.500000 0.312500
vt 0.562500 0.312500
vt 0.548284 0.304853
vt 0.575000 0.312500
vt 0.591841 0.282659
vt 0.587500 0.312500
vt 0.626409 0.248091
vt 0.600000 0.312500
vt 0.648603 0.204534
vt 0.612500 0.312500
vt 0.656250 0.156250
vt 0.625000 0.312500
vt 0.626409 0.935591
vt 0.648603 0.892034
vt 0.375000 0.687500
vt 0.387500 0.687500
vt 0.591841 0.970159
vt 0.400000 0.687500
vt 0.548284 0.992353
vt 0.412500 0.687500
vt 0.500000 1.000000
vt 0.425000 0.687500
vt 0.451716 0.992353
vt 0.437500 0.687500
vt 0.408159 0.970159
vt 0.450000 0.687500
vt 0.373591 0.935591
vt 0.462500 0.687500
vt 0.351397 0.892034
vt 0.475000 0.687500
vt 0.343750 0.843750
vt 0.487500 0.687500
vt 0.351397 0.795466
vt 0.500000 0.687500
vt 0.373591 0.751909
vt 0.512500 0.687500
vt 0.408159 0.717341
vt 0.525000 0.687500
vt 0.451716 0.695147
vt 0.537500 0.687500
vt 0.500000 0.687500
vt 0.550000 0.687500
vt 0.548284 0.695147
vt 0.562500 0.687500
vt 0.591842 0.717341
vt 0.575000 0.687500
vt 0.626409 0.751908
vt 0.587500 0.687500
vt 0.648603 0.795466
vt 0.600000 0.687500
vt 0.656250 0.843750
vt 0.612500 0.687500
vt 0.625000 0.687500
vt 0.625000 0.562500
vt 0.612500 0.562500
vt 0.600000 0.562500
vt 0.587500 0.562500
vt 0.575000 0.562500
vt 0.562500 0.562500
vt 0.550000 0.562500
vt 0.537500 0.562500
vt 0.525000 0.562500
vt 0.512500 0.562500
vt 0.500000 0.562500
vt 0.487500 0.562500
vt 0.475000 0.562500
vt 0.462500 0.562500
vt 0.450000 0.562500
vt 0.437500 0.562500
vt 0.425000 0.562500
vt 0.412500 0.562500
vt 0.400000 0.562500
vt 0.387500 0.562500
vt 0.375000 0.562500
vt 0.000000 0.125000
vt 0.000000 0.250000
vt 0.125000 0.250000
vt 0.125000 0.125000
vt 0.250000 0.250000
vt 0.250000 0.125000
vt 0.375000 0.250000
vt 0.375000 0.125000
vt 0.500000 0.250000
vt 0.500000 0.125000
vt 0.625000 0.250000
vt 0.625000 0.125000
vt 0.750000 0.250000
vt 0.750000 0.125000
vt 0.875000 0.250000
vt 0.875000 0.125000
vt 1.000000 0.250000
vt 1.000000 0.125000
vt 0.000000 0.375000
vt 0.125000 0.375000
vt 0.250000 0.375000
vt 0.375000 0.375000
vt 0.500000 0.375000
vt 0.625000 0.375000
vt 0.750000 0.375000
vt 0.875000 0.375000
vt 1.000000 0.375000
vt 0.000000 0.500000
vt 0.125000 0.500000
vt 0.250000 0.500000
vt 0.375000 0.500000
vt 0.500000 0.500000
vt 0.625000 0.500000
vt 0.750000 0.500000
vt 0.875000 0.500000
vt 1.000000 0.500000
vt 0.000000 0.625000
vt 0.125000 0.625000
vt 0.250000 0.625000
vt 0.375000 0.625000
vt 0.500000 0.625000
vt 0.625000 0.625000
vt 0.750000 0.625000
vt 0.875000 0.625000
vt 1.000000 0.625000
vt 0.000000 0.750000
vt 0.125000 0.750000
vt 0.250000 0.750000
vt 0.375000 0.750000
vt 0.500000 0.750000
vt 0.625000 0.750000
vt 0.750000 0.750000
vt 0.875000 0.750000
vt 1.000000 0.750000
vt 0.000000 0.875000
vt 0.125000 0.875000
vt 0.250000 0.875000
vt 0.375000 0.875000
vt 0.500000 0.875000
vt 0.625000 0.875000
vt 0.750000 0.875000
vt 0.875000 0.875000
vt 1.000000 0.875000
vt 0.062500 0.000000
vt 0.187500 0.000000
vt 0.312500 0.000000
vt 0.437500 0.000000
vt 0.562500 0.000000
vt 0.687500 0.000000
vt 0.812500 0.000000
vt 0.937500 0.000000
vt 0.062500 1.000000
vt 0.187500 1.000000
vt 0.312500 1.000000
vt 0.437500 1.000000
vt 0.562500 1.000000
vt 0.687500 1.000000
vt 0.812500 1.000000
vt 0.937500 1.000000
vt 0.000000 0.125000
vt 0.000000 0.250000
vt 0.125000 0.250000
vt 0.125000 0.125000
vt 0.625000 0.125000
vt 0.625000 0.250000
vt 0.750000 0.250000
vt 0.750000 0.125000
vt 0.875000 0.250000
vt 0.875000 0.125000
vt 1.000000 0.250000
vt 1.000000 0.125000
vt 0.000000 0.375000
vt 0.125000 0.375000
vt 0.625000 0.375000
vt 0.750000 0.375000
vt 0.875000 0.375000
vt 1.000000 0.375000
vt 0.000000 0.500000
vt 0.125000 0.500000
vt 0.625000 0.500000
vt 0.750000 0.500000
vt 0.875000 0.500000
vt 1.000000 0.500000
vt 0.000000 0.625000
vt 0.125000 0.625000
vt 0.625000 0.625000
vt 0.750000 0.625000
vt 0.875000 0.625000
vt 1.000000 0.625000
vt 0.000000 0.750000
vt 0.125000 0.750000
vt 0.625000 0.750000
vt 0.750000 0.750000
vt 0.875000 0.750000
vt 1.000000 0.750000
vt 0.000000 0.875000
vt 0.125000 0.875000
vt 0.625000 0.875000
vt 0.750000 0.875000
vt 0.875000 0.875000
vt 1.000000 0.875000
vt 0.062500 0.000000
vt 0.687500 0.000000
vt 0.812500 0.000000
vt 0.937500 0.000000
vt 0.062500 1.000000
vt 0.687500 1.000000
vt 0.812500 1.000000
vt 0.937500 1.000000
vt 0.000000 0.125000
vt 0.125000 0.125000
vt 0.125000 0.250000
vt 0.000000 0.250000
vt 0.250000 0.125000
vt 0.250000 0.250000
vt 0.375000 0.125000
vt 0.375000 0.250000
vt 0.500000 0.125000
vt 0.500000 0.250000
vt 0.625000 0.125000
vt 0.625000 0.250000
vt 0.750000 0.125000
vt 0.750000 0.250000
vt 0.875000 0.125000
vt 0.875000 0.250000
vt 1.000000 0.125000
vt 1.000000 0.250000
vt 0.125000 0.375000
vt 0.000000 0.375000
vt 0.250000 0.375000
vt 0.375000 0.375000
vt 0.500000 0.375000
vt 0.625000 0.375000
vt 0.750000 0.375000
vt 0.875000 0.375000
vt 1.000000 0.375000
vt 0.125000 0.500000
vt 0.000000 0.500000
vt 0.250000 0.500000
vt 0.375000 0.500000
vt 0.500000 0.500000
vt 0.625000 0.500000
vt 0.750000 0.500000
vt 0.875000 0.500000
vt 1.000000 0.500000
vt 0.125000 0.625000
vt 0.000000 0.625000
vt 0.250000 0.625000
vt 0.375000 0.625000
vt 0.500000 0.625000
vt 0.625000 0.625000
vt 0.750000 0.625000
vt 0.875000 0.625000
vt 1.000000 0.625000
vt 0.125000 0.750000
vt 0.000000 0.750000
vt 0.250000 0.750000
vt 0.375000 0.750000
vt 0.500000 0.750000
vt 0.625000 0.750000
vt 0.750000 0.750000
vt 0.875000 0.750000
vt 1.000000 0.750000
vt 0.125000 0.875000
vt 0.000000 0.875000
vt 0.250000 0.875000
vt 0.375000 0.875000
vt 0.500000 0.875000
vt 0.625000 0.875000
vt 0.750000 0.875000
vt 0.875000 0.875000
vt 1.000000 0.875000
vt 0.062500 0.000000
vt 0.187500 0.000000
vt 0.312500 0.000000
vt 0.437500 0.000000
vt 0.562500 0.000000
vt 0.687500 0.000000
vt 0.812500 0.000000
vt 0.937500 0.000000
vt 0.062500 1.000000
vt 0.187500 1.000000
vt 0.312500 1.000000
vt 0.437500 1.000000
vt 0.562500 1.000000
vt 0.687500 1.000000
vt 0.812500 1.000000
vt 0.937500 1.000000
vt 0.000000 0.125000
vt 0.125000 0.125000
vt 0.125000 0.250000
vt 0.000000 0.250000
vt 0.250000 0.125000
vt 0.250000 0.250000
vt 0.375000 0.125000
vt 0.375000 0.250000
vt 0.500000 0.125000
vt 0.500000 0.250000
vt 0.625000 0.125000
vt 0.625000 0.250000
vt 0.750000 0.125000
vt 0.750000 0.250000
vt 0.875000 0.125000
vt 0.875000 0.250000
vt 1.000000 0.125000
vt 1.000000 0.250000
vt 0.125000 0.375000
vt 0.000000 0.375000
vt 0.250000 0.375000
vt 0.375000 0.375000
vt 0.500000 0.375000
vt 0.625000 0.375000
vt 0.750000 0.375000
vt 0.875000 0.375000
vt 1.000000 0.375000
vt 0.125000 0.500000
vt 0.000000 0.500000
vt 0.250000 0.500000
vt 0.375000 0.500000
vt 0.500000 0.500000
vt 0.625000 0.500000
vt 0.750000 0.500000
vt 0.875000 0.500000
vt 1.000000 0.500000
vt 0.125000 0.625000
vt 0.000000 0.625000
vt 0.250000 0.625000
vt 0.375000 0.625000
vt 0.500000 0.625000
vt 0.625000 0.625000
vt 0.750000 0.625000
vt 0.875000 0.625000
vt 1.000000 0.625000
vt 0.125000 0.750000
vt 0.000000 0.750000
vt 0.250000 0.750000
vt 0.375000 0.750000
vt 0.500000 0.750000
vt 0.625000 0.750000
vt 0.750000 0.750000
vt 0.875000 0.750000
vt 1.000000 0.750000
vt 0.125000 0.875000
vt 0.000000 0.875000
vt 0.250000 0.875000
vt 0.375000 0.875000
vt 0.500000 0.875000
vt 0.625000 0.875000
vt 0.750000 0.875000
vt 0.875000 0.875000
vt 1.000000 0.875000
vt 0.062500 0.000000
vt 0.187500 0.000000
vt 0.312500 0.000000
vt 0.437500 0.000000
vt 0.562500 0.000000
vt 0.687500 0.000000
vt 0.812500 0.000000
vt 0.937500 0.000000
vt 0.062500 1.000000
vt 0.187500 1.000000
vt 0.312500 1.000000
vt 0.437500 1.000000
vt 0.562500 1.000000
vt 0.687500 1.000000
vt 0.812500 1.000000
vt 0.937500 1.000000
vt 0.000000 0.125000
vt 0.125000 0.125000
vt 0.125000 0.250000
vt 0.000000 0.250000
vt 0.250000 0.125000
vt 0.250000 0.250000
vt 0.375000 0.125000
vt 0.375000 0.250000
vt 0.500000 0.125000
vt 0.500000 0.250000
vt 0.625000 0.125000
vt 0.625000 0.250000
vt 0.750000 0.125000
vt 0.750000 0.250000
vt 0.875000 0.125000
vt 0.875000 0.250000
vt 1.000000 0.125000
vt 1.000000 0.250000
vt 0.125000 0.375000
vt 0.000000 0.375000
vt 0.250000 0.375000
vt 0.375000 0.375000
vt 0.500000 0.375000
vt 0.625000 0.375000
vt 0.750000 0.375000
vt 0.875000 0.375000
vt 1.000000 0.375000
vt 0.125000 0.500000
vt 0.000000 0.500000
vt 0.250000 0.500000
vt 0.375000 0.500000
vt 0.500000 0.500000
vt 0.625000 0.500000
vt 0.750000 0.500000
vt 0.875000 0.500000
vt 1.000000 0.500000
vt 0.125000 0.625000
vt 0.000000 0.625000
vt 0.250000 0.625000
vt 0.375000 0.625000
vt 0.500000 0.625000
vt 0.625000 0.625000
vt 0.750000 0.625000
vt 0.875000 0.625000
vt 1.000000 0.625000
vt 0.125000 0.750000
vt 0.000000 0.750000
vt 0.250000 0.750000
vt 0.375000 0.750000
vt 0.500000 0.750000
vt 0.625000 0.750000
vt 0.750000 0.750000
vt 0.875000 0.750000
vt 1.000000 0.750000
vt 0.125000 0.875000
vt 0.000000 0.875000
vt 0.250000 0.875000
vt 0.375000 0.875000
vt 0.500000 0.875000
vt 0.625000 0.875000
vt 0.750000 0.875000
vt 0.875000 0.875000
vt 1.000000 0.875000
vt 0.062500 0.000000
vt 0.187500 0.000000
vt 0.312500 0.000000
vt 0.437500 0.000000
vt 0.562500 0.000000
vt 0.687500 0.000000
vt 0.812500 0.000000
vt 0.937500 0.000000
vt 0.062500 1.000000
vt 0.187500 1.000000
vt 0.312500 1.000000
vt 0.437500 1.000000
vt 0.562500 1.000000
vt 0.687500 1.000000
vt 0.812500 1.000000
vt 0.937500 1.000000
vt 0.000000 0.125000
vt 0.125000 0.125000
vt 0.125000 0.250000
vt 0.000000 0.250000
vt 0.250000 0.125000
vt 0.250000 0.250000
vt 0.375000 0.125000
vt 0.375000 0.250000
vt 0.500000 0.125000
vt 0.500000 0.250000
vt 0.625000 0.125000
vt 0.625000 0.250000
vt 0.750000 0.125000
vt 0.750000 0.250000
vt 0.875000 0.125000
vt 0.875000 0.250000
vt 1.000000 0.125000
vt 1.000000 0.250000
vt 0.125000 0.375000
vt 0.000000 0.375000
vt 0.250000 0.375000
vt 0.375000 0.375000
vt 0.500000 0.375000
vt 0.625000 0.375000
vt 0.750000 0.375000
vt 0.875000 0.375000
vt 1.000000 0.375000
vt 0.125000 0.500000
vt 0.000000 0.500000
vt 0.250000 0.500000
vt 0.375000 0.500000
vt 0.500000 0.500000
vt 0.625000 0.500000
vt 0.750000 0.500000
vt 0.875000 0.500000
vt 1.000000 0.500000
vt 0.125000 0.625000
vt 0.000000 0.625000
vt 0.250000 0.625000
vt 0.375000 0.625000
vt 0.500000 0.625000
vt 0.625000 0.625000
vt 0.750000 0.625000
vt 0.875000 0.625000
vt 1.000000 0.625000
vt 0.125000 0.750000
vt 0.000000 0.750000
vt 0.250000 0.750000
vt 0.375000 0.750000
vt 0.500000 0.750000
vt 0.625000 0.750000
vt 0.750000 0.750000
vt 0.875000 0.750000
vt 1.000000 0.750000
vt 0.125000 0.875000
vt 0.000000 0.875000
vt 0.250000 0.875000
vt 0.375000 0.875000
vt 0.500000 0.875000
vt 0.625000 0.875000
vt 0.750000 0.875000
vt 0.875000 0.875000
vt 1.000000 0.875000
vt 0.062500 0.000000
vt 0.187500 0.000000
vt 0.312500 0.000000
vt 0.437500 0.000000
vt 0.562500 0.000000
vt 0.687500 0.000000
vt 0.812500 0.000000
vt 0.937500 0.000000
vt 0.062500 1.000000
vt 0.187500 1.000000
vt 0.312500 1.000000
vt 0.437500 1.000000
vt 0.562500 1.000000
vt 0.687500 1.000000
vt 0.812500 1.000000
vt 0.937500 1.000000
vt 0.375000 0.312500
vt 0.387500 0.312500
vt 0.387500 0.375000
vt 0.375000 0.375000
vt 0.400000 0.312500
vt 0.400000 0.375000
vt 0.412500 0.312500
vt 0.412500 0.375000
vt 0.425000 0.312500
vt 0.425000 0.375000
vt 0.437500 0.312500
vt 0.437500 0.375000
vt 0.450000 0.312500
vt 0.450000 0.375000
vt 0.462500 0.312500
vt 0.462500 0.375000
vt 0.475000 0.312500
vt 0.475000 0.375000
vt 0.487500 0.312500
vt 0.487500 0.375000
vt 0.612500 0.312500
vt 0.625000 0.312500
vt 0.625000 0.375000
vt 0.612500 0.375000
vt 0.626409 0.064408
vt 0.648603 0.107966
vt 0.500000 0.156250
vt 0.591842 0.029841
vt 0.548284 0.007647
vt 0.500000 -0.000000
vt 0.451716 0.007647
vt 0.408159 0.029841
vt 0.373591 0.064409
vt 0.351397 0.107966
vt 0.343750 0.156250
vt 0.656250 0.156250
vt 0.648603 0.892034
vt 0.626409 0.935591
vt 0.563204 0.889671
vt 0.574301 0.867892
vt 0.591841 0.970159
vt 0.545921 0.906954
vt 0.548284 0.992353
vt 0.524142 0.918051
vt 0.500000 1.000000
vt 0.500000 0.921875
vt 0.451716 0.992353
vt 0.475858 0.918051
vt 0.408159 0.970159
vt 0.454079 0.906954
vt 0.373591 0.935591
vt 0.436796 0.889671
vt 0.351397 0.892034
vt 0.425699 0.867892
vt 0.415625 0.765625
vt 0.421875 0.843750
vt 0.634375 0.765625
vt 0.578125 0.843750
vt 0.625000 0.437500
vt 0.612500 0.437500
vt 0.487500 0.437500
vt 0.475000 0.437500
vt 0.462500 0.437500
vt 0.450000 0.437500
vt 0.437500 0.437500
vt 0.425000 0.437500
vt 0.412500 0.437500
vt 0.400000 0.437500
vt 0.387500 0.437500
vt 0.375000 0.437500
vt 0.625000 0.500000
vt 0.612500 0.500000
vt 0.487500 0.500000
vt 0.475000 0.500000
vt 0.462500 0.500000
vt 0.450000 0.500000
vt 0.437500 0.500000
vt 0.425000 0.500000
vt 0.412500 0.500000
vt 0.400000 0.500000
vt 0.387500 0.500000
vt 0.375000 0.500000
vt 0.625000 0.562500
vt 0.612500 0.562500
vt 0.487500 0.562500
vt 0.475000 0.562500
vt 0.462500 0.562500
vt 0.450000 0.562500
vt 0.437500 0.562500
vt 0.425000 0.562500
vt 0.412500 0.562500
vt 0.400000 0.562500
vt 0.387500 0.562500
vt 0.375000 0.562500
vt 0.625000 0.625000
vt 0.612500 0.625000
vt 0.487500 0.625000
vt 0.475000 0.625000
vt 0.462500 0.625000
vt 0.450000 0.625000
vt 0.437500 0.625000
vt 0.425000 0.625000
vt 0.412500 0.625000
vt 0.400000 0.625000
vt 0.387500 0.625000
vt 0.375000 0.625000
vt 0.625000 0.656250
vt 0.612500 0.656250
vt 0.487500 0.656250
vt 0.475000 0.656250
vt 0.462500 0.656250
vt 0.450000 0.656250
vt 0.437500 0.656250
vt 0.425000 0.656250
vt 0.412500 0.656250
vt 0.400000 0.656250
vt 0.387500 0.656250
vt 0.375000 0.656250
vt 0.500000 0.843750
vt 0.475000 0.687500
vt 0.462500 0.687500
vt 0.450000 0.687500
vt 0.437500 0.687500
vt 0.425000 0.687500
vt 0.412500 0.687500
vt 0.400000 0.687500
vt 0.387500 0.687500
vt 0.375000 0.687500
vt 0.625000 0.687500
vt 0.000000 0.125000
vt 0.125000 0.125000
vt 0.125000 0.250000
vt 0.000000 0.250000
vt 0.250000 0.125000
vt 0.250000 0.250000
vt 0.375000 0.125000
vt 0.375000 0.250000
vt 0.500000 0.125000
vt 0.500000 0.250000
vt 0.625000 0.125000
vt 0.625000 0.250000
vt 0.750000 0.125000
vt 0.750000 0.250000
vt 0.875000 0.125000
vt 0.875000 0.250000
vt 1.000000 0.125000
vt 1.000000 0.250000
vt 0.125000 0.375000
vt 0.000000 0.375000
vt 0.250000 0.375000
vt 0.375000 0.375000
vt 0.500000 0.375000
vt 0.625000 0.375000
vt 0.750000 0.375000
vt 0.875000 0.375000
vt 1.000000 0.375000
vt 0.125000 0.500000
vt 0.000000 0.500000
vt 0.250000 0.500000
vt 0.375000 0.500000
vt 0.500000 0.500000
vt 0.625000 0.500000
vt 0.750000 0.500000
vt 0.875000 0.500000
vt 1.000000 0.500000
vt 0.125000 0.625000
vt 0.000000 0.625000
vt 0.250000 0.625000
vt 0.375000 0.625000
vt 0.500000 0.625000
vt 0.625000 0.625000
vt 0.750000 0.625000
vt 0.875000 0.625000
vt 1.000000 0.625000
vt 0.125000 0.750000
vt 0.000000 0.750000
vt 0.250000 0.750000
vt 0.375000 0.750000
vt 0.500000 0.750000
vt 0.625000 0.750000
vt 0.750000 0.750000
vt 0.875000 0.750000
vt 1.000000 0.750000
vt 0.125000 0.875000
vt 0.000000 0.875000
vt 0.250000 0.875000
vt 0.375000 0.875000
vt 0.500000 0.875000
vt 0.625000 0.875000
vt 0.750000 0.875000
vt 0.875000 0.875000
vt 1.000000 0.875000
vt 0.062500 0.000000
vt 0.187500 0.000000
vt 0.312500 0.000000
vt 0.437500 0.000000
vt 0.562500 0.000000
vt 0.687500 0.000000
vt 0.812500 0.000000
vt 0.937500 0.000000
vt 0.062500 1.000000
vt 0.187500 1.000000
vt 0.312500 1.000000
vt 0.437500 1.000000
vt 0.562500 1.000000
vt 0.687500 1.000000
vt 0.812500 1.000000
vt 0.937500 1.000000
vt 0.625000 0.500000
vt 0.625000 0.437500
vt 0.612500 0.437500
vt 0.612500 0.500000
vt 0.600000 0.437500
vt 0.600000 0.500000
vt 0.587500 0.437500
vt 0.587500 0.500000
vt 0.575000 0.437500
vt 0.575000 0.500000
vt 0.562500 0.437500
vt 0.562500 0.500000
vt 0.550000 0.437500
vt 0.550000 0.500000
vt 0.537500 0.437500
vt 0.537500 0.500000
vt 0.525000 0.437500
vt 0.525000 0.500000
vt 0.512500 0.437500
vt 0.512500 0.500000
vt 0.500000 0.437500
vt 0.500000 0.500000
vt 0.487500 0.437500
vt 0.487500 0.500000
vt 0.475000 0.437500
vt 0.475000 0.500000
vt 0.462500 0.437500
vt 0.462500 0.500000
vt 0.450000 0.437500
vt 0.450000 0.500000
vt 0.437500 0.437500
vt 0.437500 0.500000
vt 0.425000 0.437500
vt 0.425000 0.500000
vt 0.412500 0.437500
vt 0.412500 0.500000
vt 0.400000 0.437500
vt 0.400000 0.500000
vt 0.387500 0.437500
vt 0.387500 0.500000
vt 0.375000 0.437500
vt 0.375000 0.500000
vt 0.612500 0.375000
vt 0.625000 0.375000
vt 0.600000 0.375000
vt 0.587500 0.375000
vt 0.575000 0.375000
vt 0.562500 0.375000
vt 0.550000 0.375000
vt 0.537500 0.375000
vt 0.525000 0.375000
vt 0.512500 0.375000
vt 0.500000 0.375000
vt 0.487500 0.375000
vt 0.475000 0.375000
vt 0.462500 0.375000
vt 0.450000 0.375000
vt 0.437500 0.375000
vt 0.425000 0.375000
vt 0.412500 0.375000
vt 0.400000 0.375000
vt 0.387500 0.375000
vt 0.375000 0.375000
vt 0.375000 0.337488
vt 0.387500 0.337488
vt 0.400000 0.337488
vt 0.412500 0.337488
vt 0.425000 0.337488
vt 0.437500 0.337488
vt 0.450000 0.337488
vt 0.462500 0.337488
vt 0.475000 0.337488
vt 0.487500 0.337488
vt 0.500000 0.337488
vt 0.512500 0.337488
vt 0.525000 0.337488
vt 0.537500 0.337488
vt 0.550000 0.337488
vt 0.562500 0.337488
vt 0.575000 0.337488
vt 0.587500 0.337488
vt 0.600000 0.337488
vt 0.612500 0.337488
vt 0.625000 0.337488
vt 0.563211 0.110324
vt 0.500000 0.156250
vt 0.574309 0.132105
vt 0.545925 0.093039
vt 0.524144 0.081941
vt 0.500000 0.078117
vt 0.475856 0.081941
vt 0.454075 0.093039
vt 0.436789 0.110325
vt 0.425691 0.132106
vt 0.421867 0.156250
vt 0.425691 0.180394
vt 0.436789 0.202175
vt 0.454075 0.219461
vt 0.475856 0.230559
vt 0.500000 0.234383
vt 0.524144 0.230559
vt 0.545925 0.219461
vt 0.563211 0.202175
vt 0.574309 0.180394
vt 0.578133 0.156250
vt 0.574309 0.867895
vt 0.500000 0.843750
vt 0.563211 0.889675
vt 0.545925 0.906961
vt 0.524144 0.918059
vt 0.500000 0.921883
vt 0.475856 0.918059
vt 0.454075 0.906961
vt 0.436789 0.889675
vt 0.425691 0.867894
vt 0.421867 0.843750
vt 0.425691 0.819606
vt 0.436789 0.797825
vt 0.454075 0.780539
vt 0.475856 0.769441
vt 0.500000 0.765617
vt 0.524144 0.769441
vt 0.545925 0.780539
vt 0.563211 0.797825
vt 0.574309 0.819606
vt 0.578133 0.843750
vt 0.612500 0.625000
vt 0.612500 0.662512
vt 0.625000 0.662512
vt 0.625000 0.625000
vt 0.600000 0.625000
vt 0.600000 0.662512
vt 0.587500 0.625000
vt 0.587500 0.662512
vt 0.575000 0.625000
vt 0.575000 0.662512
vt 0.562500 0.625000
vt 0.562500 0.662512
vt 0.550000 0.625000
vt 0.550000 0.662512
vt 0.537500 0.625000
vt 0.537500 0.662512
vt 0.525000 0.625000
vt 0.525000 0.662512
vt 0.512500 0.625000
vt 0.512500 0.662512
vt 0.500000 0.625000
vt 0.500000 0.662512
vt 0.487500 0.625000
vt 0.487500 0.662512
vt 0.475000 0.625000
vt 0.475000 0.662512
vt 0.462500 0.625000
vt 0.462500 0.662512
vt 0.450000 0.625000
vt 0.450000 0.662512
vt 0.437500 0.625000
vt 0.437500 0.662512
vt 0.425000 0.625000
vt 0.425000 0.662512
vt 0.412500 0.625000
vt 0.412500 0.662512
vt 0.400000 0.625000
vt 0.400000 0.662512
vt 0.387500 0.625000
vt 0.387500 0.662512
vt 0.375000 0.625000
vt 0.375000 0.662512
vt 0.387500 0.312500
vt 0.375000 0.312500
vt 0.648603 0.107966
vt 0.626409 0.064408
vt 0.400000 0.312500
vt 0.591842 0.029841
vt 0.412500 0.312500
vt 0.548284 0.007647
vt 0.425000 0.312500
vt 0.500000 -0.000000
vt 0.437500 0.312500
vt 0.451716 0.007647
vt 0.450000 0.312500
vt 0.408159 0.029841
vt 0.462500 0.312500
vt 0.373591 0.064409
vt 0.475000 0.312500
vt 0.351397 0.107966
vt 0.487500 0.312500
vt 0.343750 0.156250
vt 0.500000 0.312500
vt 0.351397 0.204534
vt 0.512500 0.312500
vt 0.373591 0.248091
vt 0.525000 0.312500
vt 0.408159 0.282659
vt 0.537500 0.312500
vt 0.451716 0.304853
vt 0.550000 0.312500
vt 0.500000 0.312500
vt 0.562500 0.312500
vt 0.548284 0.304853
vt 0.575000 0.312500
vt 0.591841 0.282659
vt 0.587500 0.312500
vt 0.626409 0.248091
vt 0.600000 0.312500
vt 0.648603 0.204534
vt 0.612500 0.312500
vt 0.656250 0.156250
vt 0.625000 0.312500
vt 0.626409 0.935591
vt 0.648603 0.892034
vt 0.375000 0.687500
vt 0.387500 0.687500
vt 0.591841 0.970159
vt 0.400000 0.687500
vt 0.548284 0.992353
vt 0.412500 0.687500
vt 0.500000 1.000000
vt 0.425000 0.687500
vt 0.451716 0.992353
vt 0.437500 0.687500
vt 0.408159 0.970159
vt 0.450000 0.687500
vt 0.373591 0.935591
vt 0.462500 0.687500
vt 0.351397 0.892034
vt 0.475000 0.687500
vt 0.343750 0.843750
vt 0.487500 0.687500
vt 0.351397 0.795466
vt 0.500000 0.687500
vt 0.373591 0.751909
vt 0.512500 0.687500
vt 0.408159 0.717341
vt 0.525000 0.687500
vt 0.451716 0.695147
vt 0.537500 0.687500
vt 0.500000 0.687500
vt 0.550000 0.687500
vt 0.548284 0.695147
vt 0.562500 0.687500
vt 0.591842 0.717341
vt 0.575000 0.687500
vt 0.626409 0.751908
vt 0.587500 0.687500
vt 0.648603 0.795466
vt 0.600000 0.687500
vt 0.656250 0.843750
vt 0.612500 0.687500
vt 0.625000 0.687500
vt 0.625000 0.562500
vt 0.612500 0.562500
vt 0.600000 0.562500
vt 0.587500 0.562500
vt 0.575000 0.562500
vt 0.562500 0.562500
vt 0.550000 0.562500
vt 0.537500 0.562500
vt 0.525000 0.562500
vt 0.512500 0.562500
vt 0.500000 0.562500
vt 0.487500 0.562500
vt 0.475000 0.562500
vt 0.462500 0.562500
vt 0.450000 0.562500
vt 0.437500 0.562500
vt 0.425000 0.562500
vt 0.412500 0.562500
vt 0.400000 0.562500
vt 0.387500 0.562500
vt 0.375000 0.562500
vt 0.612500 0.562500
vt 0.612500 0.612506
vt 0.625000 0.612506
vt 0.625000 0.562500
vt 0.600000 0.562500
vt 0.600000 0.612506
vt 0.587500 0.562500
vt 0.587500 0.612506
vt 0.575000 0.562500
vt 0.575000 0.612506
vt 0.562500 0.562500
vt 0.562500 0.612506
vt 0.550000 0.562500
vt 0.550000 0.612506
vt 0.537500 0.562500
vt 0.537500 0.612506
vt 0.525000 0.562500
vt 0.525000 0.612506
vt 0.512500 0.562500
vt 0.512500 0.612506
vt 0.500000 0.562500
vt 0.500000 0.612506
vt 0.487500 0.562500
vt 0.487500 0.612506
vt 0.475000 0.562500
vt 0.475000 0.612506
vt 0.462500 0.562500
vt 0.462500 0.612506
vt 0.450000 0.562500
vt 0.450000 0.612506
vt 0.437500 0.562500
vt 0.437500 0.612506
vt 0.425000 0.562500
vt 0.425000 0.612506
vt 0.412500 0.562500
vt 0.412500 0.612506
vt 0.400000 0.562500
vt 0.400000 0.612506
vt 0.387500 0.562500
vt 0.387500 0.612506
vt 0.375000 0.562500
vt 0.375000 0.612506
vt 0.612500 0.500000
vt 0.625000 0.500000
vt 0.600000 0.500000
vt 0.587500 0.500000
vt 0.575000 0.500000
vt 0.562500 0.500000
vt 0.550000 0.500000
vt 0.537500 0.500000
vt 0.525000 0.500000
vt 0.512500 0.500000
vt 0.500000 0.500000
vt 0.487500 0.500000
vt 0.475000 0.500000
vt 0.462500 0.500000
vt 0.450000 0.500000
vt 0.437500 0.500000
vt 0.425000 0.500000
vt 0.412500 0.500000
vt 0.400000 0.500000
vt 0.387500 0.500000
vt 0.375000 0.500000
vt 0.612500 0.437500
vt 0.625000 0.437500
vt 0.600000 0.437500
vt 0.587500 0.437500
vt 0.575000 0.437500
vt 0.562500 0.437500
vt 0.550000 0.437500
vt 0.537500 0.437500
vt 0.525000 0.437500
vt 0.512500 0.437500
vt 0.500000 0.437500
vt 0.487500 0.437500
vt 0.475000 0.437500
vt 0.462500 0.437500
vt 0.450000 0.437500
vt 0.437500 0.437500
vt 0.425000 0.437500
vt 0.412500 0.437500
vt 0.400000 0.437500
vt 0.387500 0.437500
vt 0.375000 0.437500
vt 0.612500 0.375000
vt 0.625000 0.375000
vt 0.600000 0.375000
vt 0.587500 0.375000
vt 0.575000 0.375000
vt 0.562500 0.375000
vt 0.550000 0.375000
vt 0.537500 0.375000
vt 0.525000 0.375000
vt 0.512500 0.375000
vt 0.500000 0.375000
vt 0.487500 0.375000
vt 0.475000 0.375000
vt 0.462500 0.375000
vt 0.450000 0.375000
vt 0.437500 0.375000
vt 0.425000 0.375000
vt 0.412500 0.375000
vt 0.400000 0.375000
vt 0.387500 0.375000
vt 0.375000 0.375000
vt 0.375000 0.337488
vt 0.387500 0.337488
vt 0.400000 0.337488
vt 0.412500 0.337488
vt 0.425000 0.337488
vt 0.437500 0.337488
vt 0.450000 0.337488
vt 0.462500 0.337488
vt 0.475000 0.337488
vt 0.487500 0.337488
vt 0.500000 0.337488
vt 0.512500 0.337488
vt 0.525000 0.337488
vt 0.537500 0.337488
vt 0.550000 0.337488
vt 0.562500 0.337488
vt 0.575000 0.337488
vt 0.587500 0.337488
vt 0.600000 0.337488
vt 0.612500 0.337488
vt 0.625000 0.337488
vt 0.563211 0.110324
vt 0.500000 0.156250
vt 0.574309 0.132105
vt 0.545925 0.093039
vt 0.524144 0.081941
vt 0.500000 0.078117
vt 0.475856 0.081941
vt 0.454075 0.093039
vt 0.436789 0.110325
vt 0.425691 0.132106
vt 0.421867 0.156250
vt 0.425691 0.180394
vt 0.436789 0.202175
vt 0.454075 0.219461
vt 0.475856 0.230559
vt 0.500000 0.234383
vt 0.524144 0.230559
vt 0.545925 0.219461
vt 0.563211 0.202175
vt 0.574309 0.180394
vt 0.578133 0.156250
vt 0.574309 0.867895
vt 0.500000 0.843750
vt 0.563211 0.889675
vt 0.545925 0.906961
vt 0.524144 0.918059
vt 0.500000 0.921883
vt 0.475856 0.918059
vt 0.454075 0.906961
vt 0.436789 0.889675
vt 0.425691 0.867894
vt 0.421867 0.843750
vt 0.425691 0.819606
vt 0.436789 0.797825
vt 0.454075 0.780539
vt 0.475856 0.769441
vt 0.500000 0.765617
vt 0.524144 0.769441
vt 0.545925 0.780539
vt 0.563211 0.797825
vt 0.574309 0.819606
vt 0.578133 0.843750
vt 0.387500 0.312500
vt 0.375000 0.312500
vt 0.648603 0.107966
vt 0.626409 0.064408
vt 0.400000 0.312500
vt 0.591842 0.029841
vt 0.412500 0.312500
vt 0.548284 0.007647
vt 0.425000 0.312500
vt 0.500000 -0.000000
vt 0.437500 0.312500
vt 0.451716 0.007647
vt 0.450000 0.312500
vt 0.408159 0.029841
vt 0.462500 0.312500
vt 0.373591 0.064409
vt 0.475000 0.312500
vt 0.351397 0.107966
vt 0.487500 0.312500
vt 0.343750 0.156250
vt 0.500000 0.312500
vt 0.351397 0.204534
vt 0.512500 0.312500
vt 0.373591 0.248091
vt 0.525000 0.312500
vt 0.408159 0.282659
vt 0.537500 0.312500
vt 0.451716 0.304853
vt 0.550000 0.312500
vt 0.500000 0.312500
vt 0.562500 0.312500
vt 0.548284 0.304853
vt 0.575000 0.312500
vt 0.591841 0.282659
vt 0.587500 0.312500
vt 0.626409 0.248091
vt 0.600000 0.312500
vt 0.648603 0.204534
vt 0.612500 0.312500
vt 0.656250 0.156250
vt 0.625000 0.312500
vt 0.626409 0.935591
vt 0.648603 0.892034
vt 0.375000 0.687500
vt 0.387500 0.687500
vt 0.387500 0.662512
vt 0.375000 0.662512
vt 0.591841 0.970159
vt 0.400000 0.687500
vt 0.400000 0.662512
vt 0.548284 0.992353
vt 0.412500 0.687500
vt 0.412500 0.662512
vt 0.500000 1.000000
vt 0.425000 0.687500
vt 0.425000 0.662512
vt 0.451716 0.992353
vt 0.437500 0.687500
vt 0.437500 0.662512
vt 0.408159 0.970159
vt 0.450000 0.687500
vt 0.450000 0.662512
vt 0.373591 0.935591
vt 0.462500 0.687500
vt 0.462500 0.662512
vt 0.351397 0.892034
vt 0.475000 0.687500
vt 0.475000 0.662512
vt 0.343750 0.843750
vt 0.487500 0.687500
vt 0.487500 0.662512
vt 0.351397 0.795466
vt 0.500000 0.687500
vt 0.500000 0.662512
vt 0.373591 0.751909
vt 0.512500 0.687500
vt 0.512500 0.662512
vt 0.408159 0.717341
vt 0.525000 0.687500
vt 0.525000 0.662512
vt 0.451716 0.695147
vt 0.537500 0.687500
vt 0.537500 0.662512
vt 0.500000 0.687500
vt 0.550000 0.687500
vt 0.550000 0.662512
vt 0.548284 0.695147
vt 0.562500 0.687500
vt 0.562500 0.662512
vt 0.591842 0.717341
vt 0.575000 0.687500
vt 0.575000 0.662512
vt 0.626409 0.751908
vt 0.587500 0.687500
vt 0.587500 0.662512
vt 0.648603 0.795466
vt 0.600000 0.687500
vt 0.600000 0.662512
vt 0.656250 0.843750
vt 0.612500 0.687500
vt 0.612500 0.662512
vt 0.625000 0.662512
vt 0.625000 0.687500
vt 0.000000 0.125000
vt 0.000000 0.250000
vt 0.125000 0.250000
vt 0.125000 0.125000
vt 0.250000 0.250000
vt 0.250000 0.125000
vt 0.375000 0.250000
vt 0.375000 0.125000
vt 0.500000 0.250000
vt 0.500000 0.125000
vt 0.625000 0.250000
vt 0.625000 0.125000
vt 0.750000 0.250000
vt 0.750000 0.125000
vt 0.875000 0.250000
vt 0.875000 0.125000
vt 1.000000 0.250000
vt 1.000000 0.125000
vt 0.000000 0.375000
vt 0.125000 0.375000
vt 0.250000 0.375000
vt 0.375000 0.375000
vt 0.500000 0.375000
vt 0.625000 0.375000
vt 0.750000 0.375000
vt 0.875000 0.375000
vt 1.000000 0.375000
vt 0.000000 0.500000
vt 0.125000 0.500000
vt 0.250000 0.500000
vt 0.375000 0.500000
vt 0.500000 0.500000
vt 0.625000 0.500000
vt 0.750000 0.500000
vt 0.875000 0.500000
vt 1.000000 0.500000
vt 0.000000 0.625000
vt 0.125000 0.625000
vt 0.250000 0.625000
vt 0.375000 0.625000
vt 0.500000 0.625000
vt 0.625000 0.625000
vt 0.750000 0.625000
vt 0.875000 0.625000
vt 1.000000 0.625000
vt 0.000000 0.750000
vt 0.125000 0.750000
vt 0.250000 0.750000
vt 0.375000 0.750000
vt 0.500000 0.750000
vt 0.625000 0.750000
vt 0.750000 0.750000
vt 0.875000 0.750000
vt 1.000000 0.750000
vt 0.000000 0.875000
vt 0.125000 0.875000
vt 0.250000 0.875000
vt 0.375000 0.875000
vt 0.500000 0.875000
vt 0.625000 0.875000
vt 0.750000 0.875000
vt 0.875000 0.875000
vt 1.000000 0.875000
vt 0.062500 0.000000
vt 0.187500 0.000000
vt 0.312500 0.000000
vt 0.437500 0.000000
vt 0.562500 0.000000
vt 0.687500 0.000000
vt 0.812500 0.000000
vt 0.937500 0.000000
vt 0.062500 1.000000
vt 0.187500 1.000000
vt 0.312500 1.000000
vt 0.437500 1.000000
vt 0.562500 1.000000
vt 0.687500 1.000000
vt 0.812500 1.000000
vt 0.937500 1.000000
vt 0.000000 0.125000
vt 0.000000 0.250000
vt 0.125000 0.250000
vt 0.125000 0.125000
vt 0.250000 0.250000
vt 0.250000 0.125000
vt 0.375000 0.250000
vt 0.375000 0.125000
vt 0.500000 0.250000
vt 0.500000 0.125000
vt 0.625000 0.250000
vt 0.625000 0.125000
vt 0.750000 0.250000
vt 0.750000 0.125000
vt 0.875000 0.250000
vt 0.875000 0.125000
vt 1.000000 0.250000
vt 1.000000 0.125000
vt 0.000000 0.375000
vt 0.125000 0.375000
vt 0.250000 0.375000
vt 0.375000 0.375000
vt 0.500000 0.375000
vt 0.625000 0.375000
vt 0.750000 0.375000
vt 0.875000 0.375000
vt 1.000000 0.375000
vt 0.000000 0.500000
vt 0.125000 0.500000
vt 0.250000 0.500000
vt 0.375000 0.500000
vt 0.500000 0.500000
vt 0.625000 0.500000
vt 0.750000 0.500000
vt 0.875000 0.500000
vt 1.000000 0.500000
vt 0.000000 0.625000
vt 0.125000 0.625000
vt 0.250000 0.625000
vt 0.375000 0.625000
vt 0.500000 0.625000
vt 0.625000 0.625000
vt 0.750000 0.625000
vt 0.875000 0.625000
vt 1.000000 0.625000
vt 0.000000 0.750000
vt 0.125000 0.750000
vt 0.250000 0.750000
vt 0.375000 0.750000
vt 0.500000 0.750000
vt 0.625000 0.750000
vt 0.750000 0.750000
vt 0.875000 0.750000
vt 1.000000 0.750000
vt 0.000000 0.875000
vt 0.125000 0.875000
vt 0.250000 0.875000
vt 0.375000 0.875000
vt 0.500000 0.875000
vt 0.625000 0.875000
vt 0.750000 0.875000
vt 0.875000 0.875000
vt 1.000000 0.875000
vt 0.062500 0.000000
vt 0.187500 0.000000
vt 0.312500 0.000000
vt 0.437500 0.000000
vt 0.562500 0.000000
vt 0.687500 0.000000
vt 0.812500 0.000000
vt 0.937500 0.000000
vt 0.062500 1.000000
vt 0.187500 1.000000
vt 0.312500 1.000000
vt 0.437500 1.000000
vt 0.562500 1.000000
vt 0.687500 1.000000
vt 0.812500 1.000000
vt 0.937500 1.000000
vt 0.375000 0.312500
vt 0.375000 0.375000
vt 0.387500 0.375000
vt 0.387500 0.312500
vt 0.400000 0.375000
vt 0.400000 0.312500
vt 0.412500 0.375000
vt 0.412500 0.312500
vt 0.425000 0.375000
vt 0.425000 0.312500
vt 0.437500 0.375000
vt 0.437500 0.312500
vt 0.450000 0.375000
vt 0.450000 0.312500
vt 0.462500 0.375000
vt 0.462500 0.312500
vt 0.475000 0.375000
vt 0.475000 0.312500
vt 0.487500 0.375000
vt 0.487500 0.312500
vt 0.612500 0.312500
vt 0.612500 0.375000
vt 0.625000 0.375000
vt 0.625000 0.312500
vt 0.626409 0.064408
vt 0.500000 0.156250
vt 0.648603 0.107966
vt 0.591842 0.029841
vt 0.548284 0.007647
vt 0.500000 -0.000000
vt 0.451716 0.007647
vt 0.408159 0.029841
vt 0.373591 0.064409
vt 0.351397 0.107966
vt 0.343750 0.156250
vt 0.656250 0.156250
vt 0.648603 0.892034
vt 0.574301 0.867892
vt 0.563204 0.889671
vt 0.626409 0.935591
vt 0.545921 0.906954
vt 0.591841 0.970159
vt 0.524142 0.918051
vt 0.548284 0.992353
vt 0.500000 0.921875
vt 0.500000 1.000000
vt 0.475858 0.918051
vt 0.451716 0.992353
vt 0.454079 0.906954
vt 0.408159 0.970159
vt 0.436796 0.889671
vt 0.373591 0.935591
vt 0.425699 0.867892
vt 0.351397 0.892034
vt 0.421875 0.843750
vt 0.415625 0.765625
vt 0.634375 0.765625
vt 0.578125 0.843750
vt 0.612500 0.437500
vt 0.625000 0.437500
vt 0.475000 0.437500
vt 0.487500 0.437500
vt 0.462500 0.437500
vt 0.450000 0.437500
vt 0.437500 0.437500
vt 0.425000 0.437500
vt 0.412500 0.437500
vt 0.400000 0.437500
vt 0.387500 0.437500
vt 0.375000 0.437500
vt 0.612500 0.500000
vt 0.625000 0.500000
vt 0.475000 0.500000
vt 0.487500 0.500000
vt 0.462500 0.500000
vt 0.450000 0.500000
vt 0.437500 0.500000
vt 0.425000 0.500000
vt 0.412500 0.500000
vt 0.400000 0.500000
vt 0.387500 0.500000
vt 0.375000 0.500000
vt 0.612500 0.562500
vt 0.625000 0.562500
vt 0.475000 0.562500
vt 0.487500 0.562500
vt 0.462500 0.562500
vt 0.450000 0.562500
vt 0.437500 0.562500
vt 0.425000 0.562500
vt 0.412500 0.562500
vt 0.400000 0.562500
vt 0.387500 0.562500
vt 0.375000 0.562500
vt 0.612500 0.625000
vt 0.625000 0.625000
vt 0.475000 0.625000
vt 0.487500 0.625000
vt 0.462500 0.625000
vt 0.450000 0.625000
vt 0.437500 0.625000
vt 0.425000 0.625000
vt 0.412500 0.625000
vt 0.400000 0.625000
vt 0.387500 0.625000
vt 0.375000 0.625000
vt 0.612500 0.656250
vt 0.625000 0.656250
vt 0.475000 0.656250
vt 0.487500 0.656250
vt 0.462500 0.656250
vt 0.450000 0.656250
vt 0.437500 0.656250
vt 0.425000 0.656250
vt 0.412500 0.656250
vt 0.400000 0.656250
vt 0.387500 0.656250
vt 0.375000 0.656250
vt 0.500000 0.843750
vt 0.475000 0.687500
vt 0.462500 0.687500
vt 0.450000 0.687500
vt 0.437500 0.687500
vt 0.425000 0.687500
vt 0.412500 0.687500
vt 0.400000 0.687500
vt 0.387500 0.687500
vt 0.375000 0.687500
vt 0.625000 0.687500
vt 0.000000 0.125000
vt 0.000000 0.250000
vt 0.125000 0.250000
vt 0.125000 0.125000
vt 0.250000 0.250000
vt 0.250000 0.125000
vt 0.375000 0.250000
vt 0.375000 0.125000
vt 0.500000 0.250000
vt 0.500000 0.125000
vt 0.625000 0.250000
vt 0.625000 0.125000
vt 0.750000 0.250000
vt 0.750000 0.125000
vt 0.875000 0.250000
vt 0.875000 0.125000
vt 1.000000 0.250000
vt 1.000000 0.125000
vt 0.000000 0.375000
vt 0.125000 0.375000
vt 0.250000 0.375000
vt 0.375000 0.375000
vt 0.500000 0.375000
vt 0.625000 0.375000
vt 0.750000 0.375000
vt 0.875000 0.375000
vt 1.000000 0.375000
vt 0.000000 0.500000
vt 0.125000 0.500000
vt 0.250000 0.500000
vt 0.375000 0.500000
vt 0.500000 0.500000
vt 0.625000 0.500000
vt 0.750000 0.500000
vt 0.875000 0.500000
vt 1.000000 0.500000
vt 0.000000 0.625000
vt 0.125000 0.625000
vt 0.250000 0.625000
vt 0.375000 0.625000
vt 0.500000 0.625000
vt 0.625000 0.625000
vt 0.750000 0.625000
vt 0.875000 0.625000
vt 1.000000 0.625000
vt 0.000000 0.750000
vt 0.125000 0.750000
vt 0.250000 0.750000
vt 0.375000 0.750000
vt 0.500000 0.750000
vt 0.625000 0.750000
vt 0.750000 0.750000
vt 0.875000 0.750000
vt 1.000000 0.750000
vt 0.000000 0.875000
vt 0.125000 0.875000
vt 0.250000 0.875000
vt 0.375000 0.875000
vt 0.500000 0.875000
vt 0.625000 0.875000
vt 0.750000 0.875000
vt 0.875000 0.875000
vt 1.000000 0.875000
vt 0.062500 0.000000
vt 0.187500 0.000000
vt 0.312500 0.000000
vt 0.437500 0.000000
vt 0.562500 0.000000
vt 0.687500 0.000000
vt 0.812500 0.000000
vt 0.937500 0.000000
vt 0.062500 1.000000
vt 0.187500 1.000000
vt 0.312500 1.000000
vt 0.437500 1.000000
vt 0.562500 1.000000
vt 0.687500 1.000000
vt 0.812500 1.000000
vt 0.937500 1.000000
vt 0.625000 0.500000
vt 0.612500 0.500000
vt 0.612500 0.437500
vt 0.625000 0.437500
vt 0.600000 0.500000
vt 0.600000 0.437500
vt 0.587500 0.500000
vt 0.587500 0.437500
vt 0.575000 0.500000
vt 0.575000 0.437500
vt 0.562500 0.500000
vt 0.562500 0.437500
vt 0.550000 0.500000
vt 0.550000 0.437500
vt 0.537500 0.500000
vt 0.537500 0.437500
vt 0.525000 0.500000
vt 0.525000 0.437500
vt 0.512500 0.500000
vt 0.512500 0.437500
vt 0.500000 0.500000
vt 0.500000 0.437500
vt 0.487500 0.500000
vt 0.487500 0.437500
vt 0.475000 0.500000
vt 0.475000 0.437500
vt 0.462500 0.500000
vt 0.462500 0.437500
vt 0.450000 0.500000
vt 0.450000 0.437500
vt 0.437500 0.500000
vt 0.437500 0.437500
vt 0.425000 0.500000
vt 0.425000 0.437500
vt 0.412500 0.500000
vt 0.412500 0.437500
vt 0.400000 0.500000
vt 0.400000 0.437500
vt 0.387500 0.500000
vt 0.387500 0.437500
vt 0.375000 0.500000
vt 0.375000 0.437500
vt 0.612500 0.375000
vt 0.625000 0.375000
vt 0.600000 0.375000
vt 0.587500 0.375000
vt 0.575000 0.375000
vt 0.562500 0.375000
vt 0.550000 0.375000
vt 0.537500 0.375000
vt 0.525000 0.375000
vt 0.512500 0.375000
vt 0.500000 0.375000
vt 0.487500 0.375000
vt 0.475000 0.375000
vt 0.462500 0.375000
vt 0.450000 0.375000
vt 0.437500 0.375000
vt 0.425000 0.375000
vt 0.412500 0.375000
vt 0.400000 0.375000
vt 0.387500 0.375000
vt 0.375000 0.375000
vt 0.375000 0.337488
vt 0.387500 0.337488
vt 0.400000 0.337488
vt 0.412500 0.337488
vt 0.425000 0.337488
vt 0.437500 0.337488
vt 0.450000 0.337488
vt 0.462500 0.337488
vt 0.475000 0.337488
vt 0.487500 0.337488
vt 0.500000 0.337488
vt 0.512500 0.337488
vt 0.525000 0.337488
vt 0.537500 0.337488
vt 0.550000 0.337488
vt 0.562500 0.337488
vt 0.575000 0.337488
vt 0.587500 0.337488
vt 0.600000 0.337488
vt 0.612500 0.337488
vt 0.625000 0.337488
vt 0.563211 0.110324
vt 0.574309 0.132105
vt 0.500000 0.156250
vt 0.545925 0.093039
vt 0.524144 0.081941
vt 0.500000 0.078117
vt 0.475856 0.081941
vt 0.454075 0.093039
vt 0.436789 0.110325
vt 0.425691 0.132106
vt 0.421867 0.156250
vt 0.425691 0.180394
vt 0.436789 0.202175
vt 0.454075 0.219461
vt 0.475856 0.230559
vt 0.500000 0.234383
vt 0.524144 0.230559
vt 0.545925 0.219461
vt 0.563211 0.202175
vt 0.574309 0.180394
vt 0.578133 0.156250
vt 0.574309 0.867895
vt 0.563211 0.889675
vt 0.500000 0.843750
vt 0.545925 0.906961
vt 0.524144 0.918059
vt 0.500000 0.921883
vt 0.475856 0.918059
vt 0.454075 0.906961
vt 0.436789 0.889675
vt 0.425691 0.867894
vt 0.421867 0.843750
vt 0.425691 0.819606
vt 0.436789 0.797825
vt 0.454075 0.780539
vt 0.475856 0.769441
vt 0.500000 0.765617
vt 0.524144 0.769441
vt 0.545925 0.780539
vt 0.563211 0.797825
vt 0.574309 0.819606
vt 0.578133 0.843750
vt 0.612500 0.625000
vt 0.625000 0.625000
vt 0.625000 0.662512
vt 0.612500 0.662512
vt 0.600000 0.625000
vt 0.600000 0.662512
vt 0.587500 0.625000
vt 0.587500 0.662512
vt 0.575000 0.625000
vt 0.575000 0.662512
vt 0.562500 0.625000
vt 0.562500 0.662512
vt 0.550000 0.625000
vt 0.550000 0.662512
vt 0.537500 0.625000
vt 0.537500 0.662512
vt 0.525000 0.625000
vt 0.525000 0.662512
vt 0.512500 0.625000
vt 0.512500 0.662512
vt 0.500000 0.625000
vt 0.500000 0.662512
vt 0.487500 0.625000
vt 0.487500 0.662512
vt 0.475000 0.625000
vt 0.475000 0.662512
vt 0.462500 0.625000
vt 0.462500 0.662512
vt 0.450000 0.625000
vt 0.450000 0.662512
vt 0.437500 0.625000
vt 0.437500 0.662512
vt 0.425000 0.625000
vt 0.425000 0.662512
vt 0.412500 0.625000
vt 0.412500 0.662512
vt 0.400000 0.625000
vt 0.400000 0.662512
vt 0.387500 0.625000
vt 0.387500 0.662512
vt 0.375000 0.625000
vt 0.375000 0.662512
vt 0.375000 0.312500
vt 0.387500 0.312500
vt 0.648603 0.107966
vt 0.626409 0.064408
vt 0.400000 0.312500
vt 0.591842 0.029841
vt 0.412500 0.312500
vt 0.548284 0.007647
vt 0.425000 0.312500
vt 0.500000 -0.000000
vt 0.437500 0.312500
vt 0.451716 0.007647
vt 0.450000 0.312500
vt 0.408159 0.029841
vt 0.462500 0.312500
vt 0.373591 0.064409
vt 0.475000 0.312500
vt 0.351397 0.107966
vt 0.487500 0.312500
vt 0.343750 0.156250
vt 0.500000 0.312500
vt 0.351397 0.204534
vt 0.512500 0.312500
vt 0.373591 0.248091
vt 0.525000 0.312500
vt 0.408159 0.282659
vt 0.537500 0.312500
vt 0.451716 0.304853
vt 0.550000 0.312500
vt 0.500000 0.312500
vt 0.562500 0.312500
vt 0.548284 0.304853
vt 0.575000 0.312500
vt 0.591841 0.282659
vt 0.587500 0.312500
vt 0.626409 0.248091
vt 0.600000 0.312500
vt 0.648603 0.204534
vt 0.612500 0.312500
vt 0.656250 0.156250
vt 0.625000 0.312500
vt 0.648603 0.892034
vt 0.626409 0.935591
vt 0.375000 0.687500
vt 0.387500 0.687500
vt 0.591841 0.970159
vt 0.400000 0.687500
vt 0.548284 0.992353
vt 0.412500 0.687500
vt 0.500000 1.000000
vt 0.425000 0.687500
vt 0.451716 0.992353
vt 0.437500 0.687500
vt 0.408159 0.970159
vt 0.450000 0.687500
vt 0.373591 0.935591
vt 0.462500 0.687500
vt 0.351397 0.892034
vt 0.475000 0.687500
vt 0.343750 0.843750
vt 0.487500 0.687500
vt 0.351397 0.795466
vt 0.500000 0.687500
vt 0.373591 0.751909
vt 0.512500 0.687500
vt 0.408159 0.717341
vt 0.525000 0.687500
vt 0.451716 0.695147
vt 0.537500 0.687500
vt 0.500000 0.687500
vt 0.550000 0.687500
vt 0.548284 0.695147
vt 0.562500 0.687500
vt 0.591842 0.717341
vt 0.575000 0.687500
vt 0.626409 0.751908
vt 0.587500 0.687500
vt 0.648603 0.795466
vt 0.600000 0.687500
vt 0.656250 0.843750
vt 0.612500 0.687500
vt 0.625000 0.687500
vt 0.625000 0.562500
vt 0.612500 0.562500
vt 0.600000 0.562500
vt 0.587500 0.562500
vt 0.575000 0.562500
vt 0.562500 0.562500
vt 0.550000 0.562500
vt 0.537500 0.562500
vt 0.525000 0.562500
vt 0.512500 0.562500
vt 0.500000 0.562500
vt 0.487500 0.562500
vt 0.475000 0.562500
vt 0.462500 0.562500
vt 0.450000 0.562500
vt 0.437500 0.562500
vt 0.425000 0.562500
vt 0.412500 0.562500
vt 0.400000 0.562500
vt 0.387500 0.562500
vt 0.375000 0.562500
vt 0.612500 0.562500
vt 0.625000 0.562500
vt 0.625000 0.612506
vt 0.612500 0.612506
vt 0.600000 0.562500
vt 0.600000 0.612506
vt 0.587500 0.562500
vt 0.587500 0.612506
vt 0.575000 0.562500
vt 0.575000 0.612506
vt 0.562500 0.562500
vt 0.562500 0.612506
vt 0.550000 0.562500
vt 0.550000 0.612506
vt 0.537500 0.562500
vt 0.537500 0.612506
vt 0.525000 0.562500
vt 0.525000 0.612506
vt 0.512500 0.562500
vt 0.512500 0.612506
vt 0.500000 0.562500
vt 0.500000 0.612506
vt 0.487500 0.562500
vt 0.487500 0.612506
vt 0.475000 0.562500
vt 0.475000 0.612506
vt 0.462500 0.562500
vt 0.462500 0.612506
vt 0.450000 0.562500
vt 0.450000 0.612506
vt 0.437500 0.562500
vt 0.437500 0.612506
vt 0.425000 0.562500
vt 0.425000 0.612506
vt 0.412500 0.562500
vt 0.412500 0.612506
vt 0.400000 0.562500
vt 0.400000 0.612506
vt 0.387500 0.562500
vt 0.387500 0.612506
vt 0.375000 0.562500
vt 0.375000 0.612506
vt 0.612500 0.500000
vt 0.625000 0.500000
vt 0.600000 0.500000
vt 0.587500 0.500000
vt 0.575000 0.500000
vt 0.562500 0.500000
vt 0.550000 0.500000
vt 0.537500 0.500000
vt 0.525000 0.500000
vt 0.512500 0.500000
vt 0.500000 0.500000
vt 0.487500 0.500000
vt 0.475000 0.500000
vt 0.462500 0.500000
vt 0.450000 0.500000
vt 0.437500 0.500000
vt 0.425000 0.500000
vt 0.412500 0.500000
vt 0.400000 0.500000
vt 0.387500 0.500000
vt 0.375000 0.500000
vt 0.612500 0.437500
vt 0.625000 0.437500
vt 0.600000 0.437500
vt 0.587500 0.437500
vt 0.575000 0.437500
vt 0.562500 0.437500
vt 0.550000 0.437500
vt 0.537500 0.437500
vt 0.525000 0.437500
vt 0.512500 0.437500
vt 0.500000 0.437500
vt 0.487500 0.437500
vt 0.475000 0.437500
vt 0.462500 0.437500
vt 0.450000 0.437500
vt 0.437500 0.437500
vt 0.425000 0.437500
vt 0.412500 0.437500
vt 0.400000 0.437500
vt 0.387500 0.437500
vt 0.375000 0.437500
vt 0.612500 0.375000
vt 0.625000 0.375000
vt 0.600000 0.375000
vt 0.587500 0.375000
vt 0.575000 0.375000
vt 0.562500 0.375000
vt 0.550000 0.375000
vt 0.537500 0.375000
vt 0.525000 0.375000
vt 0.512500 0.375000
vt 0.500000 0.375000
vt 0.487500 0.375000
vt 0.475000 0.375000
vt 0.462500 0.375000
vt 0.450000 0.375000
vt 0.437500 0.375000
vt 0.425000 0.375000
vt 0.412500 0.375000
vt 0.400000 0.375000
vt 0.387500 0.375000
vt 0.375000 0.375000
vt 0.375000 0.337488
vt 0.387500 0.337488
vt 0.400000 0.337488
vt 0.412500 0.337488
vt 0.425000 0.337488
vt 0.437500 0.337488
vt 0.450000 0.337488
vt 0.462500 0.337488
vt 0.475000 0.337488
vt 0.487500 0.337488
vt 0.500000 0.337488
vt 0.512500 0.337488
vt 0.525000 0.337488
vt 0.537500 0.337488
vt 0.550000 0.337488
vt 0.562500 0.337488
vt 0.575000 0.337488
vt 0.587500 0.337488
vt 0.600000 0.337488
vt 0.612500 0.337488
vt 0.625000 0.337488
vt 0.563211 0.110324
vt 0.574309 0.132105
vt 0.500000 0.156250
vt 0.545925 0.093039
vt 0.524144 0.081941
vt 0.500000 0.078117
vt 0.475856 0.081941
vt 0.454075 0.093039
vt 0.436789 0.110325
vt 0.425691 0.132106
vt 0.421867 0.156250
vt 0.425691 0.180394
vt 0.436789 0.202175
vt 0.454075 0.219461
vt 0.475856 0.230559
vt 0.500000 0.234383
vt 0.524144 0.230559
vt 0.545925 0.219461
vt 0.563211 0.202175
vt 0.574309 0.180394
vt 0.578133 0.156250
vt 0.574309 0.867895
vt 0.563211 0.889675
vt 0.500000 0.843750
vt 0.545925 0.906961
vt 0.524144 0.918059
vt 0.500000 0.921883
vt 0.475856 0.918059
vt 0.454075 0.906961
vt 0.436789 0.889675
vt 0.425691 0.867894
vt 0.421867 0.843750
vt 0.425691 0.819606
vt 0.436789 0.797825
vt 0.454075 0.780539
vt 0.475856 0.769441
vt 0.500000 0.765617
vt 0.524144 0.769441
vt 0.545925 0.780539
vt 0.563211 0.797825
vt 0.574309 0.819606
vt 0.578133 0.843750
vt 0.375000 0.312500
vt 0.387500 0.312500
vt 0.648603 0.107966
vt 0.626409 0.064408
vt 0.400000 0.312500
vt 0.591842 0.029841
vt 0.412500 0.312500
vt 0.548284 0.007647
vt 0.425000 0.312500
vt 0.500000 -0.000000
vt 0.437500 0.312500
vt 0.451716 0.007647
vt 0.450000 0.312500
vt 0.408159 0.029841
vt 0.462500 0.312500
vt 0.373591 0.064409
vt 0.475000 0.312500
vt 0.351397 0.107966
vt 0.487500 0.312500
vt 0.343750 0.156250
vt 0.500000 0.312500
vt 0.351397 0.204534
vt 0.512500 0.312500
vt 0.373591 0.248091
vt 0.525000 0.312500
vt 0.408159 0.282659
vt 0.537500 0.312500
vt 0.451716 0.304853
vt 0.550000 0.312500
vt 0.500000 0.312500
vt 0.562500 0.312500
vt 0.548284 0.304853
vt 0.575000 0.312500
vt 0.591841 0.282659
vt 0.587500 0.312500
vt 0.626409 0.248091
vt 0.600000 0.312500
vt 0.648603 0.204534
vt 0.612500 0.312500
vt 0.656250 0.156250
vt 0.625000 0.312500
vt 0.648603 0.892034
vt 0.626409 0.935591
vt 0.375000 0.687500
vt 0.375000 0.662512
vt 0.387500 0.662512
vt 0.387500 0.687500
vt 0.591841 0.970159
vt 0.400000 0.662512
vt 0.400000 0.687500
vt 0.548284 0.992353
vt 0.412500 0.662512
vt 0.412500 0.687500
vt 0.500000 1.000000
vt 0.425000 0.662512
vt 0.425000 0.687500
vt 0.451716 0.992353
vt 0.437500 0.662512
vt 0.437500 0.687500
vt 0.408159 0.970159
vt 0.450000 0.662512
vt 0.450000 0.687500
vt 0.373591 0.935591
vt 0.462500 0.662512
vt 0.462500 0.687500
vt 0.351397 0.892034
vt 0.475000 0.662512
vt 0.475000 0.687500
vt 0.343750 0.843750
vt 0.487500 0.662512
vt 0.487500 0.687500
vt 0.351397 0.795466
vt 0.500000 0.662512
vt 0.500000 0.687500
vt 0.373591 0.751909
vt 0.512500 0.662512
vt 0.512500 0.687500
vt 0.408159 0.717341
vt 0.525000 0.662512
vt 0.525000 0.687500
vt 0.451716 0.695147
vt 0.537500 0.662512
vt 0.537500 0.687500
vt 0.500000 0.687500
vt 0.550000 0.662512
vt 0.550000 0.687500
vt 0.548284 0.695147
vt 0.562500 0.662512
vt 0.562500 0.687500
vt 0.591842 0.717341
vt 0.575000 0.662512
vt 0.575000 0.687500
vt 0.626409 0.751908
vt 0.587500 0.662512
vt 0.587500 0.687500
vt 0.648603 0.795466
vt 0.600000 0.662512
vt 0.600000 0.687500
vt 0.656250 0.843750
vt 0.612500 0.662512
vt 0.612500 0.687500
vt 0.625000 0.662512
vt 0.625000 0.687500
vt 0.000000 0.125000
vt 0.125000 0.125000
vt 0.125000 0.250000
vt 0.000000 0.250000
vt 0.250000 0.125000
vt 0.250000 0.250000
vt 0.375000 0.125000
vt 0.375000 0.250000
vt 0.500000 0.125000
vt 0.500000 0.250000
vt 0.625000 0.125000
vt 0.625000 0.250000
vt 0.750000 0.125000
vt 0.750000 0.250000
vt 0.875000 0.125000
vt 0.875000 0.250000
vt 1.000000 0.125000
vt 1.000000 0.250000
vt 0.125000 0.375000
vt 0.000000 0.375000
vt 0.250000 0.375000
vt 0.375000 0.375000
vt 0.500000 0.375000
vt 0.625000 0.375000
vt 0.750000 0.375000
vt 0.875000 0.375000
vt 1.000000 0.375000
vt 0.125000 0.500000
vt 0.000000 0.500000
vt 0.250000 0.500000
vt 0.375000 0.500000
vt 0.500000 0.500000
vt 0.625000 0.500000
vt 0.750000 0.500000
vt 0.875000 0.500000
vt 1.000000 0.500000
vt 0.125000 0.625000
vt 0.000000 0.625000
vt 0.250000 0.625000
vt 0.375000 0.625000
vt 0.500000 0.625000
vt 0.625000 0.625000
vt 0.750000 0.625000
vt 0.875000 0.625000
vt 1.000000 0.625000
vt 0.125000 0.750000
vt 0.000000 0.750000
vt 0.250000 0.750000
vt 0.375000 0.750000
vt 0.500000 0.750000
vt 0.625000 0.750000
vt 0.750000 0.750000
vt 0.875000 0.750000
vt 1.000000 0.750000
vt 0.125000 0.875000
vt 0.000000 0.875000
vt 0.250000 0.875000
vt 0.375000 0.875000
vt 0.500000 0.875000
vt 0.625000 0.875000
vt 0.750000 0.875000
vt 0.875000 0.875000
vt 1.000000 0.875000
vt 0.062500 0.000000
vt 0.187500 0.000000
vt 0.312500 0.000000
vt 0.437500 0.000000
vt 0.562500 0.000000
vt 0.687500 0.000000
vt 0.812500 0.000000
vt 0.937500 0.000000
vt 0.062500 1.000000
vt 0.187500 1.000000
vt 0.312500 1.000000
vt 0.437500 1.000000
vt 0.562500 1.000000
vt 0.687500 1.000000
vt 0.812500 1.000000
vt 0.937500 1.000000
vt 0.375000 0.312500
vt 0.387500 0.312500
vt 0.387500 0.375000
vt 0.375000 0.375000
vt 0.400000 0.312500
vt 0.400000 0.375000
vt 0.412500 0.312500
vt 0.412500 0.375000
vt 0.425000 0.312500
vt 0.425000 0.375000
vt 0.437500 0.312500
vt 0.437500 0.375000
vt 0.450000 0.312500
vt 0.450000 0.375000
vt 0.462500 0.312500
vt 0.462500 0.375000
vt 0.475000 0.312500
vt 0.475000 0.375000
vt 0.487500 0.312500
vt 0.487500 0.375000
vt 0.612500 0.312500
vt 0.625000 0.312500
vt 0.625000 0.375000
vt 0.612500 0.375000
vt 0.626409 0.064408
vt 0.648603 0.107966
vt 0.500000 0.156250
vt 0.591842 0.029841
vt 0.548284 0.007647
vt 0.500000 -0.000000
vt 0.451716 0.007647
vt 0.408159 0.029841
vt 0.373591 0.064409
vt 0.351397 0.107966
vt 0.343750 0.156250
vt 0.656250 0.156250
vt 0.648603 0.892034
vt 0.626409 0.935591
vt 0.563204 0.889671
vt 0.574301 0.867892
vt 0.591841 0.970159
vt 0.545921 0.906954
vt 0.548284 0.992353
vt 0.524142 0.918051
vt 0.500000 1.000000
vt 0.500000 0.921875
vt 0.451716 0.992353
vt 0.475858 0.918051
vt 0.408159 0.970159
vt 0.454079 0.906954
vt 0.373591 0.935591
vt 0.436796 0.889671
vt 0.351397 0.892034
vt 0.425699 0.867892
vt 0.415625 0.765625
vt 0.421875 0.843750
vt 0.634375 0.765625
vt 0.578125 0.843750
vt 0.625000 0.437500
vt 0.612500 0.437500
vt 0.487500 0.437500
vt 0.475000 0.437500
vt 0.462500 0.437500
vt 0.450000 0.437500
vt 0.437500 0.437500
vt 0.425000 0.437500
vt 0.412500 0.437500
vt 0.400000 0.437500
vt 0.387500 0.437500
vt 0.375000 0.437500
vt 0.625000 0.500000
vt 0.612500 0.500000
vt 0.487500 0.500000
vt 0.475000 0.500000
vt 0.462500 0.500000
vt 0.450000 0.500000
vt 0.437500 0.500000
vt 0.425000 0.500000
vt 0.412500 0.500000
vt 0.400000 0.500000
vt 0.387500 0.500000
vt 0.375000 0.500000
vt 0.625000 0.562500
vt 0.612500 0.562500
vt 0.487500 0.562500
vt 0.475000 0.562500
vt 0.462500 0.562500
vt 0.450000 0.562500
vt 0.437500 0.562500
vt 0.425000 0.562500
vt 0.412500 0.562500
vt 0.400000 0.562500
vt 0.387500 0.562500
vt 0.375000 0.562500
vt 0.625000 0.625000
vt 0.612500 0.625000
vt 0.487500 0.625000
vt 0.475000 0.625000
vt 0.462500 0.625000
vt 0.450000 0.625000
vt 0.437500 0.625000
vt 0.425000 0.625000
vt 0.412500 0.625000
vt 0.400000 0.625000
vt 0.387500 0.625000
vt 0.375000 0.625000
vt 0.625000 0.656250
vt 0.612500 0.656250
vt 0.487500 0.656250
vt 0.475000 0.656250
vt 0.462500 0.656250
vt 0.450000 0.656250
vt 0.437500 0.656250
vt 0.425000 0.656250
vt 0.412500 0.656250
vt 0.400000 0.656250
vt 0.387500 0.656250
vt 0.375000 0.656250
vt 0.500000 0.843750
vt 0.475000 0.687500
vt 0.462500 0.687500
vt 0.450000 0.687500
vt 0.437500 0.687500
vt 0.425000 0.687500
vt 0.412500 0.687500
vt 0.400000 0.687500
vt 0.387500 0.687500
vt 0.375000 0.687500
vt 0.625000 0.687500
vt 0.000000 0.125000
vt 0.125000 0.125000
vt 0.125000 0.250000
vt 0.000000 0.250000
vt 0.250000 0.125000
vt 0.250000 0.250000
vt 0.375000 0.125000
vt 0.375000 0.250000
vt 0.500000 0.125000
vt 0.500000 0.250000
vt 0.625000 0.125000
vt 0.625000 0.250000
vt 0.750000 0.125000
vt 0.750000 0.250000
vt 0.875000 0.125000
vt 0.875000 0.250000
vt 1.000000 0.125000
vt 1.000000 0.250000
vt 0.125000 0.375000
vt 0.000000 0.375000
vt 0.250000 0.375000
vt 0.375000 0.375000
vt 0.500000 0.375000
vt 0.625000 0.375000
vt 0.750000 0.375000
vt 0.875000 0.375000
vt 1.000000 0.375000
vt 0.125000 0.500000
vt 0.000000 0.500000
vt 0.250000 0.500000
vt 0.375000 0.500000
vt 0.500000 0.500000
vt 0.625000 0.500000
vt 0.750000 0.500000
vt 0.875000 0.500000
vt 1.000000 0.500000
vt 0.125000 0.625000
vt 0.000000 0.625000
vt 0.250000 0.625000
vt 0.375000 0.625000
vt 0.500000 0.625000
vt 0.625000 0.625000
vt 0.750000 0.625000
vt 0.875000 0.625000
vt 1.000000 0.625000
vt 0.125000 0.750000
vt 0.000000 0.750000
vt 0.250000 0.750000
vt 0.375000 0.750000
vt 0.500000 0.750000
vt 0.625000 0.750000
vt 0.750000 0.750000
vt 0.875000 0.750000
vt 1.000000 0.750000
vt 0.125000 0.875000
vt 0.000000 0.875000
vt 0.250000 0.875000
vt 0.375000 0.875000
vt 0.500000 0.875000
vt 0.625000 0.875000
vt 0.750000 0.875000
vt 0.875000 0.875000
vt 1.000000 0.875000
vt 0.062500 0.000000
vt 0.187500 0.000000
vt 0.312500 0.000000
vt 0.437500 0.000000
vt 0.562500 0.000000
vt 0.687500 0.000000
vt 0.812500 0.000000
vt 0.937500 0.000000
vt 0.062500 1.000000
vt 0.187500 1.000000
vt 0.312500 1.000000
vt 0.437500 1.000000
vt 0.562500 1.000000
vt 0.687500 1.000000
vt 0.812500 1.000000
vt 0.937500 1.000000
vt 0.625000 0.500000
vt 0.625000 0.437500
vt 0.612500 0.437500
vt 0.612500 0.500000
vt 0.600000 0.437500
vt 0.600000 0.500000
vt 0.587500 0.437500
vt 0.587500 0.500000
vt 0.575000 0.437500
vt 0.575000 0.500000
vt 0.562500 0.437500
vt 0.562500 0.500000
vt 0.550000 0.437500
vt 0.550000 0.500000
vt 0.537500 0.437500
vt 0.537500 0.500000
vt 0.525000 0.437500
vt 0.525000 0.500000
vt 0.512500 0.437500
vt 0.512500 0.500000
vt 0.500000 0.437500
vt 0.500000 0.500000
vt 0.487500 0.437500
vt 0.487500 0.500000
vt 0.475000 0.437500
vt 0.475000 0.500000
vt 0.462500 0.437500
vt 0.462500 0.500000
vt 0.450000 0.437500
vt 0.450000 0.500000
vt 0.437500 0.437500
vt 0.437500 0.500000
vt 0.425000 0.437500
vt 0.425000 0.500000
vt 0.412500 0.437500
vt 0.412500 0.500000
vt 0.400000 0.437500
vt 0.400000 0.500000
vt 0.387500 0.437500
vt 0.387500 0.500000
vt 0.375000 0.437500
vt 0.375000 0.500000
vt 0.612500 0.375000
vt 0.625000 0.375000
vt 0.600000 0.375000
vt 0.587500 0.375000
vt 0.575000 0.375000
vt 0.562500 0.375000
vt 0.550000 0.375000
vt 0.537500 0.375000
vt 0.525000 0.375000
vt 0.512500 0.375000
vt 0.500000 0.375000
vt 0.487500 0.375000
vt 0.475000 0.375000
vt 0.462500 0.375000
vt 0.450000 0.375000
vt 0.437500 0.375000
vt 0.425000 0.375000
vt 0.412500 0.375000
vt 0.400000 0.375000
vt 0.387500 0.375000
vt 0.375000 0.375000
vt 0.375000 0.337488
vt 0.387500 0.337488
vt 0.400000 0.337488
vt 0.412500 0.337488
vt 0.425000 0.337488
vt 0.437500 0.337488
vt 0.450000 0.337488
vt 0.462500 0.337488
vt 0.475000 0.337488
vt 0.487500 0.337488
vt 0.500000 0.337488
vt 0.512500 0.337488
vt 0.525000 0.337488
vt 0.537500 0.337488
vt 0.550000 0.337488
vt 0.562500 0.337488
vt 0.575000 0.337488
vt 0.587500 0.337488
vt 0.600000 0.337488
vt 0.612500 0.337488
vt 0.625000 0.337488
vt 0.563211 0.110324
vt 0.500000 0.156250
vt 0.574309 0.132105
vt 0.545925 0.093039
vt 0.524144 0.081941
vt 0.500000 0.078117
vt 0.475856 0.081941
vt 0.454075 0.093039
vt 0.436789 0.110325
vt 0.425691 0.132106
vt 0.421867 0.156250
vt 0.425691 0.180394
vt 0.436789 0.202175
vt 0.454075 0.219461
vt 0.475856 0.230559
vt 0.500000 0.234383
vt 0.524144 0.230559
vt 0.545925 0.219461
vt 0.563211 0.202175
vt 0.574309 0.180394
vt 0.578133 0.156250
vt 0.574309 0.867895
vt 0.500000 0.843750
vt 0.563211 0.889675
vt 0.545925 0.906961
vt 0.524144 0.918059
vt 0.500000 0.921883
vt 0.475856 0.918059
vt 0.454075 0.906961
vt 0.436789 0.889675
vt 0.425691 0.867894
vt 0.421867 0.843750
vt 0.425691 0.819606
vt 0.436789 0.797825
vt 0.454075 0.780539
vt 0.475856 0.769441
vt 0.500000 0.765617
vt 0.524144 0.769441
vt 0.545925 0.780539
vt 0.563211 0.797825
vt 0.574309 0.819606
vt 0.578133 0.843750
vt 0.612500 0.625000
vt 0.612500 0.662512
vt 0.625000 0.662512
vt 0.625000 0.625000
vt 0.600000 0.625000
vt 0.600000 0.662512
vt 0.587500 0.625000
vt 0.587500 0.662512
vt 0.575000 0.625000
vt 0.575000 0.662512
vt 0.562500 0.625000
vt 0.562500 0.662512
vt 0.550000 0.625000
vt 0.550000 0.662512
vt 0.537500 0.625000
vt 0.537500 0.662512
vt 0.525000 0.625000
vt 0.525000 0.662512
vt 0.512500 0.625000
vt 0.512500 0.662512
vt 0.500000 0.625000
vt 0.500000 0.662512
vt 0.487500 0.625000
vt 0.487500 0.662512
vt 0.475000 0.625000
vt 0.475000 0.662512
vt 0.462500 0.625000
vt 0.462500 0.662512
vt 0.450000 0.625000
vt 0.450000 0.662512
vt 0.437500 0.625000
vt 0.437500 0.662512
vt 0.425000 0.625000
vt 0.425000 0.662512
vt 0.412500 0.625000
vt 0.412500 0.662512
vt 0.400000 0.625000
vt 0.400000 0.662512
vt 0.387500 0.625000
vt 0.387500 0.662512
vt 0.375000 0.625000
vt 0.375000 0.662512
vt 0.387500 0.312500
vt 0.375000 0.312500
vt 0.648603 0.107966
vt 0.626409 0.064408
vt 0.400000 0.312500
vt 0.591842 0.029841
vt 0.412500 0.312500
vt 0.548284 0.007647
vt 0.425000 0.312500
vt 0.500000 -0.000000
vt 0.437500 0.312500
vt 0.451716 0.007647
vt 0.450000 0.312500
vt 0.408159 0.029841
vt 0.462500 0.312500
vt 0.373591 0.064409
vt 0.475000 0.312500
vt 0.351397 0.107966
vt 0.487500 0.312500
vt 0.343750 0.156250
vt 0.500000 0.312500
vt 0.351397 0.204534
vt 0.512500 0.312500
vt 0.373591 0.248091
vt 0.525000 0.312500
vt 0.408159 0.282659
vt 0.537500 0.312500
vt 0.451716 0.304853
vt 0.550000 0.312500
vt 0.500000 0.312500
vt 0.562500 0.312500
vt 0.548284 0.304853
vt 0.575000 0.312500
vt 0.591841 0.282659
vt 0.587500 0.312500
vt 0.626409 0.248091
vt 0.600000 0.312500
vt 0.648603 0.204534
vt 0.612500 0.312500
vt 0.656250 0.156250
vt 0.625000 0.312500
vt 0.626409 0.935591
vt 0.648603 0.892034
vt 0.375000 0.687500
vt 0.387500 0.687500
vt 0.591841 0.970159
vt 0.400000 0.687500
vt 0.548284 0.992353
vt 0.412500 0.687500
vt 0.500000 1.000000
vt 0.425000 0.687500
vt 0.451716 0.992353
vt 0.437500 0.687500
vt 0.408159 0.970159
vt 0.450000 0.687500
vt 0.373591 0.935591
vt 0.462500 0.687500
vt 0.351397 0.892034
vt 0.475000 0.687500
vt 0.343750 0.843750
vt 0.487500 0.687500
vt 0.351397 0.795466
vt 0.500000 0.687500
vt 0.373591 0.751909
vt 0.512500 0.687500
vt 0.408159 0.717341
vt 0.525000 0.687500
vt 0.451716 0.695147
vt 0.537500 0.687500
vt 0.500000 0.687500
vt 0.550000 0.687500
vt 0.548284 0.695147
vt 0.562500 0.687500
vt 0.591842 0.717341
vt 0.575000 0.687500
vt 0.626409 0.751908
vt 0.587500 0.687500
vt 0.648603 0.795466
vt 0.600000 0.687500
vt 0.656250 0.843750
vt 0.612500 0.687500
vt 0.625000 0.687500
vt 0.625000 0.562500
vt 0.612500 0.562500
vt 0.600000 0.562500
vt 0.587500 0.562500
vt 0.575000 0.562500
vt 0.562500 0.562500
vt 0.550000 0.562500
vt 0.537500 0.562500
vt 0.525000 0.562500
vt 0.512500 0.562500
vt 0.500000 0.562500
vt 0.487500 0.562500
vt 0.475000 0.562500
vt 0.462500 0.562500
vt 0.450000 0.562500
vt 0.437500 0.562500
vt 0.425000 0.562500
vt 0.412500 0.562500
vt 0.400000 0.562500
vt 0.387500 0.562500
vt 0.375000 0.562500
vt 0.612500 0.562500
vt 0.612500 0.612506
vt 0.625000 0.612506
vt 0.625000 0.562500
vt 0.600000 0.562500
vt 0.600000 0.612506
vt 0.587500 0.562500
vt 0.587500 0.612506
vt 0.575000 0.562500
vt 0.575000 0.612506
vt 0.562500 0.562500
vt 0.562500 0.612506
vt 0.550000 0.562500
vt 0.550000 0.612506
vt 0.537500 0.562500
vt 0.537500 0.612506
vt 0.525000 0.562500
vt 0.525000 0.612506
vt 0.512500 0.562500
vt 0.512500 0.612506
vt 0.500000 0.562500
vt 0.500000 0.612506
vt 0.487500 0.562500
vt 0.487500 0.612506
vt 0.475000 0.562500
vt 0.475000 0.612506
vt 0.462500 0.562500
vt 0.462500 0.612506
vt 0.450000 0.562500
vt 0.450000 0.612506
vt 0.437500 0.562500
vt 0.437500 0.612506
vt 0.425000 0.562500
vt 0.425000 0.612506
vt 0.412500 0.562500
vt 0.412500 0.612506
vt 0.400000 0.562500
vt 0.400000 0.612506
vt 0.387500 0.562500
vt 0.387500 0.612506
vt 0.375000 0.562500
vt 0.375000 0.612506
vt 0.612500 0.500000
vt 0.625000 0.500000
vt 0.600000 0.500000
vt 0.587500 0.500000
vt 0.575000 0.500000
vt 0.562500 0.500000
vt 0.550000 0.500000
vt 0.537500 0.500000
vt 0.525000 0.500000
vt 0.512500 0.500000
vt 0.500000 0.500000
vt 0.487500 0.500000
vt 0.475000 0.500000
vt 0.462500 0.500000
vt 0.450000 0.500000
vt 0.437500 0.500000
vt 0.425000 0.500000
vt 0.412500 0.500000
vt 0.400000 0.500000
vt 0.387500 0.500000
vt 0.375000 0.500000
vt 0.612500 0.437500
vt 0.625000 0.437500
vt 0.600000 0.437500
vt 0.587500 0.437500
vt 0.575000 0.437500
vt 0.562500 0.437500
vt 0.550000 0.437500
vt 0.537500 0.437500
vt 0.525000 0.437500
vt 0.512500 0.437500
vt 0.500000 0.437500
vt 0.487500 0.437500
vt 0.475000 0.437500
vt 0.462500 0.437500
vt 0.450000 0.437500
vt 0.437500 0.437500
vt 0.425000 0.437500
vt 0.412500 0.437500
vt 0.400000 0.437500
vt 0.387500 0.437500
vt 0.375000 0.437500
vt 0.612500 0.375000
vt 0.625000 0.375000
vt 0.600000 0.375000
vt 0.587500 0.375000
vt 0.575000 0.375000
vt 0.562500 0.375000
vt 0.550000 0.375000
vt 0.537500 0.375000
vt 0.525000 0.375000
vt 0.512500 0.375000
vt 0.500000 0.375000
vt 0.487500 0.375000
vt 0.475000 0.375000
vt 0.462500 0.375000
vt 0.450000 0.375000
vt 0.437500 0.375000
vt 0.425000 0.375000
vt 0.412500 0.375000
vt 0.400000 0.375000
vt 0.387500 0.375000
vt 0.375000 0.375000
vt 0.375000 0.337488
vt 0.387500 0.337488
vt 0.400000 0.337488
vt 0.412500 0.337488
vt 0.425000 0.337488
vt 0.437500 0.337488
vt 0.450000 0.337488
vt 0.462500 0.337488
vt 0.475000 0.337488
vt 0.487500 0.337488
vt 0.500000 0.337488
vt 0.512500 0.337488
vt 0.525000 0.337488
vt 0.537500 0.337488
vt 0.550000 0.337488
vt 0.562500 0.337488
vt 0.575000 0.337488
vt 0.587500 0.337488
vt 0.600000 0.337488
vt 0.612500 0.337488
vt 0.625000 0.337488
vt 0.563211 0.110324
vt 0.500000 0.156250
vt 0.574309 0.132105
vt 0.545925 0.093039
vt 0.524144 0.081941
vt 0.500000 0.078117
vt 0.475856 0.081941
vt 0.454075 0.093039
vt 0.436789 0.110325
vt 0.425691 0.132106
vt 0.421867 0.156250
vt 0.425691 0.180394
vt 0.436789 0.202175
vt 0.454075 0.219461
vt 0.475856 0.230559
vt 0.500000 0.234383
vt 0.524144 0.230559
vt 0.545925 0.219461
vt 0.563211 0.202175
vt 0.574309 0.180394
vt 0.578133 0.156250
vt 0.574309 0.867895
vt 0.500000 0.843750
vt 0.563211 0.889675
vt 0.545925 0.906961
vt 0.524144 0.918059
vt 0.500000 0.921883
vt 0.475856 0.918059
vt 0.454075 0.906961
vt 0.436789 0.889675
vt 0.425691 0.867894
vt 0.421867 0.843750
vt 0.425691 0.819606
vt 0.436789 0.797825
vt 0.454075 0.780539
vt 0.475856 0.769441
vt 0.500000 0.765617
vt 0.524144 0.769441
vt 0.545925 0.780539
vt 0.563211 0.797825
vt 0.574309 0.819606
vt 0.578133 0.843750
vt 0.387500 0.312500
vt 0.375000 0.312500
vt 0.648603 0.107966
vt 0.626409 0.064408
vt 0.400000 0.312500
vt 0.591842 0.029841
vt 0.412500 0.312500
vt 0.548284 0.007647
vt 0.425000 0.312500
vt 0.500000 -0.000000
vt 0.437500 0.312500
vt 0.451716 0.007647
vt 0.450000 0.312500
vt 0.408159 0.029841
vt 0.462500 0.312500
vt 0.373591 0.064409
vt 0.475000 0.312500
vt 0.351397 0.107966
vt 0.487500 0.312500
vt 0.343750 0.156250
vt 0.500000 0.312500
vt 0.351397 0.204534
vt 0.512500 0.312500
vt 0.373591 0.248091
vt 0.525000 0.312500
vt 0.408159 0.282659
vt 0.537500 0.312500
vt 0.451716 0.304853
vt 0.550000 0.312500
vt 0.500000 0.312500
vt 0.562500 0.312500
vt 0.548284 0.304853
vt 0.575000 0.312500
vt 0.591841 0.282659
vt 0.587500 0.312500
vt 0.626409 0.248091
vt 0.600000 0.312500
vt 0.648603 0.204534
vt 0.612500 0.312500
vt 0.656250 0.156250
vt 0.625000 0.312500
vt 0.626409 0.935591
vt 0.648603 0.892034
vt 0.375000 0.687500
vt 0.387500 0.687500
vt 0.387500 0.662512
vt 0.375000 0.662512
vt 0.591841 0.970159
vt 0.400000 0.687500
vt 0.400000 0.662512
vt 0.548284 0.992353
vt 0.412500 0.687500
vt 0.412500 0.662512
vt 0.500000 1.000000
vt 0.425000 0.687500
vt 0.425000 0.662512
vt 0.451716 0.992353
vt 0.437500 0.687500
vt 0.437500 0.662512
vt 0.408159 0.970159
vt 0.450000 0.687500
vt 0.450000 0.662512
vt 0.373591 0.935591
vt 0.462500 0.687500
vt 0.462500 0.662512
vt 0.351397 0.892034
vt 0.475000 0.687500
vt 0.475000 0.662512
vt 0.343750 0.843750
vt 0.487500 0.687500
vt 0.487500 0.662512
vt 0.351397 0.795466
vt 0.500000 0.687500
vt 0.500000 0.662512
vt 0.373591 0.751909
vt 0.512500 0.687500
vt 0.512500 0.662512
vt 0.408159 0.717341
vt 0.525000 0.687500
vt 0.525000 0.662512
vt 0.451716 0.695147
vt 0.537500 0.687500
vt 0.537500 0.662512
vt 0.500000 0.687500
vt 0.550000 0.687500
vt 0.550000 0.662512
vt 0.548284 0.695147
vt 0.562500 0.687500
vt 0.562500 0.662512
vt 0.591842 0.717341
vt 0.575000 0.687500
vt 0.575000 0.662512
vt 0.626409 0.751908
vt 0.587500 0.687500
vt 0.587500 0.662512
vt 0.648603 0.795466
vt 0.600000 0.687500
vt 0.600000 0.662512
vt 0.656250 0.843750
vt 0.612500 0.687500
vt 0.612500 0.662512
vt 0.625000 0.662512
vt 0.625000 0.687500
vt 0.000000 0.125000
vt 0.000000 0.250000
vt 0.125000 0.250000
vt 0.125000 0.125000
vt 0.250000 0.250000
vt 0.250000 0.125000
vt 0.375000 0.250000
vt 0.375000 0.125000
vt 0.500000 0.250000
vt 0.500000 0.125000
vt 0.625000 0.250000
vt 0.625000 0.125000
vt 0.750000 0.250000
vt 0.750000 0.125000
vt 0.875000 0.250000
vt 0.875000 0.125000
vt 1.000000 0.250000
vt 1.000000 0.125000
vt 0.000000 0.375000
vt 0.125000 0.375000
vt 0.250000 0.375000
vt 0.375000 0.375000
vt 0.500000 0.375000
vt 0.625000 0.375000
vt 0.750000 0.375000
vt 0.875000 0.375000
vt 1.000000 0.375000
vt 0.000000 0.500000
vt 0.125000 0.500000
vt 0.250000 0.500000
vt 0.375000 0.500000
vt 0.500000 0.500000
vt 0.625000 0.500000
vt 0.750000 0.500000
vt 0.875000 0.500000
vt 1.000000 0.500000
vt 0.000000 0.625000
vt 0.125000 0.625000
vt 0.250000 0.625000
vt 0.375000 0.625000
vt 0.500000 0.625000
vt 0.625000 0.625000
vt 0.750000 0.625000
vt 0.875000 0.625000
vt 1.000000 0.625000
vt 0.000000 0.750000
vt 0.125000 0.750000
vt 0.250000 0.750000
vt 0.375000 0.750000
vt 0.500000 0.750000
vt 0.625000 0.750000
vt 0.750000 0.750000
vt 0.875000 0.750000
vt 1.000000 0.750000
vt 0.000000 0.875000
vt 0.125000 0.875000
vt 0.250000 0.875000
vt 0.375000 0.875000
vt 0.500000 0.875000
vt 0.625000 0.875000
vt 0.750000 0.875000
vt 0.875000 0.875000
vt 1.000000 0.875000
vt 0.062500 0.000000
vt 0.187500 0.000000
vt 0.312500 0.000000
vt 0.437500 0.000000
vt 0.562500 0.000000
vt 0.687500 0.000000
vt 0.812500 0.000000
vt 0.937500 0.000000
vt 0.062500 1.000000
vt 0.187500 1.000000
vt 0.312500 1.000000
vt 0.437500 1.000000
vt 0.562500 1.000000
vt 0.687500 1.000000
vt 0.812500 1.000000
vt 0.937500 1.000000
vt 0.000000 0.125000
vt 0.000000 0.250000
vt 0.125000 0.250000
vt 0.125000 0.125000
vt 0.250000 0.250000
vt 0.250000 0.125000
vt 0.375000 0.250000
vt 0.375000 0.125000
vt 0.500000 0.250000
vt 0.500000 0.125000
vt 0.625000 0.250000
vt 0.625000 0.125000
vt 0.750000 0.250000
vt 0.750000 0.125000
vt 0.875000 0.250000
vt 0.875000 0.125000
vt 1.000000 0.250000
vt 1.000000 0.125000
vt 0.000000 0.375000
vt 0.125000 0.375000
vt 0.250000 0.375000
vt 0.375000 0.375000
vt 0.500000 0.375000
vt 0.625000 0.375000
vt 0.750000 0.375000
vt 0.875000 0.375000
vt 1.000000 0.375000
vt 0.000000 0.500000
vt 0.125000 0.500000
vt 0.250000 0.500000
vt 0.375000 0.500000
vt 0.500000 0.500000
vt 0.625000 0.500000
vt 0.750000 0.500000
vt 0.875000 0.500000
vt 1.000000 0.500000
vt 0.000000 0.625000
vt 0.125000 0.625000
vt 0.250000 0.625000
vt 0.375000 0.625000
vt 0.500000 0.625000
vt 0.625000 0.625000
vt 0.750000 0.625000
vt 0.875000 0.625000
vt 1.000000 0.625000
vt 0.000000 0.750000
vt 0.125000 0.750000
vt 0.250000 0.750000
vt 0.375000 0.750000
vt 0.500000 0.750000
vt 0.625000 0.750000
vt 0.750000 0.750000
vt 0.875000 0.750000
vt 1.000000 0.750000
vt 0.000000 0.875000
vt 0.125000 0.875000
vt 0.250000 0.875000
vt 0.375000 0.875000
vt 0.500000 0.875000
vt 0.625000 0.875000
vt 0.750000 0.875000
vt 0.875000 0.875000
vt 1.000000 0.875000
vt 0.062500 0.000000
vt 0.187500 0.000000
vt 0.312500 0.000000
vt 0.437500 0.000000
vt 0.562500 0.000000
vt 0.687500 0.000000
vt 0.812500 0.000000
vt 0.937500 0.000000
vt 0.062500 1.000000
vt 0.187500 1.000000
vt 0.312500 1.000000
vt 0.437500 1.000000
vt 0.562500 1.000000
vt 0.687500 1.000000
vt 0.812500 1.000000
vt 0.937500 1.000000
vt 0.375000 0.312500
vt 0.375000 0.375000
vt 0.387500 0.375000
vt 0.387500 0.312500
vt 0.400000 0.375000
vt 0.400000 0.312500
vt 0.412500 0.375000
vt 0.412500 0.312500
vt 0.425000 0.375000
vt 0.425000 0.312500
vt 0.437500 0.375000
vt 0.437500 0.312500
vt 0.450000 0.375000
vt 0.450000 0.312500
vt 0.462500 0.375000
vt 0.462500 0.312500
vt 0.475000 0.375000
vt 0.475000 0.312500
vt 0.487500 0.375000
vt 0.487500 0.312500
vt 0.612500 0.312500
vt 0.612500 0.375000
vt 0.625000 0.375000
vt 0.625000 0.312500
vt 0.626409 0.064408
vt 0.500000 0.156250
vt 0.648603 0.107966
vt 0.591842 0.029841
vt 0.548284 0.007647
vt 0.500000 -0.000000
vt 0.451716 0.007647
vt 0.408159 0.029841
vt 0.373591 0.064409
vt 0.351397 0.107966
vt 0.343750 0.156250
vt 0.656250 0.156250
vt 0.648603 0.892034
vt 0.574301 0.867892
vt 0.563204 0.889671
vt 0.626409 0.935591
vt 0.545921 0.906954
vt 0.591841 0.970159
vt 0.524142 0.918051
vt 0.548284 0.992353
vt 0.500000 0.921875
vt 0.500000 1.000000
vt 0.475858 0.918051
vt 0.451716 0.992353
vt 0.454079 0.906954
vt 0.408159 0.970159
vt 0.436796 0.889671
vt 0.373591 0.935591
vt 0.425699 0.867892
vt 0.351397 0.892034
vt 0.421875 0.843750
vt 0.415625 0.765625
vt 0.634375 0.765625
vt 0.578125 0.843750
vt 0.612500 0.437500
vt 0.625000 0.437500
vt 0.475000 0.437500
vt 0.487500 0.437500
vt 0.462500 0.437500
vt 0.450000 0.437500
vt 0.437500 0.437500
vt 0.425000 0.437500
vt 0.412500 0.437500
vt 0.400000 0.437500
vt 0.387500 0.437500
vt 0.375000 0.437500
vt 0.612500 0.500000
vt 0.625000 0.500000
vt 0.475000 0.500000
vt 0.487500 0.500000
vt 0.462500 0.500000
vt 0.450000 0.500000
vt 0.437500 0.500000
vt 0.425000 0.500000
vt 0.412500 0.500000
vt 0.400000 0.500000
vt 0.387500 0.500000
vt 0.375000 0.500000
vt 0.612500 0.562500
vt 0.625000 0.562500
vt 0.475000 0.562500
vt 0.487500 0.562500
vt 0.462500 0.562500
vt 0.450000 0.562500
vt 0.437500 0.562500
vt 0.425000 0.562500
vt 0.412500 0.562500
vt 0.400000 0.562500
vt 0.387500 0.562500
vt 0.375000 0.562500
vt 0.612500 0.625000
vt 0.625000 0.625000
vt 0.475000 0.625000
vt 0.487500 0.625000
vt 0.462500 0.625000
vt 0.450000 0.625000
vt 0.437500 0.625000
vt 0.425000 0.625000
vt 0.412500 0.625000
vt 0.400000 0.625000
vt 0.387500 0.625000
vt 0.375000 0.625000
vt 0.612500 0.656250
vt 0.625000 0.656250
vt 0.475000 0.656250
vt 0.487500 0.656250
vt 0.462500 0.656250
vt 0.450000 0.656250
vt 0.437500 0.656250
vt 0.425000 0.656250
vt 0.412500 0.656250
vt 0.400000 0.656250
vt 0.387500 0.656250
vt 0.375000 0.656250
vt 0.500000 0.843750
vt 0.475000 0.687500
vt 0.462500 0.687500
vt 0.450000 0.687500
vt 0.437500 0.687500
vt 0.425000 0.687500
vt 0.412500 0.687500
vt 0.400000 0.687500
vt 0.387500 0.687500
vt 0.375000 0.687500
vt 0.625000 0.687500
vt 0.000000 0.125000
vt 0.000000 0.250000
vt 0.125000 0.250000
vt 0.125000 0.125000
vt 0.250000 0.250000
vt 0.250000 0.125000
vt 0.375000 0.250000
vt 0.375000 0.125000
vt 0.500000 0.250000
vt 0.500000 0.125000
vt 0.625000 0.250000
vt 0.625000 0.125000
vt 0.750000 0.250000
vt 0.750000 0.125000
vt 0.875000 0.250000
vt 0.875000 0.125000
vt 1.000000 0.250000
vt 1.000000 0.125000
vt 0.000000 0.375000
vt 0.125000 0.375000
vt 0.250000 0.375000
vt 0.375000 0.375000
vt 0.500000 0.375000
vt 0.625000 0.375000
vt 0.750000 0.375000
vt 0.875000 0.375000
vt 1.000000 0.375000
vt 0.000000 0.500000
vt 0.125000 0.500000
vt 0.250000 0.500000
vt 0.375000 0.500000
vt 0.500000 0.500000
vt 0.625000 0.500000
vt 0.750000 0.500000
vt 0.875000 0.500000
vt 1.000000 0.500000
vt 0.000000 0.625000
vt 0.125000 0.625000
vt 0.250000 0.625000
vt 0.375000 0.625000
vt 0.500000 0.625000
vt 0.625000 0.625000
vt 0.750000 0.625000
vt 0.875000 0.625000
vt 1.000000 0.625000
vt 0.000000 0.750000
vt 0.125000 0.750000
vt 0.250000 0.750000
vt 0.375000 0.750000
vt 0.500000 0.750000
vt 0.625000 0.750000
vt 0.750000 0.750000
vt 0.875000 0.750000
vt 1.000000 0.750000
vt 0.000000 0.875000
vt 0.125000 0.875000
vt 0.250000 0.875000
vt 0.375000 0.875000
vt 0.500000 0.875000
vt 0.625000 0.875000
vt 0.750000 0.875000
vt 0.875000 0.875000
vt 1.000000 0.875000
vt 0.062500 0.000000
vt 0.187500 0.000000
vt 0.312500 0.000000
vt 0.437500 0.000000
vt 0.562500 0.000000
vt 0.687500 0.000000
vt 0.812500 0.000000
vt 0.937500 0.000000
vt 0.062500 1.000000
vt 0.187500 1.000000
vt 0.312500 1.000000
vt 0.437500 1.000000
vt 0.562500 1.000000
vt 0.687500 1.000000
vt 0.812500 1.000000
vt 0.937500 1.000000
vn 0.830541 0.133477 -0.540727
vn 0.428698 0.133037 -0.893599
vn 0.407595 0.337088 -0.848668
vn 0.780774 0.361266 -0.509783
vn 0.000000 0.131489 -0.991318
vn 0.000000 0.323106 -0.946363
vn -0.428698 0.133037 -0.893599
vn -0.407595 0.337088 -0.848668
vn -0.830541 0.133477 -0.540727
vn -0.780774 0.361266 -0.509784
vn -0.991553 0.129697 0.000455
vn -0.929639 0.368472 0.000234
vn -0.928371 0.064355 0.366041
vn -0.887456 0.354205 0.294891
vn 0.928369 0.064292 0.366057
vn 0.991553 0.129698 0.000455
vn 0.929639 0.368473 0.000234
vn 0.887461 0.354165 0.294924
vn 0.341658 0.620464 -0.705900
vn 0.637566 0.648041 -0.416596
vn -0.000000 0.604682 -0.796467
vn -0.341657 0.620463 -0.705900
vn -0.637566 0.648041 -0.416597
vn -0.753583 0.657353 -0.000140
vn -0.699151 0.670084 0.249348
vn 0.753583 0.657353 -0.000138
vn 0.699142 0.670088 0.249363
vn 0.260362 0.812299 -0.521902
vn 0.457359 0.839675 -0.292864
vn -0.000033 0.795105 -0.606472
vn -0.260423 0.812350 -0.521793
vn -0.457376 0.839716 -0.292718
vn -0.525628 0.850709 0.002877
vn -0.464033 0.861388 0.206601
vn 0.525654 0.850694 0.002724
vn 0.464115 0.861382 0.206442
vn 0.159890 0.931440 -0.326886
vn 0.269918 0.945983 -0.179611
vn -0.002044 0.923661 -0.383205
vn -0.162963 0.931783 -0.324383
vn -0.271242 0.946227 -0.176303
vn -0.301774 0.953375 -0.003009
vn -0.258061 0.954278 0.150856
vn 0.301899 0.953320 -0.006205
vn 0.259550 0.954290 0.148205
vn -0.000000 1.000000 0.000612
vn -0.152993 0.956502 0.248388
vn 0.002025 0.959821 0.280606
vn 0.155600 0.956405 0.247138
vn 0.840694 -0.038963 -0.540107
vn 0.834964 -0.154361 -0.528213
vn 0.444788 -0.106156 -0.889322
vn 0.438190 -0.008801 -0.898839
vn 0.998331 -0.057746 0.000908
vn 0.983419 -0.181349 -0.000332
vn -0.000000 -0.082191 -0.996617
vn 0.000000 0.005341 -0.999986
vn -0.444788 -0.106156 -0.889322
vn -0.438189 -0.008801 -0.898839
vn -0.834963 -0.154361 -0.528213
vn -0.840694 -0.038964 -0.540106
vn -0.983419 -0.181349 -0.000332
vn -0.998331 -0.057746 0.000908
vn -0.856998 -0.200645 0.474653
vn -0.894058 -0.111451 0.433865
vn -0.498657 -0.227350 0.836453
vn -0.538901 -0.192806 0.820007
vn 0.538901 -0.192806 0.820007
vn 0.498657 -0.227350 0.836453
vn 0.856998 -0.200645 0.474653
vn 0.894055 -0.111493 0.433861
vn 0.816403 -0.289862 -0.499465
vn 0.451561 -0.242965 -0.858522
vn 0.000000 -0.217661 -0.976024
vn -0.451562 -0.242965 -0.858522
vn -0.816403 -0.289862 -0.499466
vn -0.949760 -0.312978 -0.000790
vn -0.821293 -0.315430 0.475375
vn -0.474557 -0.314932 0.821957
vn 0.000000 -0.235772 0.971808
vn 0.000000 -0.314932 0.949114
vn 0.474557 -0.314932 0.821957
vn 0.821293 -0.315430 0.475375
vn 0.949760 -0.312979 -0.000789
vn -0.027399 0.545695 0.837536
vn -0.232982 0.898483 0.372085
vn -0.388031 0.839726 0.379858
vn -0.015424 0.490941 0.871056
vn -0.000084 0.562909 0.826519
vn 0.000462 0.897127 0.441773
vn 0.027300 0.545574 0.837618
vn 0.233227 0.898561 0.371744
vn 0.015341 0.490863 0.871102
vn 0.388338 0.839914 0.379127
vn -0.581982 0.722627 0.372970
vn -0.022012 0.483854 0.874872
vn 0.021841 0.483752 0.874933
vn 0.582400 0.722634 0.372304
vn -0.849977 0.309727 0.426155
vn -0.028071 0.470896 0.881742
vn 0.027617 0.470904 0.881752
vn 0.850490 0.309270 0.425463
vn 0.024685 0.459372 0.887901
vn 0.823887 -0.074332 0.561859
vn 0.021859 0.438571 0.898430
vn 0.608645 -0.149878 0.779159
vn -0.000048 0.376109 0.926575
vn -0.000006 -0.185468 0.982650
vn -0.022099 0.438433 0.898492
vn -0.607686 -0.148480 0.780174
vn -0.025187 0.459210 0.887971
vn -0.823479 -0.073661 0.562544
vn -0.000000 0.469847 0.882748
vn -0.000000 0.467879 0.883792
vn -0.000000 0.467882 0.883791
vn -0.000000 0.467881 0.883792
vn -0.000000 0.467877 0.883794
vn 0.793036 -0.376284 -0.479066
vn 0.031319 -0.999337 -0.018560
vn 0.010454 -0.999765 -0.018973
vn 0.443514 -0.338245 -0.829991
vn 0.919457 -0.393190 -0.000282
vn 0.182837 -0.983143 -0.000224
vn 0.000003 -0.999823 -0.018835
vn 0.000004 -0.316869 -0.948469
vn -0.010453 -0.999765 -0.018977
vn -0.443545 -0.338053 -0.830053
vn -0.031329 -0.999337 -0.018555
vn -0.793093 -0.376123 -0.479097
vn -0.183019 -0.983109 -0.000200
vn -0.919476 -0.393146 -0.000280
vn -0.031053 -0.999357 0.017928
vn -0.795564 -0.394696 0.459667
vn -0.010465 -0.999781 0.018127
vn -0.459432 -0.394570 0.795761
vn -0.000000 -0.999836 0.018108
vn -0.000000 -0.394570 0.918866
vn 0.010468 -0.999781 0.018131
vn 0.459433 -0.394570 0.795761
vn 0.031055 -0.999357 0.017931
vn 0.795566 -0.394691 0.459666
vn -0.282394 -0.681156 -0.675485
vn -0.024823 -0.997898 -0.059863
vn -0.036128 -0.999218 -0.016038
vn -0.705905 -0.634204 -0.315411
vn 0.295842 -0.678009 0.672890
vn 0.025078 -0.998032 0.057470
vn 0.036301 -0.999204 0.016514
vn 0.702716 -0.634798 0.321282
vn 0.916322 0.109635 -0.385142
vn 0.826214 0.090577 -0.556027
vn 0.784109 0.092130 -0.613747
vn 0.736867 0.113076 -0.666514
vn 0.915267 0.158799 -0.370227
vn -0.916329 0.109562 -0.385145
vn -0.992053 0.125819 -0.000004
vn -0.983924 0.178589 0.000000
vn -0.915267 0.158799 -0.370229
vn -0.913842 0.108825 0.391217
vn -0.913344 0.157791 0.375372
vn -0.821438 0.089093 0.563296
vn -0.781667 0.091717 0.616916
vn -0.736629 0.112548 0.666866
vn 0.913850 0.108749 0.391219
vn 0.992053 0.125818 0.000009
vn 0.983924 0.178589 0.000001
vn 0.913344 0.157791 0.375372
vn 0.024759 -0.997901 -0.059839
vn 0.036230 -0.999214 -0.016084
vn 0.000000 -1.000000 -0.000000
vn -0.000452 -0.998991 -0.044907
vn -0.039134 -0.999234 -0.000046
vn -0.036406 -0.999200 0.016556
vn -0.025031 -0.998043 0.057305
vn 0.000657 -0.998955 0.045705
vn 0.039136 -0.999234 0.000035
vn -0.000640 -0.998959 0.045602
vn 0.000321 -0.998740 0.050188
vn 0.000000 -0.998696 0.051056
vn -0.000300 -0.998735 0.050282
vn 0.000451 -0.998991 -0.044897
vn -0.000304 -0.998726 -0.050459
vn -0.000000 -0.998685 -0.051263
vn 0.000303 -0.998726 -0.050467
vn 0.707658 -0.631853 -0.316201
vn 0.282584 -0.680337 -0.676230
vn 0.337274 -0.426932 -0.839033
vn -0.014754 -0.758639 -0.651344
vn -0.337181 -0.427751 -0.838652
vn -0.080638 -0.330220 -0.940453
vn -0.012626 -0.323964 -0.945985
vn -0.779519 -0.626378 -0.000329
vn -0.704521 -0.632372 0.322111
vn -0.296674 -0.677018 0.673521
vn -0.354955 -0.418987 0.835737
vn 0.019405 -0.751062 0.659946
vn 0.354152 -0.420124 0.835507
vn 0.092549 -0.316107 0.944198
vn 0.015590 -0.306558 0.951724
vn 0.779485 -0.626420 0.000228
vn -0.019426 -0.751092 0.659911
vn -0.015631 -0.306456 0.951756
vn 0.001206 -0.767810 0.640676
vn -0.000018 -0.300425 0.953805
vn -0.000000 -0.787082 0.616848
vn -0.000000 -0.299434 0.954117
vn -0.001003 -0.767852 0.640627
vn 0.000025 -0.300468 0.953792
vn 0.014756 -0.758645 -0.651338
vn 0.012657 -0.323902 -0.946006
vn -0.001003 -0.774854 -0.632140
vn 0.000023 -0.318507 -0.947921
vn -0.000000 -0.793118 -0.609068
vn -0.000000 -0.317532 -0.948247
vn 0.000990 -0.774850 -0.632144
vn -0.000023 -0.318522 -0.947915
vn 0.080529 -0.330282 -0.940441
vn -0.092481 -0.315977 0.944249
vn 0.821451 0.089004 0.563290
vn 0.780919 0.091105 0.617952
vn 0.736629 0.112548 0.666866
vn -0.826227 0.090493 -0.556021
vn -0.783291 0.091431 -0.614894
vn -0.736867 0.113076 -0.666514
vn -0.544819 0.051805 0.836952
vn -0.033419 -0.277425 0.960166
vn -0.009930 -0.279615 0.960061
vn -0.336762 0.021942 0.941334
vn -0.000034 -0.279665 0.960098
vn 0.000061 -0.007448 0.999972
vn 0.009933 -0.279684 0.960041
vn 0.336278 0.021348 0.941521
vn 0.033317 -0.277538 0.960137
vn 0.543775 0.050909 0.837685
vn 0.544646 0.051649 -0.837074
vn 0.032941 -0.294595 -0.955054
vn 0.009937 -0.297218 -0.954758
vn 0.331498 0.020418 -0.943235
vn 0.000031 -0.297394 -0.954755
vn -0.000052 -0.007317 -0.999973
vn -0.009954 -0.297285 -0.954737
vn -0.331005 0.019767 -0.943422
vn -0.032782 -0.294728 -0.955019
vn -0.543555 0.050664 -0.837843
vn -0.299944 0.022830 0.953684
vn -0.528977 0.064053 0.846215
vn 0.000021 0.004598 0.999989
vn 0.299932 0.022831 0.953687
vn 0.528964 0.064051 0.846224
vn 0.297457 0.022506 -0.954470
vn 0.528448 0.063934 -0.846555
vn -0.000018 0.004549 -0.999990
vn -0.297447 0.022507 -0.954473
vn -0.528435 0.063932 -0.846563
vn 0.076167 0.996764 -0.025673
vn 0.905994 0.260739 -0.333452
vn 0.743712 0.186819 -0.641865
vn 0.066829 0.996477 -0.050676
vn 0.079274 0.996853 -0.000031
vn 0.958505 0.285074 -0.000012
vn 0.529396 0.107062 -0.841592
vn 0.050514 0.996120 -0.072069
vn 0.285986 0.060313 -0.956334
vn 0.027465 0.995870 -0.086536
vn 0.000008 0.046917 -0.998899
vn 0.000020 0.995798 -0.091581
vn -0.285974 0.060049 -0.956354
vn -0.027423 0.995870 -0.086547
vn -0.529417 0.106561 -0.841642
vn -0.050496 0.996118 -0.072105
vn -0.743801 0.186249 -0.641927
vn -0.066889 0.996471 -0.050715
vn -0.906094 0.260373 -0.333465
vn -0.076209 0.996762 -0.025637
vn -0.958505 0.285074 0.000012
vn -0.079274 0.996853 0.000031
vn -0.905374 0.259651 0.335976
vn -0.076210 0.996760 0.025713
vn -0.744206 0.186334 0.641434
vn -0.066898 0.996471 0.050689
vn -0.528917 0.106696 0.841940
vn -0.050538 0.996117 0.072089
vn -0.286147 0.060131 0.956297
vn -0.027477 0.995869 0.086548
vn -0.000008 0.046901 0.998900
vn -0.000020 0.995797 0.091591
vn 0.286135 0.059870 0.956317
vn 0.027434 0.995869 0.086557
vn 0.528936 0.106205 0.841990
vn 0.050524 0.996115 0.072132
vn 0.744292 0.185781 0.641494
vn 0.066952 0.996466 0.050721
vn 0.905471 0.259295 0.335988
vn 0.076255 0.996758 0.025674
vn 0.000000 1.000000 -0.000000
vn 0.830358 -0.284032 -0.479408
vn 0.479407 -0.284032 -0.830358
vn 0.495332 -0.136332 -0.857939
vn 0.857939 -0.136332 -0.495332
vn 0.000000 -0.284032 -0.958815
vn 0.000000 -0.136332 -0.990663
vn -0.479407 -0.284032 -0.830358
vn -0.495332 -0.136332 -0.857939
vn -0.830358 -0.284032 -0.479408
vn -0.857939 -0.136332 -0.495332
vn -0.958815 -0.284032 -0.000000
vn -0.990663 -0.136332 -0.000000
vn -0.830358 -0.284032 0.479408
vn -0.857939 -0.136332 0.495332
vn -0.479407 -0.284032 0.830358
vn -0.495331 -0.136332 0.857940
vn -0.000000 -0.284032 0.958815
vn -0.000000 -0.136332 0.990663
vn 0.479407 -0.284032 0.830358
vn 0.495332 -0.136332 0.857939
vn 0.830358 -0.284032 0.479408
vn 0.857939 -0.136332 0.495332
vn 0.958815 -0.284032 0.000000
vn 0.990663 -0.136332 0.000000
vn 0.497799 0.093733 -0.862212
vn 0.862212 0.093732 -0.497799
vn 0.000000 0.093733 -0.995597
vn -0.497799 0.093732 -0.862212
vn -0.862213 0.093733 -0.497799
vn -0.995597 0.093733 -0.000000
vn -0.862212 0.093733 0.497799
vn -0.497799 0.093733 0.862212
vn -0.000000 0.093733 0.995597
vn 0.497799 0.093733 0.862212
vn 0.862213 0.093733 0.497799
vn 0.995597 0.093733 0.000000
vn 0.475378 0.309940 -0.823379
vn 0.823379 0.309940 -0.475378
vn 0.000000 0.309940 -0.950756
vn -0.475378 0.309940 -0.823379
vn -0.823379 0.309941 -0.475378
vn -0.950756 0.309941 0.000001
vn -0.823379 0.309940 0.475378
vn -0.475378 0.309940 0.823379
vn -0.000000 0.309940 0.950756
vn 0.475377 0.309940 0.823379
vn 0.823379 0.309941 0.475378
vn 0.950756 0.309941 -0.000001
vn 0.421500 0.537913 -0.730060
vn 0.730059 0.537913 -0.421501
vn 0.000000 0.537913 -0.843000
vn -0.421500 0.537913 -0.730060
vn -0.730060 0.537913 -0.421500
vn -0.843000 0.537913 0.000001
vn -0.730059 0.537913 0.421501
vn -0.421500 0.537913 0.730060
vn -0.000000 0.537913 0.843000
vn 0.421500 0.537913 0.730060
vn 0.730060 0.537913 0.421500
vn 0.843000 0.537913 -0.000001
vn 0.330275 0.750780 -0.572055
vn 0.572054 0.750781 -0.330276
vn 0.000000 0.750781 -0.660551
vn -0.330275 0.750780 -0.572056
vn -0.572055 0.750781 -0.330275
vn -0.660551 0.750781 0.000001
vn -0.572054 0.750781 0.330276
vn -0.330275 0.750780 0.572055
vn -0.000000 0.750781 0.660551
vn 0.330275 0.750780 0.572056
vn 0.572055 0.750781 0.330275
vn 0.660551 0.750781 -0.000001
vn 0.211811 0.905837 -0.366872
vn 0.366869 0.905838 -0.211814
vn -0.000000 0.905838 -0.423625
vn -0.211812 0.905838 -0.366870
vn -0.366869 0.905838 -0.211812
vn -0.423624 0.905838 -0.000000
vn -0.366869 0.905838 0.211814
vn -0.211811 0.905837 0.366872
vn 0.000000 0.905838 0.423625
vn 0.211812 0.905838 0.366871
vn 0.366869 0.905838 0.211812
vn 0.423624 0.905838 -0.000000
vn 0.000000 1.000000 -0.000000
vn 0.818414 -0.327004 -0.472512
vn 0.472512 -0.327004 -0.818413
vn 0.000000 -0.327004 -0.945023
vn -0.472512 -0.327004 -0.818413
vn -0.818414 -0.327004 -0.472512
vn -0.945023 -0.327004 -0.000000
vn -0.818414 -0.327004 0.472512
vn -0.472512 -0.327004 0.818413
vn -0.000000 -0.327004 0.945023
vn 0.472512 -0.327004 0.818414
vn 0.818414 -0.327004 0.472512
vn 0.945023 -0.327004 0.000000
vn 0.821526 -0.316427 -0.474309
vn 0.031739 -0.999328 -0.018324
vn 0.010660 -0.999773 -0.018462
vn 0.474311 -0.316428 -0.821524
vn 0.948617 -0.316427 0.000000
vn 0.189320 -0.981915 -0.000003
vn 0.000000 -0.999830 -0.018429
vn 0.000000 -0.316428 -0.948617
vn -0.010660 -0.999773 -0.018462
vn -0.474311 -0.316428 -0.821524
vn -0.031739 -0.999328 -0.018324
vn -0.821526 -0.316427 -0.474309
vn -0.189321 -0.981915 -0.000000
vn -0.948617 -0.316427 -0.000000
vn -0.031739 -0.999328 0.018324
vn -0.821526 -0.316427 0.474308
vn -0.010660 -0.999773 0.018462
vn -0.474311 -0.316428 0.821524
vn -0.000000 -0.999830 0.018429
vn -0.000000 -0.316428 0.948617
vn 0.010660 -0.999773 0.018462
vn 0.474311 -0.316428 0.821524
vn 0.031739 -0.999328 0.018324
vn 0.821526 -0.316427 0.474309
vn 0.289760 -0.942365 -0.167294
vn 0.167293 -0.942365 -0.289762
vn 0.270243 -0.841352 -0.468076
vn 0.468075 -0.841352 -0.270244
vn 0.000000 -0.942365 -0.334587
vn 0.000000 -0.841352 -0.540488
vn -0.167293 -0.942365 -0.289761
vn -0.270243 -0.841352 -0.468076
vn -0.289760 -0.942365 -0.167292
vn -0.468075 -0.841353 -0.270243
vn -0.334586 -0.942365 0.000000
vn -0.540487 -0.841352 0.000000
vn -0.289760 -0.942365 0.167294
vn -0.468075 -0.841352 0.270244
vn -0.167293 -0.942365 0.289762
vn -0.270243 -0.841352 0.468076
vn -0.000000 -0.942365 0.334587
vn -0.000000 -0.841352 0.540488
vn 0.167293 -0.942365 0.289761
vn 0.270243 -0.841352 0.468076
vn 0.289760 -0.942365 0.167292
vn 0.468075 -0.841353 0.270243
vn 0.334586 -0.942365 0.000000
vn 0.540487 -0.841352 0.000000
vn 0.364805 -0.683863 -0.631861
vn 0.631861 -0.683863 -0.364805
vn 0.000000 -0.683863 -0.729611
vn -0.364805 -0.683862 -0.631862
vn -0.631861 -0.683863 -0.364805
vn -0.729611 -0.683863 0.000000
vn -0.631862 -0.683863 0.364805
vn -0.364805 -0.683863 0.631861
vn -0.000000 -0.683863 0.729611
vn 0.364805 -0.683862 0.631862
vn 0.631861 -0.683863 0.364805
vn 0.729611 -0.683863 -0.000000
vn 0.438135 -0.481821 -0.758872
vn 0.758871 -0.481821 -0.438135
vn 0.000000 -0.481822 -0.876269
vn -0.438134 -0.481821 -0.758872
vn -0.758871 -0.481821 -0.438135
vn -0.876269 -0.481821 0.000000
vn -0.758871 -0.481821 0.438135
vn -0.438135 -0.481821 0.758872
vn -0.000000 -0.481822 0.876269
vn 0.438134 -0.481821 0.758872
vn 0.758871 -0.481821 0.438135
vn 0.876269 -0.481821 -0.000000
vn 0.484272 -0.248836 -0.838785
vn 0.838785 -0.248837 -0.484273
vn -0.000000 -0.248837 -0.968545
vn -0.484273 -0.248837 -0.838785
vn -0.838785 -0.248837 -0.484273
vn -0.968545 -0.248837 0.000000
vn -0.838785 -0.248837 0.484273
vn -0.484272 -0.248837 0.838785
vn 0.000000 -0.248837 0.968545
vn 0.484273 -0.248837 0.838785
vn 0.838785 -0.248837 0.484273
vn 0.968545 -0.248837 -0.000000
vn 0.500000 0.000000 -0.866025
vn 0.866025 -0.000000 -0.500000
vn -0.000000 0.000000 -1.000000
vn -0.500000 -0.000000 -0.866025
vn -0.866026 -0.000000 -0.500000
vn -1.000000 -0.000000 0.000000
vn -0.866025 -0.000000 0.500000
vn -0.500000 0.000000 0.866025
vn 0.000000 0.000000 1.000000
vn 0.500000 -0.000000 0.866025
vn 0.866026 -0.000000 0.500000
vn 1.000000 -0.000000 -0.000000
vn 0.484273 0.248837 -0.838785
vn 0.838785 0.248837 -0.484273
vn 0.000000 0.248837 -0.968545
vn -0.484273 0.248837 -0.838785
vn -0.838785 0.248837 -0.484273
vn -0.968545 0.248837 0.000000
vn -0.838785 0.248837 0.484273
vn -0.484273 0.248837 0.838785
vn -0.000000 0.248837 0.968545
vn 0.484273 0.248837 0.838785
vn 0.838785 0.248837 0.484273
vn 0.968545 0.248837 -0.000000
vn 0.438135 0.481821 -0.758872
vn 0.758871 0.481821 -0.438135
vn 0.000000 0.481821 -0.876269
vn -0.438135 0.481822 -0.758871
vn -0.758872 0.481821 -0.438134
vn -0.876269 0.481821 0.000000
vn -0.758871 0.481821 0.438135
vn -0.438135 0.481821 0.758872
vn 0.000000 0.481821 0.876270
vn 0.438135 0.481822 0.758871
vn 0.758872 0.481822 0.438134
vn 0.876270 0.481821 -0.000000
vn 0.364805 0.683863 -0.631862
vn 0.631861 0.683863 -0.364806
vn -0.000000 0.683862 -0.729611
vn -0.364805 0.683863 -0.631861
vn -0.631862 0.683863 -0.364805
vn -0.729611 0.683863 0.000001
vn -0.631861 0.683863 0.364806
vn -0.364805 0.683863 0.631862
vn 0.000000 0.683862 0.729611
vn 0.364805 0.683863 0.631861
vn 0.631862 0.683863 0.364804
vn 0.729611 0.683863 -0.000001
vn 0.270243 0.841352 -0.468076
vn 0.468075 0.841352 -0.270244
vn 0.000000 0.841352 -0.540488
vn -0.270243 0.841352 -0.468076
vn -0.468075 0.841353 -0.270243
vn -0.540487 0.841352 0.000001
vn -0.468075 0.841352 0.270244
vn -0.270243 0.841352 0.468076
vn 0.000000 0.841352 0.540488
vn 0.270243 0.841352 0.468076
vn 0.468075 0.841353 0.270243
vn 0.540487 0.841352 -0.000001
vn 0.167293 0.942365 -0.289762
vn 0.289760 0.942365 -0.167294
vn 0.000000 0.942365 -0.334586
vn -0.167293 0.942365 -0.289761
vn -0.289760 0.942365 -0.167293
vn -0.334586 0.942365 0.000000
vn -0.289760 0.942365 0.167294
vn -0.167293 0.942365 0.289762
vn 0.000000 0.942365 0.334586
vn 0.167293 0.942365 0.289761
vn 0.289760 0.942365 0.167293
vn 0.334586 0.942365 0.000000
vn 0.000000 -1.000000 -0.000000
vn 0.000000 1.000000 -0.000000
vn 0.185009 0.934452 -0.304253
vn 0.184419 0.794470 -0.578626
vn -0.017387 0.807448 -0.589682
vn -0.017153 0.950529 -0.310162
vn 0.183488 0.576605 -0.796153
vn -0.017999 0.585008 -0.810828
vn 0.182368 0.302298 -0.935606
vn -0.018897 0.305409 -0.952034
vn 0.181745 -0.000006 -0.983346
vn -0.019632 -0.000025 -0.999807
vn 0.182334 -0.302328 -0.935603
vn -0.019111 -0.305509 -0.951998
vn 0.183405 -0.576641 -0.796145
vn -0.018432 -0.585110 -0.810745
vn 0.184283 -0.794514 -0.578607
vn -0.018013 -0.807516 -0.589570
vn 0.184835 -0.934491 -0.304240
vn -0.017911 -0.950540 -0.310086
vn 0.185027 -0.982734 -0.000126
vn -0.018114 -0.999836 -0.000232
vn 0.184999 -0.934632 0.303706
vn -0.018448 -0.950871 0.309037
vn 0.184937 -0.795050 0.577662
vn -0.018731 -0.808841 0.587729
vn 0.184900 -0.577640 0.795075
vn -0.018911 -0.587652 0.808892
vn 0.184888 -0.303692 0.934659
vn -0.018972 -0.308963 0.950885
vn 0.184905 -0.000010 0.982756
vn -0.018906 -0.000030 0.999821
vn 0.184946 0.303668 0.934655
vn -0.018721 0.308909 0.950907
vn 0.185011 0.577620 0.795063
vn -0.018435 0.587625 0.808924
vn 0.185093 0.795018 0.577657
vn -0.018076 0.808827 0.587769
vn 0.185181 0.934596 0.303707
vn -0.017679 0.950877 0.309063
vn 0.185217 0.982698 -0.000130
vn -0.017307 0.999850 -0.000247
vn 0.561926 0.669213 -0.486202
vn 0.561925 0.786704 -0.255612
vn 0.844996 0.165253 0.508599
vn 0.561924 0.486209 -0.669211
vn 0.561920 0.255611 -0.786707
vn 0.561926 -0.000000 -0.827187
vn 0.561921 -0.255617 -0.786705
vn 0.561925 -0.486211 -0.669208
vn 0.561921 -0.669212 -0.486210
vn 0.561919 -0.786709 -0.255609
vn 0.561926 -0.827187 -0.000000
vn 0.561919 -0.786709 0.255609
vn 0.608032 -0.144341 0.780681
vn 0.578680 -0.061899 0.813202
vn 0.808530 -0.181844 0.559653
vn 0.808531 0.000000 0.588454
vn 0.808533 0.181840 0.559651
vn 0.808532 0.345886 0.476066
vn 0.808531 0.476071 0.345881
vn 0.578679 0.528061 0.621516
vn 0.608038 0.575647 0.546735
vn -0.997458 0.067773 -0.022019
vn -0.997458 0.057650 -0.041885
vn -1.000000 0.000001 0.000000
vn -0.997458 0.041883 -0.057650
vn -0.997470 0.022357 -0.067479
vn -0.997499 -0.000000 -0.070674
vn -0.997470 -0.022358 -0.067477
vn -0.997458 -0.041884 -0.057650
vn -0.997458 -0.057648 -0.041886
vn -0.997458 -0.067771 -0.022019
vn -0.997458 -0.071259 0.000000
vn -0.997458 -0.067771 0.022019
vn -0.997458 -0.057651 0.041886
vn -0.997458 -0.041886 0.057650
vn -0.997458 -0.022018 0.067771
vn -0.997458 0.000000 0.071259
vn -0.997458 0.022019 0.067772
vn -0.997458 0.041884 0.057650
vn -0.997458 0.057650 0.041885
vn -0.997458 0.067772 0.022020
vn -0.997458 0.071259 0.000000
vn 0.864661 0.477769 -0.155237
vn 0.864659 0.406415 -0.295282
vn 0.224787 0.926718 -0.301104
vn 0.224788 0.788318 -0.572735
vn 0.864660 0.295280 -0.406414
vn 0.224785 0.572743 -0.788313
vn 0.864659 0.155236 -0.477772
vn 0.224783 0.301104 -0.926719
vn 0.864660 -0.000000 -0.502358
vn 0.224783 -0.000000 -0.974409
vn 0.864661 -0.155238 -0.477769
vn 0.224782 -0.301109 -0.926718
vn 0.864659 -0.295277 -0.406418
vn 0.224783 -0.572746 -0.788311
vn 0.864660 -0.406413 -0.295281
vn 0.224782 -0.788313 -0.572743
vn 0.864661 -0.477770 -0.155232
vn 0.224781 -0.926721 -0.301100
vn 0.864661 -0.502356 0.000000
vn 0.224782 -0.974409 -0.000000
vn 0.864661 -0.477770 0.155232
vn 0.224781 -0.926721 0.301100
vn 0.864660 -0.406414 0.295281
vn 0.285136 -0.704593 0.649805
vn 0.864659 -0.295277 0.406418
vn 0.500364 -0.337365 0.797383
vn 0.864661 -0.155238 0.477769
vn 0.823323 -0.175388 0.539795
vn 0.864660 -0.000000 0.502358
vn 0.823324 0.000001 0.567572
vn 0.864659 0.155237 0.477772
vn 0.823326 0.175387 0.539790
vn 0.864660 0.295282 0.406414
vn 0.823326 0.333611 0.459171
vn 0.864659 0.406414 0.295282
vn 0.823326 0.459173 0.333607
vn 0.864662 0.477766 0.155239
vn 0.500364 0.741616 0.446812
vn 0.864661 0.502356 0.000000
vn 0.285140 0.951971 0.111562
vn -0.119075 0.943606 -0.308915
vn -0.386065 0.877248 -0.285289
vn -0.386572 0.922259 -0.000145
vn -0.119339 0.992853 -0.000931
vn -0.994838 0.096509 -0.031356
vn -0.994838 0.101474 -0.000000
vn -0.994838 0.082093 -0.059644
vn -0.118212 0.801645 -0.585996
vn -0.385661 0.746380 -0.542386
vn -0.994838 0.059641 -0.082094
vn -0.117014 0.581468 -0.805111
vn -0.385556 0.542338 -0.746469
vn -0.994862 0.031851 -0.096100
vn -0.116107 0.304985 -0.945253
vn -0.385553 0.284641 -0.877684
vn -0.994920 -0.000001 -0.100670
vn -0.116193 0.000030 -0.993227
vn -0.385463 0.000007 -0.922723
vn -0.994862 -0.031853 -0.096098
vn -0.116304 -0.304964 -0.945235
vn -0.385588 -0.284643 -0.877668
vn -0.994838 -0.059643 -0.082094
vn -0.117357 -0.581490 -0.805045
vn -0.385625 -0.542313 -0.746451
vn -0.994838 -0.082093 -0.059646
vn -0.118622 -0.801677 -0.585869
vn -0.385752 -0.746351 -0.542361
vn -0.994838 -0.096509 -0.031356
vn -0.119503 -0.943597 -0.308778
vn -0.386137 -0.877235 -0.285232
vn -0.994838 -0.101475 0.000000
vn -0.119766 -0.992802 -0.000877
vn -0.386595 -0.922250 -0.000111
vn -0.994838 -0.096507 0.031356
vn -0.120029 -0.944192 0.306749
vn -0.386749 -0.877052 0.284965
vn -0.994838 -0.082095 0.059646
vn -0.120117 -0.803173 0.583511
vn -0.386748 -0.746067 0.542043
vn -0.994838 -0.059646 0.082094
vn -0.120165 -0.583534 0.803149
vn -0.386744 -0.542048 0.746065
vn -0.994838 -0.031355 0.096506
vn -0.120166 -0.306772 0.944167
vn -0.386742 -0.284971 0.877053
vn -0.994838 0.000000 0.101473
vn -0.120121 0.000022 0.992759
vn -0.386745 0.000001 0.922187
vn -0.994838 0.031355 0.096508
vn -0.120035 0.306814 0.944170
vn -0.386742 0.284971 0.877053
vn -0.994838 0.059643 0.082094
vn -0.119916 0.583582 0.803152
vn -0.386741 0.542050 0.746065
vn -0.994838 0.082094 0.059644
vn -0.119774 0.803218 0.583519
vn -0.386745 0.746065 0.542047
vn -0.994838 0.096507 0.031357
vn -0.119626 0.944240 0.306757
vn -0.386748 0.877050 0.284972
vn -0.039583 0.805449 -0.591341
vn -0.039651 0.949501 -0.311249
vn -0.040119 0.999195 -0.000658
vn -0.040811 0.950264 0.308762
vn -0.041538 0.808313 0.587285
vn -0.042197 0.587261 0.808297
vn -0.042723 0.308732 0.950189
vn -0.043065 -0.000002 0.999072
vn -0.043189 -0.308731 0.950168
vn -0.043083 -0.587236 0.808268
vn -0.042757 -0.808276 0.587249
vn -0.042244 -0.950210 0.308734
vn -0.041623 -0.999133 -0.000624
vn -0.041071 -0.949488 -0.311104
vn -0.040769 -0.805540 -0.591137
vn -0.040689 -0.582392 -0.811889
vn -0.040571 -0.303147 -0.952080
vn -0.040342 -0.000009 -0.999186
vn -0.040139 0.303053 -0.952128
vn -0.039848 0.582255 -0.812029
vn -0.050101 0.805067 -0.591065
vn -0.050782 0.948914 -0.311422
vn -0.051300 0.998683 -0.000972
vn -0.051799 0.949813 0.308501
vn -0.052310 0.807968 0.586900
vn -0.052780 0.587040 0.807836
vn -0.053159 0.308639 0.949692
vn -0.053412 0.000033 0.998573
vn -0.053513 -0.308576 0.949693
vn -0.053454 -0.586972 0.807841
vn -0.053240 -0.807907 0.586900
vn -0.052891 -0.949755 0.308494
vn -0.052448 -0.998623 -0.000920
vn -0.051875 -0.948907 -0.311262
vn -0.051043 -0.805148 -0.590874
vn -0.049935 -0.582701 -0.811151
vn -0.048709 -0.304758 -0.951183
vn -0.047972 0.000027 -0.998849
vn -0.048332 0.304736 -0.951210
vn -0.049236 0.582606 -0.811262
vn 0.350886 -0.868192 -0.350887
vn -0.000000 -0.868191 -0.496229
vn -0.000000 -0.654265 -0.756265
vn 0.534760 -0.654265 -0.534761
vn -0.350886 -0.868193 -0.350885
vn -0.534760 -0.654265 -0.534760
vn -0.496227 -0.868193 0.000002
vn -0.756265 -0.654265 0.000000
vn -0.350886 -0.868192 0.350886
vn -0.534760 -0.654265 0.534761
vn -0.000000 -0.868192 0.496228
vn -0.000000 -0.654266 0.756264
vn 0.350886 -0.868192 0.350888
vn 0.534761 -0.654266 0.534758
vn 0.496228 -0.868192 0.000002
vn 0.756265 -0.654266 -0.000000
vn 0.000000 -0.349895 -0.936789
vn 0.662410 -0.349894 -0.662410
vn -0.662411 -0.349894 -0.662409
vn -0.936790 -0.349893 -0.000000
vn -0.662411 -0.349894 0.662409
vn -0.000000 -0.349895 0.936789
vn 0.662411 -0.349896 0.662408
vn 0.936789 -0.349895 -0.000001
vn 0.000000 0.000000 -1.000000
vn 0.707107 -0.000000 -0.707106
vn -0.707106 0.000000 -0.707107
vn -1.000000 -0.000000 -0.000000
vn -0.707107 -0.000000 0.707107
vn -0.000000 -0.000000 1.000000
vn 0.707107 -0.000000 0.707107
vn 1.000000 -0.000000 0.000000
vn 0.000000 0.349895 -0.936789
vn 0.662410 0.349894 -0.662410
vn -0.662411 0.349894 -0.662409
vn -0.936790 0.349893 0.000000
vn -0.662410 0.349893 0.662410
vn 0.000000 0.349894 0.936789
vn 0.662410 0.349894 0.662410
vn 0.936789 0.349894 -0.000000
vn 0.000000 0.654263 -0.756267
vn 0.534762 0.654262 -0.534762
vn -0.534763 0.654263 -0.534761
vn -0.756268 0.654262 -0.000000
vn -0.534763 0.654262 0.534761
vn 0.000000 0.654262 0.756268
vn 0.534762 0.654262 0.534762
vn 0.756268 0.654262 -0.000001
vn 0.000000 0.868197 -0.496220
vn 0.350879 0.868197 -0.350882
vn -0.350879 0.868196 -0.350883
vn -0.496218 0.868198 -0.000001
vn -0.350879 0.868197 0.350882
vn 0.000000 0.868197 0.496219
vn 0.350879 0.868196 0.350883
vn 0.496218 0.868198 0.000002
vn 0.000000 -1.000000 0.000002
vn 0.000000 1.000000 0.000004
vn -0.059018 -0.945964 -0.318854
vn -0.048166 -0.998837 -0.002348
vn -0.073779 -0.997275 0.000226
vn -0.083458 -0.946822 -0.310747
vn -0.035760 -0.950496 0.308673
vn -0.063346 -0.948877 0.309225
vn -0.024332 -0.808838 0.587527
vn -0.053811 -0.807335 0.587635
vn -0.015198 -0.587896 0.808793
vn -0.046243 -0.586933 0.808314
vn -0.016185 -0.327641 0.944664
vn -0.041302 -0.308615 0.950290
vn -0.026819 -0.021063 0.999418
vn -0.039509 -0.000022 0.999219
vn -0.033321 0.312343 0.949385
vn -0.041098 0.308766 0.950250
vn -0.033653 0.592200 0.805088
vn -0.045893 0.586983 0.808298
vn -0.035496 0.811967 0.582623
vn -0.053422 0.807456 0.587505
vn -0.040241 0.951583 0.304746
vn -0.062930 0.948992 0.308957
vn -0.048204 0.998833 -0.003099
vn -0.073342 0.997307 0.000316
vn -0.057900 0.946783 -0.316622
vn -0.083074 0.946887 -0.310651
vn -0.066577 0.793844 -0.604466
vn -0.090243 0.798168 -0.595637
vn -0.072084 0.553277 -0.829872
vn -0.093251 0.563100 -0.821111
vn -0.073365 0.259313 -0.963003
vn -0.091844 0.272431 -0.957782
vn -0.070513 -0.005417 -0.997496
vn -0.089907 0.000414 -0.995950
vn -0.067832 -0.263576 -0.962251
vn -0.091923 -0.272513 -0.957751
vn -0.067770 -0.550324 -0.832196
vn -0.093298 -0.562929 -0.821223
vn -0.065719 -0.790962 -0.608325
vn -0.090446 -0.797782 -0.596124
vn -0.087384 -0.802464 -0.590267
vn -0.081289 -0.947466 -0.309354
vn -0.132072 -0.942974 -0.305544
vn -0.135377 -0.801630 -0.582291
vn -0.089644 -0.575696 -0.812735
vn -0.136021 -0.582124 -0.801642
vn -0.087077 -0.292713 -0.952227
vn -0.134537 -0.306303 -0.942379
vn -0.084301 0.000147 -0.996440
vn -0.134219 -0.000061 -0.990952
vn -0.086958 0.292717 -0.952237
vn -0.134535 0.306246 -0.942398
vn -0.089524 0.575543 -0.812856
vn -0.135793 0.581881 -0.801857
vn -0.087234 0.802334 -0.590467
vn -0.135337 0.801435 -0.582569
vn -0.081125 0.947400 -0.309599
vn -0.131865 0.942976 -0.305626
vn -0.073487 0.997296 -0.000503
vn -0.127049 0.991896 0.001085
vn -0.065956 0.948994 0.308319
vn -0.121449 0.943505 0.308299
vn -0.059268 0.807490 0.586896
vn -0.115985 0.802629 0.585093
vn -0.053966 0.587030 0.807764
vn -0.111889 0.583371 0.804462
vn -0.050565 0.308742 0.949801
vn -0.109316 0.306656 0.945522
vn -0.049441 -0.000656 0.998777
vn -0.108682 -0.000962 0.994076
vn -0.050671 -0.309351 0.949597
vn -0.109278 -0.307591 0.945223
vn -0.054127 -0.587048 0.807741
vn -0.112110 -0.583380 0.804425
vn -0.059480 -0.807460 0.586916
vn -0.116247 -0.802613 0.585064
vn -0.066220 -0.948883 0.308603
vn -0.121242 -0.943391 0.308729
vn -0.073712 -0.997279 -0.000192
vn -0.127118 -0.991886 0.001595
vn -0.996734 -0.077450 -0.022876
vn -0.996480 -0.083243 -0.009869
vn -0.999864 -0.003731 0.016080
vn -0.997224 -0.063859 -0.038295
vn -0.997841 -0.038057 -0.053517
vn -0.998101 -0.001597 -0.061579
vn -0.997865 0.035334 -0.054931
vn -0.997327 0.060392 -0.041133
vn -0.996887 0.075225 -0.023621
vn -0.996433 0.083937 -0.008699
vn -0.996258 0.086312 0.004547
vn -0.996276 0.081202 0.028981
vn -0.996294 0.068061 0.052586
vn -0.996370 0.049988 0.068908
vn -0.996467 0.019583 0.081675
vn -0.996329 -0.011655 0.084812
vn -0.996285 -0.031362 0.080209
vn -0.996220 -0.048581 0.072012
vn -0.996260 -0.066833 0.054774
vn -0.996343 -0.079072 0.032379
vn -0.996485 -0.083320 0.008729
vn 0.999910 -0.009642 -0.009305
vn 0.999789 -0.005413 -0.019795
vn 0.999994 0.000792 -0.003289
vn 0.999681 -0.001165 -0.025210
vn 0.999639 -0.002331 -0.026762
vn 0.999644 -0.000950 -0.026663
vn 0.999659 0.004865 -0.025652
vn 0.999716 0.005584 -0.023158
vn 0.999813 0.004878 -0.018696
vn 0.999911 0.006485 -0.011678
vn 0.999960 0.008639 -0.002088
vn 0.999946 0.009301 0.004718
vn 0.999944 0.008422 0.006409
vn 0.999946 0.006299 0.008224
vn 0.999945 0.003234 0.009977
vn 0.999947 -0.001795 0.010160
vn 0.999943 -0.002965 0.010212
vn 0.999954 -0.003466 0.008950
vn 0.999954 -0.007950 0.005368
vn 0.999943 -0.009721 0.004413
vn 0.999944 -0.010492 0.001345
vn 0.041527 -0.999055 -0.012860
vn 0.036122 -0.951313 -0.306101
vn 0.217692 -0.943196 -0.250982
vn 0.197443 -0.980309 0.003198
vn 0.027234 -0.954488 0.297003
vn 0.170561 -0.937130 0.304459
vn 0.007687 -0.818171 0.574923
vn 0.143839 -0.804429 0.576372
vn -0.012964 -0.599369 0.800368
vn 0.121294 -0.589764 0.798415
vn -0.022143 -0.403264 0.914816
vn 0.124812 -0.366871 0.921861
vn -0.016734 -0.098428 0.995003
vn 0.160061 -0.058905 0.985348
vn -0.007622 0.326873 0.945037
vn 0.178195 0.318562 0.931002
vn 0.003041 0.612229 0.790675
vn 0.177612 0.597715 0.781787
vn 0.017039 0.826706 0.562376
vn 0.177649 0.809292 0.559900
vn 0.030657 0.956772 0.289218
vn 0.183626 0.938241 0.293232
vn 0.041352 0.999093 -0.010133
vn 0.196651 0.980473 0.000429
vn 0.035439 0.955022 -0.294409
vn 0.213024 0.945554 -0.246066
vn 0.018538 0.806672 -0.590708
vn 0.222372 0.812753 -0.538500
vn 0.010203 0.544837 -0.838480
vn 0.240194 0.535562 -0.809617
vn 0.009121 0.243432 -0.969875
vn 0.245775 0.242782 -0.938430
vn 0.007227 -0.029041 -0.999552
vn 0.244643 -0.015999 -0.969481
vn 0.004591 -0.264837 -0.964282
vn 0.231288 -0.254095 -0.939117
vn 0.006055 -0.531414 -0.847090
vn 0.228997 -0.528490 -0.817471
vn 0.017395 -0.795803 -0.605305
vn 0.220868 -0.807058 -0.547608
vn -0.283586 -0.912407 -0.295116
vn -0.278083 -0.779835 -0.560827
vn -0.994935 -0.099287 -0.015724
vn -0.995245 -0.091343 -0.033814
vn -0.273843 -0.572861 -0.772554
vn -0.995800 -0.073917 -0.054025
vn -0.275703 -0.308512 -0.910389
vn -0.996407 -0.042470 -0.073282
vn -0.278956 0.000000 -0.960304
vn -0.996513 -0.000986 -0.083429
vn -0.275490 0.308448 -0.910475
vn -0.996323 0.040437 -0.075530
vn -0.273414 0.572154 -0.773230
vn -0.995786 0.071336 -0.057639
vn -0.277797 0.779508 -0.561423
vn -0.995274 0.090416 -0.035427
vn -0.283768 0.912387 -0.295000
vn -0.994693 0.101898 -0.014229
vn -0.287478 0.957787 -0.000066
vn -0.994345 0.106062 0.005424
vn -0.287509 0.910630 0.296801
vn -0.994376 0.100231 0.034201
vn -0.285755 0.774703 0.564073
vn -0.994538 0.083467 0.062672
vn -0.284629 0.563406 0.775603
vn -0.994664 0.060554 0.083526
vn -0.284546 0.296090 0.911792
vn -0.994857 0.026372 0.097799
vn -0.284947 -0.001779 0.958542
vn -0.994932 -0.009875 0.100066
vn -0.285011 -0.297737 0.911110
vn -0.994955 -0.035473 0.093842
vn -0.285412 -0.563280 0.775407
vn -0.994843 -0.058083 0.083147
vn -0.285786 -0.774896 0.563793
vn -0.994760 -0.079823 0.063875
vn -0.286112 -0.910806 0.297610
vn -0.994904 -0.093633 0.037396
vn -0.286231 -0.958160 0.001096
vn -0.995016 -0.099424 0.007678
vn 0.999890 -0.010545 -0.010423
vn 0.999757 -0.006818 -0.020945
vn 0.488245 -0.845252 -0.217178
vn 0.588824 -0.676526 -0.442265
vn 0.999635 -0.002017 -0.026928
vn 0.636821 -0.423299 -0.644419
vn 0.999552 -0.002112 -0.029846
vn 0.644963 -0.192234 -0.739641
vn 0.999540 -0.000902 -0.030327
vn 0.642583 0.000728 -0.766216
vn 0.999573 0.005157 -0.028774
vn 0.644332 0.193785 -0.739786
vn 0.999661 0.005005 -0.025550
vn 0.637143 0.422130 -0.644868
vn 0.999800 0.003486 -0.019711
vn 0.589913 0.675242 -0.442776
vn 0.999923 0.005088 -0.011297
vn 0.487942 0.845489 -0.216933
vn 0.999969 0.007734 -0.001381
vn 0.448858 0.893589 -0.004970
vn 0.999948 0.009010 0.004732
vn 0.464227 0.847392 0.257720
vn 0.999949 0.008162 0.005943
vn 0.500379 0.716029 0.486748
vn 0.999951 0.005957 0.007893
vn 0.542937 0.514197 0.663943
vn 0.999949 0.003114 0.009570
vn 0.575260 0.266933 0.773190
vn 0.999953 -0.001445 0.009588
vn 0.587404 -0.000075 0.809294
vn 0.999954 -0.002269 0.009299
vn 0.575357 -0.266747 0.773182
vn 0.999964 -0.003166 0.007829
vn 0.542288 -0.514411 0.664308
vn 0.999959 -0.007655 0.004767
vn 0.499295 -0.716708 0.486861
vn 0.999947 -0.009494 0.003934
vn 0.463805 -0.847575 0.257880
vn 0.999940 -0.010907 0.000459
vn 0.449356 -0.893340 -0.004711
vn -0.021921 -0.944108 -0.328906
vn -0.013411 -0.999898 -0.004983
vn -0.003331 -0.951131 0.308770
vn 0.006041 -0.809182 0.587527
vn 0.013474 -0.587936 0.808795
vn 0.006084 -0.379643 0.925113
vn -0.015440 -0.079618 0.996706
vn -0.024871 0.318606 0.947561
vn -0.019665 0.600907 0.799077
vn -0.014140 0.818430 0.574432
vn -0.011588 0.954064 0.299377
vn -0.013931 0.999891 -0.004837
vn -0.020498 0.947360 -0.319513
vn -0.028475 0.791437 -0.610587
vn -0.034663 0.546318 -0.836860
vn -0.036630 0.247865 -0.968102
vn -0.032451 -0.023199 -0.999204
vn -0.027364 -0.264629 -0.963962
vn -0.026829 -0.535004 -0.844423
vn -0.026526 -0.781718 -0.623067
vn 0.350884 -0.868194 -0.350884
vn -0.000000 -0.868194 -0.496225
vn 0.000000 -0.654265 -0.756265
vn 0.534760 -0.654267 -0.534759
vn -0.350887 -0.868190 -0.350891
vn -0.534760 -0.654265 -0.534761
vn -0.496228 -0.868192 -0.000006
vn -0.756263 -0.654267 -0.000000
vn -0.350887 -0.868194 0.350882
vn -0.534760 -0.654266 0.534759
vn -0.000001 -0.868195 0.496222
vn -0.000000 -0.654267 0.756264
vn 0.350885 -0.868193 0.350886
vn 0.534759 -0.654266 0.534760
vn 0.496225 -0.868194 0.000001
vn 0.756265 -0.654266 0.000001
vn 0.000001 -0.349892 -0.936790
vn 0.662409 -0.349893 -0.662411
vn -0.662409 -0.349894 -0.662411
vn -0.936789 -0.349895 0.000001
vn -0.662409 -0.349894 0.662411
vn -0.000000 -0.349894 0.936789
vn 0.662410 -0.349894 0.662410
vn 0.936790 -0.349893 -0.000001
vn 0.000000 -0.000001 -1.000000
vn 0.707107 -0.000000 -0.707106
vn -0.707107 -0.000000 -0.707107
vn -1.000000 0.000000 -0.000000
vn -0.707107 -0.000000 0.707106
vn 0.000000 -0.000000 1.000000
vn 0.707108 -0.000000 0.707106
vn 1.000000 -0.000000 -0.000001
vn -0.000001 0.349895 -0.936789
vn 0.662411 0.349894 -0.662410
vn -0.662412 0.349895 -0.662408
vn -0.936789 0.349895 -0.000001
vn -0.662412 0.349895 0.662407
vn 0.000001 0.349896 0.936789
vn 0.662411 0.349895 0.662408
vn 0.936790 0.349893 -0.000000
vn -0.000000 0.654270 -0.756261
vn 0.534758 0.654267 -0.534760
vn -0.534760 0.654269 -0.534756
vn -0.756262 0.654269 -0.000001
vn -0.534761 0.654269 0.534756
vn 0.000000 0.654270 0.756261
vn 0.534758 0.654268 0.534759
vn 0.756263 0.654267 -0.000001
vn 0.000000 0.868198 -0.496217
vn 0.350881 0.868197 -0.350880
vn -0.350883 0.868196 -0.350880
vn -0.496223 0.868195 0.000000
vn -0.350883 0.868196 0.350880
vn 0.000000 0.868198 0.496218
vn 0.350881 0.868196 0.350880
vn 0.496220 0.868197 -0.000000
vn -0.000000 -1.000000 -0.000006
vn -0.000000 1.000000 -0.000001
vn 0.822356 0.308248 -0.478241
vn 0.776650 0.171118 -0.606245
vn 0.522251 0.236976 -0.819205
vn 0.587032 0.462623 -0.664359
vn 0.776650 0.171118 0.606245
vn 0.822356 0.308248 0.478241
vn 0.587032 0.462623 0.664359
vn 0.522251 0.236976 0.819205
vn 0.869001 0.494811 -0.000000
vn 0.654510 0.756053 -0.000000
vn 0.257038 0.271908 -0.927360
vn 0.303098 0.558095 -0.772439
vn 0.303098 0.558094 0.772439
vn 0.257038 0.271907 0.927361
vn 0.354244 0.935153 -0.000000
vn 0.003096 0.283996 -0.958820
vn 0.006444 0.591004 -0.806643
vn 0.006443 0.591004 0.806643
vn 0.003096 0.283997 0.958820
vn 0.010902 0.999941 -0.000000
vn -0.251049 0.277448 -0.927360
vn -0.290858 0.564572 -0.772438
vn -0.290858 0.564572 0.772438
vn -0.251049 0.277448 0.927360
vn -0.333771 0.942654 -0.000000
vn -0.516963 0.248308 -0.819202
vn -0.576809 0.475312 -0.664357
vn -0.576809 0.475312 0.664357
vn -0.516963 0.248307 0.819202
vn -0.637873 0.770142 -0.000000
vn -0.772734 0.188012 -0.606246
vn -0.815437 0.326106 -0.478245
vn -0.815437 0.326105 0.478245
vn -0.772734 0.188011 0.606246
vn -0.858004 0.513644 0.000000
vn 0.993149 0.116856 -0.000000
vn -0.990365 0.138482 0.000000
vn -0.010895 -0.999941 0.000000
vn -0.010906 -0.999941 0.000000
vn -0.010906 -0.999941 0.000000
vn -0.010895 -0.999941 0.000000
vn -0.010903 -0.999941 0.000000
vn -0.010903 -0.999941 0.000000
vn -0.010901 -0.999941 0.000000
vn -0.010901 -0.999941 0.000000
vn -0.010903 -0.999941 0.000000
vn -0.010903 -0.999941 0.000000
vn -0.010906 -0.999941 0.000000
vn -0.010906 -0.999941 0.000000
vn -0.010895 -0.999941 0.000000
vn -0.010895 -0.999941 0.000000
vn -0.010918 -0.999940 0.000000
vn -0.010918 -0.999940 0.000000
vn -0.350880 -0.868197 -0.350880
vn -0.534759 -0.654266 -0.534760
vn 0.000000 -0.654267 -0.756263
vn 0.000000 -0.868197 -0.496219
vn 0.534760 -0.654268 -0.534758
vn 0.350881 -0.868197 -0.350879
vn 0.756264 -0.654267 0.000001
vn 0.496220 -0.868197 0.000001
vn 0.534759 -0.654267 0.534759
vn 0.350881 -0.868197 0.350881
vn 0.000000 -0.654267 0.756263
vn 0.000000 -0.868197 0.496219
vn -0.534759 -0.654266 0.534761
vn -0.350880 -0.868197 0.350881
vn -0.756264 -0.654267 0.000001
vn -0.496220 -0.868197 0.000001
vn -0.662410 -0.349893 -0.662411
vn -0.000000 -0.349893 -0.936790
vn 0.662410 -0.349894 -0.662410
vn 0.936789 -0.349894 0.000000
vn 0.662410 -0.349893 0.662410
vn 0.000000 -0.349893 0.936790
vn -0.662409 -0.349893 0.662411
vn -0.936789 -0.349894 0.000000
vn -0.707107 -0.000000 -0.707107
vn -0.000000 0.000000 -1.000000
vn 0.707106 0.000000 -0.707107
vn 1.000000 0.000000 -0.000000
vn 0.707106 -0.000000 0.707108
vn 0.000000 -0.000000 1.000000
vn -0.707107 0.000000 0.707107
vn -1.000000 -0.000000 0.000000
vn -0.662410 0.349894 -0.662410
vn -0.000000 0.349894 -0.936789
vn 0.662411 0.349894 -0.662409
vn 0.936789 0.349894 -0.000001
vn 0.662411 0.349894 0.662409
vn 0.000000 0.349894 0.936789
vn -0.662410 0.349894 0.662410
vn -0.936789 0.349894 -0.000000
vn -0.534760 0.654265 -0.534760
vn -0.000000 0.654265 -0.756265
vn 0.534760 0.654265 -0.534761
vn 0.756265 0.654265 -0.000001
vn 0.534760 0.654265 0.534760
vn 0.000000 0.654265 0.756265
vn -0.534760 0.654265 0.534760
vn -0.756265 0.654265 0.000000
vn -0.350878 0.868199 -0.350878
vn -0.000001 0.868197 -0.496220
vn 0.350878 0.868197 -0.350883
vn 0.496217 0.868199 0.000001
vn 0.350878 0.868196 0.350884
vn -0.000000 0.868197 0.496220
vn -0.350878 0.868198 0.350879
vn -0.496216 0.868199 0.000001
vn 0.000000 -1.000000 -0.000000
vn -0.000000 1.000000 0.000000
vn -0.185009 0.934452 -0.304254
vn 0.017153 0.950529 -0.310162
vn 0.017387 0.807449 -0.589682
vn -0.184419 0.794470 -0.578625
vn 0.017999 0.585008 -0.810828
vn -0.183489 0.576604 -0.796153
vn 0.018897 0.305408 -0.952034
vn -0.182367 0.302298 -0.935606
vn 0.019632 -0.000025 -0.999807
vn -0.181744 -0.000006 -0.983346
vn 0.019111 -0.305508 -0.951998
vn -0.182334 -0.302328 -0.935602
vn 0.018432 -0.585109 -0.810745
vn -0.183405 -0.576641 -0.796146
vn 0.018013 -0.807516 -0.589570
vn -0.184284 -0.794514 -0.578608
vn 0.017911 -0.950540 -0.310085
vn -0.184835 -0.934491 -0.304240
vn 0.018114 -0.999836 -0.000232
vn -0.185027 -0.982733 -0.000126
vn 0.018448 -0.950871 0.309037
vn -0.184999 -0.934632 0.303706
vn 0.018731 -0.808841 0.587729
vn -0.184937 -0.795050 0.577662
vn 0.018911 -0.587652 0.808893
vn -0.184900 -0.577640 0.795075
vn 0.018972 -0.308963 0.950885
vn -0.184888 -0.303693 0.934659
vn 0.018906 -0.000030 0.999821
vn -0.184905 -0.000010 0.982756
vn 0.018721 0.308909 0.950907
vn -0.184946 0.303668 0.934655
vn 0.018435 0.587625 0.808924
vn -0.185011 0.577620 0.795063
vn 0.018076 0.808827 0.587769
vn -0.185093 0.795018 0.577657
vn 0.017679 0.950877 0.309063
vn -0.185181 0.934596 0.303707
vn 0.017307 0.999850 -0.000246
vn -0.185217 0.982698 -0.000130
vn -0.561926 0.669213 -0.486202
vn -0.844996 0.165254 0.508599
vn -0.561925 0.786704 -0.255612
vn -0.561924 0.486209 -0.669210
vn -0.561920 0.255612 -0.786707
vn -0.561926 -0.000000 -0.827188
vn -0.561921 -0.255617 -0.786705
vn -0.561925 -0.486211 -0.669208
vn -0.561921 -0.669212 -0.486210
vn -0.561919 -0.786709 -0.255609
vn -0.561926 -0.827187 -0.000000
vn -0.561919 -0.786709 0.255608
vn -0.608032 -0.144341 0.780681
vn -0.578679 -0.061899 0.813203
vn -0.808530 -0.181844 0.559653
vn -0.808531 0.000000 0.588454
vn -0.808533 0.181840 0.559651
vn -0.808532 0.345887 0.476066
vn -0.808531 0.476072 0.345881
vn -0.578679 0.528062 0.621515
vn -0.608038 0.575648 0.546735
vn 0.997458 0.067772 -0.022019
vn 1.000000 0.000000 0.000000
vn 0.997458 0.057648 -0.041885
vn 0.997458 0.041882 -0.057650
vn 0.997470 0.022358 -0.067479
vn 0.997499 0.000001 -0.070674
vn 0.997470 -0.022359 -0.067477
vn 0.997458 -0.041884 -0.057650
vn 0.997458 -0.057649 -0.041886
vn 0.997458 -0.067772 -0.022019
vn 0.997458 -0.071260 0.000000
vn 0.997458 -0.067772 0.022019
vn 0.997458 -0.057650 0.041886
vn 0.997458 -0.041886 0.057650
vn 0.997458 -0.022019 0.067771
vn 0.997458 0.000002 0.071259
vn 0.997458 0.022022 0.067772
vn 0.997458 0.041887 0.057650
vn 0.997458 0.057650 0.041885
vn 0.997458 0.067771 0.022020
vn 0.997458 0.071259 0.000000
vn -0.864659 0.406415 -0.295282
vn -0.864661 0.477769 -0.155237
vn -0.224787 0.926718 -0.301104
vn -0.224788 0.788318 -0.572735
vn -0.864660 0.295280 -0.406414
vn -0.224785 0.572743 -0.788313
vn -0.864659 0.155235 -0.477772
vn -0.224783 0.301104 -0.926719
vn -0.864660 -0.000001 -0.502358
vn -0.224783 -0.000000 -0.974409
vn -0.864661 -0.155238 -0.477769
vn -0.224782 -0.301108 -0.926718
vn -0.864659 -0.295276 -0.406418
vn -0.224783 -0.572746 -0.788312
vn -0.864660 -0.406413 -0.295281
vn -0.224782 -0.788313 -0.572743
vn -0.864662 -0.477769 -0.155232
vn -0.224781 -0.926721 -0.301100
vn -0.864661 -0.502356 0.000000
vn -0.224782 -0.974409 -0.000000
vn -0.864661 -0.477770 0.155232
vn -0.224781 -0.926721 0.301100
vn -0.864660 -0.406413 0.295281
vn -0.285135 -0.704592 0.649806
vn -0.864659 -0.295277 0.406418
vn -0.500363 -0.337364 0.797385
vn -0.864661 -0.155238 0.477769
vn -0.823323 -0.175388 0.539795
vn -0.864660 -0.000000 0.502358
vn -0.823324 0.000001 0.567572
vn -0.864659 0.155237 0.477772
vn -0.823326 0.175387 0.539790
vn -0.864660 0.295282 0.406413
vn -0.823326 0.333611 0.459171
vn -0.864659 0.406414 0.295282
vn -0.823326 0.459173 0.333607
vn -0.864662 0.477767 0.155239
vn -0.500365 0.741617 0.446810
vn -0.864661 0.502356 0.000000
vn -0.285140 0.951971 0.111560
vn 0.119075 0.943607 -0.308914
vn 0.119339 0.992853 -0.000930
vn 0.386572 0.922259 -0.000146
vn 0.386066 0.877247 -0.285290
vn 0.994838 0.096507 -0.031356
vn 0.994838 0.101473 -0.000000
vn 0.994838 0.082091 -0.059644
vn 0.385661 0.746380 -0.542386
vn 0.118212 0.801646 -0.585995
vn 0.994838 0.059641 -0.082094
vn 0.385556 0.542338 -0.746469
vn 0.117014 0.581468 -0.805110
vn 0.994862 0.031852 -0.096100
vn 0.385553 0.284640 -0.877684
vn 0.116107 0.304986 -0.945253
vn 0.994920 -0.000000 -0.100670
vn 0.385463 0.000007 -0.922723
vn 0.116193 0.000030 -0.993227
vn 0.994862 -0.031853 -0.096098
vn 0.385588 -0.284643 -0.877667
vn 0.116304 -0.304965 -0.945235
vn 0.994838 -0.059643 -0.082094
vn 0.385624 -0.542314 -0.746452
vn 0.117357 -0.581491 -0.805044
vn 0.994838 -0.082093 -0.059646
vn 0.385752 -0.746351 -0.542361
vn 0.118622 -0.801676 -0.585870
vn 0.994838 -0.096509 -0.031356
vn 0.386137 -0.877235 -0.285232
vn 0.119503 -0.943596 -0.308782
vn 0.994838 -0.101476 0.000000
vn 0.386595 -0.922249 -0.000112
vn 0.119766 -0.992802 -0.000879
vn 0.994838 -0.096508 0.031356
vn 0.386749 -0.877052 0.284965
vn 0.120029 -0.944192 0.306749
vn 0.994838 -0.082094 0.059646
vn 0.386748 -0.746067 0.542042
vn 0.120117 -0.803173 0.583511
vn 0.994838 -0.059646 0.082094
vn 0.386744 -0.542048 0.746065
vn 0.120165 -0.583534 0.803149
vn 0.994838 -0.031356 0.096506
vn 0.386742 -0.284972 0.877053
vn 0.120166 -0.306772 0.944167
vn 0.994838 0.000003 0.101473
vn 0.386745 -0.000000 0.922187
vn 0.120121 0.000021 0.992759
vn 0.994838 0.031359 0.096508
vn 0.386742 0.284971 0.877053
vn 0.120035 0.306814 0.944170
vn 0.994838 0.059646 0.082094
vn 0.386741 0.542050 0.746065
vn 0.119916 0.583582 0.803152
vn 0.994838 0.082095 0.059644
vn 0.386745 0.746065 0.542048
vn 0.119774 0.803218 0.583519
vn 0.994838 0.096506 0.031357
vn 0.386748 0.877050 0.284972
vn 0.119626 0.944240 0.306757
vn 0.039651 0.949501 -0.311247
vn 0.039583 0.805450 -0.591341
vn 0.040119 0.999195 -0.000656
vn 0.040811 0.950264 0.308762
vn 0.041538 0.808313 0.587285
vn 0.042197 0.587261 0.808297
vn 0.042723 0.308732 0.950189
vn 0.043065 -0.000002 0.999072
vn 0.043189 -0.308731 0.950168
vn 0.043083 -0.587236 0.808268
vn 0.042757 -0.808276 0.587249
vn 0.042244 -0.950210 0.308734
vn 0.041623 -0.999133 -0.000625
vn 0.041071 -0.949488 -0.311104
vn 0.040769 -0.805540 -0.591137
vn 0.040689 -0.582391 -0.811890
vn 0.040571 -0.303146 -0.952080
vn 0.040342 -0.000009 -0.999186
vn 0.040139 0.303053 -0.952128
vn 0.039848 0.582256 -0.812028
vn 0.050782 0.948915 -0.311419
vn 0.050102 0.805067 -0.591063
vn 0.051300 0.998683 -0.000970
vn 0.051799 0.949813 0.308501
vn 0.052310 0.807968 0.586900
vn 0.052780 0.587040 0.807836
vn 0.053159 0.308639 0.949692
vn 0.053412 0.000033 0.998573
vn 0.053513 -0.308576 0.949693
vn 0.053454 -0.586972 0.807841
vn 0.053240 -0.807907 0.586900
vn 0.052891 -0.949755 0.308494
vn 0.052448 -0.998623 -0.000923
vn 0.051875 -0.948906 -0.311265
vn 0.051043 -0.805147 -0.590874
vn 0.049935 -0.582701 -0.811151
vn 0.048709 -0.304758 -0.951183
vn 0.047972 0.000027 -0.998849
vn 0.048332 0.304736 -0.951210
vn 0.049236 0.582607 -0.811261
vn -0.350886 -0.868192 -0.350887
vn -0.534760 -0.654266 -0.534760
vn -0.000000 -0.654266 -0.756264
vn 0.000000 -0.868192 -0.496229
vn 0.534760 -0.654265 -0.534761
vn 0.350885 -0.868192 -0.350888
vn 0.756265 -0.654265 0.000000
vn 0.496227 -0.868193 -0.000002
vn 0.534759 -0.654264 0.534762
vn 0.350885 -0.868193 0.350886
vn -0.000000 -0.654265 0.756265
vn -0.000000 -0.868192 0.496229
vn -0.534759 -0.654265 0.534762
vn -0.350886 -0.868191 0.350890
vn -0.756265 -0.654266 0.000002
vn -0.496228 -0.868192 0.000002
vn -0.662410 -0.349895 -0.662409
vn -0.000000 -0.349896 -0.936789
vn 0.662411 -0.349894 -0.662409
vn 0.936790 -0.349893 0.000002
vn 0.662410 -0.349894 0.662410
vn 0.000000 -0.349895 0.936789
vn -0.662410 -0.349895 0.662410
vn -0.936789 -0.349895 0.000001
vn -0.707108 0.000000 -0.707106
vn -0.000001 -0.000000 -1.000000
vn 0.707106 -0.000000 -0.707107
vn 1.000000 -0.000000 0.000001
vn 0.707106 -0.000000 0.707108
vn -0.000001 -0.000000 1.000000
vn -0.707107 0.000000 0.707106
vn -1.000000 0.000000 0.000001
vn -0.662410 0.349894 -0.662410
vn -0.000001 0.349894 -0.936789
vn 0.662410 0.349893 -0.662411
vn 0.936790 0.349893 0.000000
vn 0.662410 0.349893 0.662411
vn -0.000001 0.349894 0.936789
vn -0.662410 0.349895 0.662410
vn -0.936789 0.349894 0.000001
vn -0.534762 0.654262 -0.534762
vn 0.000000 0.654262 -0.756268
vn 0.534762 0.654263 -0.534762
vn 0.756268 0.654262 0.000000
vn 0.534763 0.654262 0.534762
vn 0.000000 0.654262 0.756268
vn -0.534762 0.654263 0.534762
vn -0.756267 0.654263 0.000001
vn -0.350879 0.868197 -0.350880
vn 0.000000 0.868197 -0.496219
vn 0.350879 0.868197 -0.350883
vn 0.496217 0.868198 0.000000
vn 0.350879 0.868197 0.350883
vn 0.000000 0.868197 0.496219
vn -0.350879 0.868196 0.350883
vn -0.496218 0.868198 0.000002
vn -0.000000 -1.000000 -0.000000
vn 0.000000 1.000000 -0.000000
vn 0.059018 -0.945965 -0.318854
vn 0.083458 -0.946822 -0.310747
vn 0.073779 -0.997274 0.000228
vn 0.048166 -0.998837 -0.002347
vn 0.063346 -0.948877 0.309223
vn 0.035760 -0.950496 0.308671
vn 0.053811 -0.807337 0.587632
vn 0.024332 -0.808839 0.587527
vn 0.046243 -0.586935 0.808313
vn 0.015198 -0.587896 0.808794
vn 0.041302 -0.308615 0.950290
vn 0.016185 -0.327640 0.944664
vn 0.039509 -0.000022 0.999219
vn 0.026819 -0.021063 0.999418
vn 0.041098 0.308767 0.950249
vn 0.033321 0.312344 0.949385
vn 0.045893 0.586983 0.808297
vn 0.033653 0.592201 0.805087
vn 0.053422 0.807456 0.587504
vn 0.035496 0.811967 0.582623
vn 0.062930 0.948992 0.308957
vn 0.040241 0.951583 0.304747
vn 0.073342 0.997307 0.000317
vn 0.048204 0.998833 -0.003097
vn 0.083074 0.946887 -0.310650
vn 0.057900 0.946783 -0.316621
vn 0.090243 0.798168 -0.595638
vn 0.066577 0.793844 -0.604465
vn 0.093250 0.563099 -0.821111
vn 0.072084 0.553277 -0.829873
vn 0.091844 0.272431 -0.957782
vn 0.073365 0.259313 -0.963003
vn 0.089907 0.000414 -0.995950
vn 0.070513 -0.005417 -0.997496
vn 0.091923 -0.272513 -0.957751
vn 0.067832 -0.263575 -0.962251
vn 0.093298 -0.562928 -0.821223
vn 0.067770 -0.550324 -0.832197
vn 0.090446 -0.797781 -0.596125
vn 0.065719 -0.790961 -0.608326
vn 0.087384 -0.802463 -0.590268
vn 0.135376 -0.801629 -0.582292
vn 0.132072 -0.942973 -0.305545
vn 0.081289 -0.947466 -0.309355
vn 0.089644 -0.575696 -0.812735
vn 0.136021 -0.582125 -0.801641
vn 0.087077 -0.292713 -0.952227
vn 0.134537 -0.306304 -0.942379
vn 0.084301 0.000148 -0.996440
vn 0.134219 -0.000060 -0.990952
vn 0.086958 0.292717 -0.952237
vn 0.134535 0.306245 -0.942398
vn 0.089524 0.575543 -0.812856
vn 0.135793 0.581881 -0.801857
vn 0.087234 0.802334 -0.590467
vn 0.135338 0.801435 -0.582568
vn 0.081125 0.947401 -0.309598
vn 0.131864 0.942976 -0.305628
vn 0.073487 0.997296 -0.000503
vn 0.127049 0.991896 0.001084
vn 0.065956 0.948994 0.308319
vn 0.121449 0.943505 0.308301
vn 0.059268 0.807489 0.586897
vn 0.115985 0.802628 0.585094
vn 0.053966 0.587031 0.807764
vn 0.111889 0.583372 0.804461
vn 0.050565 0.308744 0.949800
vn 0.109317 0.306657 0.945522
vn 0.049441 -0.000656 0.998777
vn 0.108682 -0.000962 0.994076
vn 0.050671 -0.309351 0.949597
vn 0.109277 -0.307591 0.945223
vn 0.054127 -0.587049 0.807740
vn 0.112110 -0.583379 0.804425
vn 0.059480 -0.807461 0.586915
vn 0.116247 -0.802612 0.585064
vn 0.066220 -0.948883 0.308601
vn 0.121242 -0.943391 0.308728
vn 0.073712 -0.997280 -0.000193
vn 0.127118 -0.991886 0.001593
vn 0.996734 -0.077448 -0.022877
vn 0.999864 -0.003729 0.016080
vn 0.996480 -0.083241 -0.009870
vn 0.997224 -0.063860 -0.038294
vn 0.997841 -0.038056 -0.053516
vn 0.998101 -0.001597 -0.061579
vn 0.997865 0.035333 -0.054930
vn 0.997327 0.060393 -0.041133
vn 0.996887 0.075226 -0.023621
vn 0.996433 0.083940 -0.008699
vn 0.996258 0.086312 0.004547
vn 0.996276 0.081204 0.028981
vn 0.996294 0.068065 0.052585
vn 0.996370 0.049989 0.068907
vn 0.996467 0.019584 0.081675
vn 0.996329 -0.011652 0.084812
vn 0.996285 -0.031359 0.080209
vn 0.996220 -0.048579 0.072012
vn 0.996260 -0.066833 0.054774
vn 0.996343 -0.079074 0.032379
vn 0.996485 -0.083320 0.008729
vn -0.999910 -0.009641 -0.009305
vn -0.999994 0.000791 -0.003289
vn -0.999789 -0.005413 -0.019795
vn -0.999681 -0.001164 -0.025210
vn -0.999639 -0.002330 -0.026762
vn -0.999644 -0.000950 -0.026663
vn -0.999659 0.004865 -0.025652
vn -0.999716 0.005583 -0.023158
vn -0.999813 0.004879 -0.018696
vn -0.999911 0.006486 -0.011678
vn -0.999960 0.008639 -0.002088
vn -0.999946 0.009299 0.004718
vn -0.999944 0.008417 0.006409
vn -0.999946 0.006294 0.008224
vn -0.999945 0.003232 0.009977
vn -0.999947 -0.001796 0.010160
vn -0.999943 -0.002968 0.010212
vn -0.999954 -0.003468 0.008950
vn -0.999954 -0.007950 0.005368
vn -0.999943 -0.009720 0.004413
vn -0.999944 -0.010492 0.001345
vn -0.041527 -0.999055 -0.012857
vn -0.197443 -0.980309 0.003200
vn -0.217692 -0.943196 -0.250982
vn -0.036122 -0.951313 -0.306101
vn -0.027234 -0.954487 0.297006
vn -0.170561 -0.937129 0.304462
vn -0.007687 -0.818171 0.574924
vn -0.143839 -0.804428 0.576373
vn 0.012964 -0.599370 0.800367
vn -0.121294 -0.589765 0.798414
vn 0.022143 -0.403264 0.914816
vn -0.124812 -0.366872 0.921861
vn 0.016734 -0.098427 0.995004
vn -0.160060 -0.058905 0.985348
vn 0.007622 0.326873 0.945038
vn -0.178196 0.318561 0.931002
vn -0.003041 0.612228 0.790675
vn -0.177613 0.597714 0.781787
vn -0.017039 0.826706 0.562376
vn -0.177649 0.809292 0.559899
vn -0.030657 0.956772 0.289218
vn -0.183626 0.938241 0.293232
vn -0.041352 0.999093 -0.010134
vn -0.196651 0.980473 0.000429
vn -0.035439 0.955022 -0.294410
vn -0.213024 0.945554 -0.246067
vn -0.018538 0.806674 -0.590706
vn -0.222372 0.812755 -0.538499
vn -0.010203 0.544839 -0.838479
vn -0.240194 0.535564 -0.809616
vn -0.009121 0.243432 -0.969875
vn -0.245775 0.242782 -0.938430
vn -0.007227 -0.029041 -0.999552
vn -0.244643 -0.015999 -0.969481
vn -0.004591 -0.264837 -0.964282
vn -0.231288 -0.254094 -0.939118
vn -0.006055 -0.531415 -0.847090
vn -0.228996 -0.528491 -0.817471
vn -0.017395 -0.795803 -0.605305
vn -0.220868 -0.807058 -0.547608
vn 0.278083 -0.779836 -0.560826
vn 0.283586 -0.912408 -0.295111
vn 0.994935 -0.099285 -0.015725
vn 0.995245 -0.091341 -0.033815
vn 0.273843 -0.572862 -0.772553
vn 0.995800 -0.073917 -0.054025
vn 0.275704 -0.308513 -0.910389
vn 0.996407 -0.042468 -0.073281
vn 0.278956 -0.000001 -0.960304
vn 0.996513 -0.000986 -0.083428
vn 0.275489 0.308446 -0.910476
vn 0.996323 0.040435 -0.075529
vn 0.273414 0.572154 -0.773230
vn 0.995786 0.071336 -0.057638
vn 0.277797 0.779509 -0.561423
vn 0.995274 0.090418 -0.035427
vn 0.283767 0.912386 -0.295005
vn 0.994693 0.101902 -0.014229
vn 0.287478 0.957787 -0.000071
vn 0.994345 0.106063 0.005424
vn 0.287509 0.910631 0.296800
vn 0.994376 0.100231 0.034201
vn 0.285755 0.774704 0.564073
vn 0.994538 0.083469 0.062671
vn 0.284629 0.563407 0.775602
vn 0.994664 0.060552 0.083526
vn 0.284546 0.296090 0.911792
vn 0.994857 0.026369 0.097800
vn 0.284947 -0.001779 0.958542
vn 0.994932 -0.009875 0.100066
vn 0.285011 -0.297738 0.911110
vn 0.994955 -0.035470 0.093841
vn 0.285412 -0.563280 0.775407
vn 0.994843 -0.058079 0.083147
vn 0.285786 -0.774896 0.563793
vn 0.994760 -0.079823 0.063875
vn 0.286112 -0.910807 0.297609
vn 0.994904 -0.093635 0.037396
vn 0.286231 -0.958160 0.001098
vn 0.995016 -0.099424 0.007679
vn -0.999757 -0.006818 -0.020945
vn -0.999890 -0.010544 -0.010423
vn -0.488245 -0.845252 -0.217177
vn -0.588826 -0.676527 -0.442261
vn -0.999635 -0.002016 -0.026928
vn -0.636822 -0.423299 -0.644419
vn -0.999552 -0.002111 -0.029846
vn -0.644963 -0.192233 -0.739642
vn -0.999540 -0.000902 -0.030327
vn -0.642584 0.000728 -0.766215
vn -0.999573 0.005156 -0.028774
vn -0.644332 0.193785 -0.739787
vn -0.999661 0.005003 -0.025550
vn -0.637144 0.422131 -0.644867
vn -0.999800 0.003486 -0.019711
vn -0.589914 0.675243 -0.442774
vn -0.999923 0.005089 -0.011297
vn -0.487942 0.845489 -0.216932
vn -0.999969 0.007733 -0.001381
vn -0.448858 0.893589 -0.004970
vn -0.999948 0.009008 0.004732
vn -0.464227 0.847392 0.257721
vn -0.999949 0.008157 0.005943
vn -0.500380 0.716028 0.486749
vn -0.999951 0.005952 0.007893
vn -0.542937 0.514196 0.663944
vn -0.999949 0.003112 0.009570
vn -0.575260 0.266932 0.773190
vn -0.999953 -0.001446 0.009588
vn -0.587403 -0.000076 0.809294
vn -0.999954 -0.002272 0.009299
vn -0.575357 -0.266749 0.773181
vn -0.999964 -0.003167 0.007829
vn -0.542288 -0.514412 0.664307
vn -0.999959 -0.007655 0.004767
vn -0.499295 -0.716707 0.486863
vn -0.999947 -0.009494 0.003934
vn -0.463805 -0.847575 0.257881
vn -0.999940 -0.010906 0.000459
vn -0.449356 -0.893340 -0.004712
vn 0.021921 -0.944108 -0.328906
vn 0.013411 -0.999898 -0.004981
vn 0.003331 -0.951131 0.308770
vn -0.006041 -0.809181 0.587528
vn -0.013474 -0.587936 0.808796
vn -0.006084 -0.379643 0.925113
vn 0.015440 -0.079617 0.996706
vn 0.024871 0.318606 0.947561
vn 0.019665 0.600908 0.799077
vn 0.014140 0.818430 0.574432
vn 0.011588 0.954064 0.299377
vn 0.013931 0.999891 -0.004837
vn 0.020498 0.947360 -0.319512
vn 0.028475 0.791438 -0.610586
vn 0.034663 0.546319 -0.836860
vn 0.036630 0.247865 -0.968102
vn 0.032451 -0.023198 -0.999204
vn 0.027364 -0.264629 -0.963962
vn 0.026829 -0.535004 -0.844423
vn 0.026526 -0.781718 -0.623068
vn -0.350885 -0.868194 -0.350884
vn -0.534759 -0.654267 -0.534759
vn 0.000000 -0.654266 -0.756264
vn -0.000000 -0.868195 -0.496223
vn 0.534761 -0.654265 -0.534759
vn 0.350889 -0.868193 -0.350881
vn 0.756264 -0.654266 0.000001
vn 0.496229 -0.868192 0.000002
vn 0.534760 -0.654265 0.534760
vn 0.350888 -0.868193 0.350883
vn 0.000000 -0.654266 0.756264
vn 0.000001 -0.868195 0.496223
vn -0.534760 -0.654267 0.534758
vn -0.350886 -0.868194 0.350882
vn -0.756265 -0.654266 -0.000001
vn -0.496226 -0.868194 -0.000002
vn -0.662410 -0.349893 -0.662411
vn -0.000000 -0.349892 -0.936790
vn 0.662409 -0.349892 -0.662412
vn 0.936789 -0.349894 -0.000000
vn 0.662408 -0.349893 0.662412
vn 0.000001 -0.349893 0.936790
vn -0.662410 -0.349895 0.662410
vn -0.936790 -0.349893 0.000000
vn -0.707107 0.000001 -0.707106
vn 0.000000 0.000001 -1.000000
vn 0.707107 0.000000 -0.707106
vn 1.000000 0.000000 0.000001
vn 0.707106 0.000000 0.707107
vn -0.000000 0.000000 1.000000
vn -0.707108 0.000000 0.707106
vn -1.000000 -0.000000 -0.000001
vn -0.662410 0.349894 -0.662410
vn 0.000001 0.349896 -0.936789
vn 0.662413 0.349895 -0.662407
vn 0.936789 0.349894 0.000001
vn 0.662412 0.349895 0.662407
vn -0.000001 0.349896 0.936789
vn -0.662411 0.349895 0.662408
vn -0.936790 0.349893 -0.000003
vn -0.534757 0.654267 -0.534762
vn 0.000000 0.654269 -0.756262
vn 0.534761 0.654269 -0.534756
vn 0.756262 0.654268 -0.000000
vn 0.534760 0.654269 0.534755
vn -0.000000 0.654269 0.756262
vn -0.534758 0.654267 0.534760
vn -0.756263 0.654268 -0.000002
vn -0.350880 0.868196 -0.350882
vn 0.000000 0.868197 -0.496220
vn 0.350883 0.868196 -0.350880
vn 0.496222 0.868196 -0.000000
vn 0.350882 0.868196 0.350880
vn 0.000001 0.868196 0.496221
vn -0.350881 0.868196 0.350883
vn -0.496219 0.868197 0.000000
vn 0.000000 -1.000000 0.000000
vn 0.000000 1.000000 -0.000000
vn -0.822355 0.308248 -0.478241
vn -0.587032 0.462622 -0.664360
vn -0.522250 0.236976 -0.819205
vn -0.776649 0.171119 -0.606246
vn -0.776650 0.171117 0.606246
vn -0.522251 0.236975 0.819205
vn -0.587032 0.462622 0.664360
vn -0.822356 0.308247 0.478241
vn -0.654510 0.756053 -0.000000
vn -0.869001 0.494811 -0.000000
vn -0.303098 0.558095 -0.772439
vn -0.257038 0.271907 -0.927361
vn -0.257038 0.271907 0.927361
vn -0.303098 0.558094 0.772440
vn -0.354245 0.935153 -0.000000
vn -0.006443 0.591004 -0.806643
vn -0.003096 0.283996 -0.958820
vn -0.003096 0.283997 0.958820
vn -0.006443 0.591004 0.806643
vn -0.010902 0.999941 0.000000
vn 0.290858 0.564571 -0.772438
vn 0.251048 0.277447 -0.927361
vn 0.251048 0.277448 0.927360
vn 0.290858 0.564572 0.772438
vn 0.333771 0.942654 0.000000
vn 0.576809 0.475311 -0.664357
vn 0.516963 0.248307 -0.819202
vn 0.516963 0.248307 0.819203
vn 0.576808 0.475312 0.664357
vn 0.637873 0.770142 -0.000000
vn 0.815437 0.326106 -0.478244
vn 0.772735 0.188013 -0.606244
vn 0.772735 0.188010 0.606245
vn 0.815437 0.326104 0.478245
vn 0.858004 0.513643 0.000000
vn -0.993149 0.116855 -0.000000
vn 0.990365 0.138482 0.000000
vn 0.010895 -0.999941 0.000000
vn 0.010895 -0.999941 0.000000
vn 0.010906 -0.999941 0.000000
vn 0.010906 -0.999941 0.000000
vn 0.010903 -0.999941 0.000000
vn 0.010903 -0.999941 0.000000
vn 0.010901 -0.999941 0.000000
vn 0.010901 -0.999941 0.000000
vn 0.010903 -0.999941 0.000000
vn 0.010903 -0.999941 0.000000
vn 0.010906 -0.999941 0.000000
vn 0.010906 -0.999941 0.000000
vn 0.010895 -0.999941 0.000000
vn 0.010895 -0.999941 0.000000
vn 0.010918 -0.999940 0.000000
vn 0.010918 -0.999940 0.000000
vn 0.350881 -0.868197 -0.350879
vn 0.000000 -0.868196 -0.496221
vn 0.000000 -0.654267 -0.756264
vn 0.534760 -0.654266 -0.534760
vn -0.350881 -0.868196 -0.350882
vn -0.534760 -0.654267 -0.534758
vn -0.496220 -0.868197 0.000001
vn -0.756264 -0.654267 0.000001
vn -0.350880 -0.868196 0.350883
vn -0.534759 -0.654267 0.534759
vn -0.000000 -0.868197 0.496220
vn 0.000000 -0.654267 0.756264
vn 0.350880 -0.868197 0.350880
vn 0.534759 -0.654266 0.534761
vn 0.496220 -0.868197 0.000001
vn 0.756264 -0.654266 0.000001
vn 0.000000 -0.349893 -0.936790
vn 0.662409 -0.349893 -0.662411
vn -0.662410 -0.349893 -0.662410
vn -0.936790 -0.349893 0.000000
vn -0.662411 -0.349893 0.662410
vn -0.000000 -0.349893 0.936790
vn 0.662409 -0.349893 0.662412
vn 0.936789 -0.349894 0.000000
vn 0.000000 -0.000000 -1.000000
vn 0.707107 -0.000000 -0.707107
vn -0.707106 0.000000 -0.707107
vn -1.000000 -0.000000 0.000000
vn -0.707106 -0.000000 0.707107
vn -0.000000 -0.000000 1.000000
vn 0.707107 0.000000 0.707107
vn 1.000000 0.000000 -0.000000
vn 0.000000 0.349894 -0.936789
vn 0.662410 0.349894 -0.662410
vn -0.662411 0.349894 -0.662409
vn -0.936789 0.349894 0.000000
vn -0.662411 0.349894 0.662409
vn -0.000000 0.349894 0.936789
vn 0.662410 0.349894 0.662410
vn 0.936789 0.349894 0.000000
vn 0.000000 0.654266 -0.756265
vn 0.534760 0.654265 -0.534760
vn -0.534760 0.654266 -0.534760
vn -0.756265 0.654266 -0.000001
vn -0.534760 0.654266 0.534759
vn -0.000000 0.654266 0.756265
vn 0.534760 0.654265 0.534761
vn 0.756265 0.654265 0.000000
vn 0.000000 0.868198 -0.496219
vn 0.350878 0.868198 -0.350881
vn -0.350878 0.868197 -0.350882
vn -0.496217 0.868198 0.000000
vn -0.350878 0.868197 0.350882
vn 0.000000 0.868197 0.496220
vn 0.350878 0.868198 0.350880
vn 0.496216 0.868199 -0.000001
vn 0.000000 -1.000000 -0.000000
vn 0.000000 1.000000 0.000000
vn 0.350880 -0.868197 -0.350881
vn 0.000000 -0.868196 -0.496222
vn 0.000000 -0.654265 -0.756265
vn 0.534760 -0.654266 -0.534760
vn -0.350880 -0.868196 -0.350884
vn -0.534759 -0.654266 -0.534761
vn -0.496220 -0.868197 -0.000003
vn -0.756264 -0.654266 -0.000001
vn -0.350881 -0.868197 0.350880
vn -0.534760 -0.654266 0.534760
vn 0.000000 -0.868195 0.496223
vn 0.000000 -0.654265 0.756266
vn 0.350880 -0.868197 0.350880
vn 0.534760 -0.654266 0.534760
vn 0.496219 -0.868197 -0.000003
vn 0.756264 -0.654266 -0.000001
vn -0.000000 -0.349894 -0.936789
vn 0.662411 -0.349894 -0.662410
vn -0.662412 -0.349894 -0.662409
vn -0.936790 -0.349893 0.000001
vn -0.662411 -0.349893 0.662409
vn 0.000000 -0.349894 0.936789
vn 0.662411 -0.349894 0.662409
vn 0.936790 -0.349893 0.000000
vn -0.000000 0.000000 -1.000000
vn 0.707106 -0.000000 -0.707107
vn -0.707109 -0.000000 -0.707105
vn -1.000000 -0.000000 0.000000
vn -0.707108 -0.000000 0.707105
vn 0.000000 -0.000000 1.000000
vn 0.707107 -0.000000 0.707106
vn 1.000000 -0.000000 -0.000001
vn -0.000000 0.349894 -0.936789
vn 0.662410 0.349893 -0.662411
vn -0.662411 0.349894 -0.662409
vn -0.936789 0.349894 -0.000000
vn -0.662411 0.349894 0.662409
vn 0.000000 0.349894 0.936789
vn 0.662410 0.349894 0.662410
vn 0.936789 0.349894 -0.000001
vn -0.000000 0.654265 -0.756265
vn 0.534761 0.654265 -0.534760
vn -0.534760 0.654265 -0.534761
vn -0.756266 0.654265 -0.000000
vn -0.534760 0.654264 0.534761
vn 0.000000 0.654265 0.756265
vn 0.534761 0.654266 0.534759
vn 0.756266 0.654265 -0.000001
vn 0.000000 0.868199 -0.496216
vn 0.350877 0.868199 -0.350878
vn -0.350878 0.868199 -0.350877
vn -0.496216 0.868199 -0.000000
vn -0.350878 0.868199 0.350877
vn 0.000000 0.868199 0.496216
vn 0.350878 0.868199 0.350877
vn 0.496215 0.868199 -0.000002
vn 0.000000 -1.000000 -0.000002
vn 0.000000 1.000000 -0.000000
vn 0.350880 -0.868197 -0.350881
vn -0.000000 -0.868196 -0.496222
vn -0.000000 -0.654265 -0.756265
vn 0.534761 -0.654265 -0.534760
vn -0.350881 -0.868196 -0.350882
vn -0.534760 -0.654265 -0.534760
vn -0.496220 -0.868197 0.000000
vn -0.756265 -0.654266 0.000000
vn -0.350881 -0.868197 0.350880
vn -0.534760 -0.654266 0.534760
vn -0.000000 -0.868197 0.496220
vn -0.000000 -0.654266 0.756265
vn 0.350881 -0.868197 0.350880
vn 0.534761 -0.654266 0.534759
vn 0.496220 -0.868197 -0.000002
vn 0.756265 -0.654265 -0.000001
vn -0.000000 -0.349894 -0.936789
vn 0.662410 -0.349894 -0.662410
vn -0.662410 -0.349894 -0.662410
vn -0.936789 -0.349894 0.000000
vn -0.662410 -0.349894 0.662410
vn -0.000000 -0.349894 0.936789
vn 0.662410 -0.349894 0.662410
vn 0.936789 -0.349894 -0.000001
vn 0.000000 0.000000 -1.000000
vn 0.707106 0.000000 -0.707107
vn -0.707106 -0.000000 -0.707107
vn -1.000000 0.000000 -0.000000
vn -0.707106 0.000000 0.707107
vn -0.000000 0.000000 1.000000
vn 0.707106 0.000000 0.707107
vn 1.000000 0.000000 -0.000000
vn 0.000000 0.349894 -0.936789
vn 0.662410 0.349894 -0.662411
vn -0.662410 0.349894 -0.662410
vn -0.936789 0.349894 -0.000001
vn -0.662411 0.349894 0.662409
vn -0.000000 0.349894 0.936789
vn 0.662409 0.349894 0.662411
vn 0.936789 0.349894 0.000000
vn -0.000000 0.654266 -0.756265
vn 0.534761 0.654265 -0.534759
vn -0.534760 0.654266 -0.534759
vn -0.756265 0.654266 -0.000000
vn -0.534760 0.654266 0.534759
vn 0.000000 0.654266 0.756265
vn 0.534760 0.654265 0.534760
vn 0.756265 0.654265 0.000000
vn -0.000000 0.868197 -0.496220
vn 0.350881 0.868198 -0.350878
vn -0.350881 0.868197 -0.350879
vn -0.496220 0.868196 0.000000
vn -0.350881 0.868197 0.350879
vn 0.000000 0.868197 0.496219
vn 0.350881 0.868198 0.350878
vn 0.496220 0.868197 -0.000000
vn 0.000000 -1.000000 0.000000
vn 0.000000 1.000000 0.000000
vn 0.350881 -0.868196 -0.350881
vn -0.000000 -0.868196 -0.496221
vn 0.000000 -0.654266 -0.756265
vn 0.534760 -0.654265 -0.534760
vn -0.350881 -0.868196 -0.350881
vn -0.534760 -0.654266 -0.534760
vn -0.496485 -0.868045 0.000138
vn -0.756492 -0.654002 0.000076
vn -0.348576 -0.864881 0.361215
vn -0.528532 -0.648246 0.548116
vn -0.000000 -0.859942 0.510392
vn -0.000000 -0.639110 0.769116
vn 0.348575 -0.864881 0.361215
vn 0.528532 -0.648246 0.548116
vn 0.496484 -0.868046 0.000138
vn 0.756492 -0.654002 0.000076
vn 0.000000 -0.349894 -0.936789
vn 0.662410 -0.349894 -0.662410
vn -0.662410 -0.349894 -0.662410
vn -0.936671 -0.350211 -0.000102
vn -0.651737 -0.350129 0.672792
vn 0.000000 -0.346407 0.938084
vn 0.651736 -0.350130 0.672792
vn 0.936671 -0.350211 -0.000102
vn 0.000000 0.000000 -1.000000
vn 0.707107 0.000000 -0.707107
vn -0.707107 0.000000 -0.707107
vn -0.999999 -0.001071 -0.000115
vn -0.697524 -0.010615 0.716483
vn 0.000000 -0.018683 0.999825
vn 0.697524 -0.010615 0.716483
vn 0.999999 -0.001071 -0.000115
vn 0.000000 0.349894 -0.936789
vn 0.662410 0.349894 -0.662410
vn -0.662410 0.349894 -0.662410
vn -0.937092 0.349081 -0.000019
vn -0.658311 0.338462 0.672362
vn 0.000000 0.327021 0.945017
vn 0.658310 0.338462 0.672362
vn 0.937092 0.349082 -0.000019
vn -0.000000 0.654266 -0.756265
vn 0.534760 0.654266 -0.534760
vn -0.534760 0.654266 -0.534760
vn -0.756397 0.654113 -0.000000
vn -0.534491 0.650452 0.539658
vn -0.000000 0.645109 0.764090
vn 0.534491 0.650452 0.539659
vn 0.756397 0.654113 -0.000000
vn 0.000000 0.868196 -0.496220
vn 0.350880 0.868197 -0.350881
vn -0.350881 0.868196 -0.350881
vn -0.496221 0.868196 -0.000000
vn -0.350807 0.868084 0.351233
vn 0.000000 0.867717 0.497058
vn 0.350806 0.868084 0.351234
vn 0.496220 0.868197 0.000000
vn -0.000000 -1.000000 0.000180
vn -0.000000 1.000000 0.000000
vn 0.676636 0.276073 -0.682603
vn 0.527153 0.482448 -0.699538
vn 0.752052 0.657478 -0.046261
vn 0.931223 0.364128 -0.015321
vn 0.346274 0.603092 -0.718592
vn 0.515577 0.853178 -0.079168
vn 0.168919 0.659709 -0.732291
vn 0.259701 0.960265 -0.102210
vn -0.000000 0.675738 -0.737142
vn -0.000000 0.993896 -0.110322
vn -0.168919 0.659709 -0.732291
vn -0.259701 0.960265 -0.102210
vn -0.346274 0.603092 -0.718592
vn -0.515577 0.853178 -0.079168
vn -0.527153 0.482448 -0.699538
vn -0.752052 0.657478 -0.046261
vn -0.669474 0.287204 -0.685068
vn -0.924886 0.379898 -0.016236
vn -0.722820 0.164963 -0.671058
vn -0.979032 0.203680 -0.003285
vn 0.732505 0.152605 -0.663437
vn 0.982659 0.185406 -0.002441
vn 0.001837 0.178849 -0.983875
vn 0.724880 0.174164 0.666495
vn 0.638478 0.345596 0.687684
vn 0.522866 0.273654 0.807294
vn 0.596888 0.138428 0.790293
vn 0.485993 0.499750 0.716981
vn 0.395278 0.393153 0.830172
vn 0.266246 0.613093 0.743795
vn 0.215245 0.479448 0.850764
vn -0.000000 0.655829 0.754909
vn -0.000000 0.511603 0.859222
vn -0.266246 0.613092 0.743795
vn -0.215245 0.479447 0.850764
vn -0.485993 0.499750 0.716980
vn -0.395279 0.393153 0.830172
vn -0.638478 0.345597 0.687683
vn -0.522866 0.273654 0.807294
vn -0.726187 0.168593 0.666505
vn -0.598591 0.132442 0.790030
vn -0.749441 0.081029 0.657094
vn -0.618471 0.063866 0.783208
vn 0.749626 0.086499 0.656185
vn 0.618345 0.069454 0.782832
vn 0.948662 0.315410 -0.023584
vn 0.986554 0.163322 -0.006001
vn -0.984505 0.175259 -0.005760
vn -0.944859 0.326593 -0.024046
vn -0.799937 0.596038 -0.069557
vn -0.572878 0.809893 -0.126033
vn -0.296851 0.939491 -0.170986
vn -0.000000 0.982196 -0.187860
vn 0.296851 0.939491 -0.170986
vn 0.572878 0.809893 -0.126033
vn 0.799938 0.596038 -0.069557
vn 0.952144 0.282800 -0.115961
vn 0.986116 0.139493 -0.090091
vn -0.985238 0.144211 -0.092241
vn -0.950728 0.287189 -0.116788
vn -0.820039 0.544569 -0.176014
vn -0.603015 0.758839 -0.246041
vn -0.319500 0.899050 -0.299381
vn -0.000000 0.947800 -0.318865
vn 0.319500 0.899050 -0.299381
vn 0.603014 0.758840 -0.246041
vn 0.820039 0.544569 -0.176014
vn 0.955915 0.250570 -0.153106
vn 0.981052 0.125600 -0.147515
vn -0.981822 0.124316 -0.143424
vn -0.956536 0.249168 -0.151507
vn -0.850241 0.499509 -0.166076
vn -0.657021 0.731769 -0.181212
vn -0.365411 0.910295 -0.194520
vn -0.000000 0.979789 -0.200036
vn 0.365411 0.910295 -0.194520
vn 0.657021 0.731769 -0.181212
vn 0.850241 0.499509 -0.166076
vn 0.962986 0.253453 0.091759
vn 0.988267 0.123832 0.089412
vn -0.988252 0.119167 0.095698
vn -0.963995 0.248865 0.093696
vn -0.858907 0.503903 0.091433
vn -0.665936 0.740091 0.093778
vn -0.371379 0.923393 0.097073
vn -0.000000 0.995121 0.098662
vn 0.371379 0.923393 0.097073
vn 0.665936 0.740091 0.093778
vn 0.858907 0.503903 0.091433
vn 0.864422 0.213882 0.455005
vn 0.889066 0.106333 0.445258
vn -0.890045 0.100945 0.444557
vn -0.866054 0.208319 0.454482
vn -0.768865 0.427452 0.475532
vn -0.593953 0.626867 0.504239
vn -0.330168 0.780129 0.531403
vn -0.000000 0.839754 0.542966
vn 0.330167 0.780129 0.531403
vn 0.593953 0.626868 0.504239
vn 0.768865 0.427453 0.475532
vn -0.012604 0.174677 0.984545
vn -0.012034 -0.999924 -0.002827
vn -0.010553 -0.999882 -0.011177
vn -0.010553 -0.999882 -0.011177
vn -0.012035 -0.999924 -0.002827
vn -0.010432 -0.999937 0.004074
vn -0.010432 -0.999937 0.004074
vn -0.005793 -0.999951 0.008039
vn -0.005793 -0.999951 0.008039
vn 0.002446 -0.999871 0.015846
vn 0.002446 -0.999871 0.015846
vn 0.007293 -0.999903 0.011886
vn 0.007293 -0.999903 0.011887
vn 0.010504 -0.999932 -0.005042
vn 0.010504 -0.999932 -0.005042
vn 0.011955 -0.999928 -0.001107
vn 0.011955 -0.999928 -0.001107
vn 0.016187 -0.999869 -0.000183
vn 0.016186 -0.999869 -0.000181
vn 0.023465 -0.998205 -0.055102
vn 0.350881 -0.868196 -0.350882
vn -0.000000 -0.868196 -0.496222
vn 0.000000 -0.654265 -0.756265
vn 0.534760 -0.654265 -0.534761
vn -0.350881 -0.868196 -0.350882
vn -0.534760 -0.654265 -0.534760
vn -0.496221 -0.868196 -0.000000
vn -0.756265 -0.654266 0.000000
vn -0.350882 -0.868196 0.350882
vn -0.534760 -0.654265 0.534760
vn -0.000000 -0.868196 0.496222
vn -0.000000 -0.654265 0.756265
vn 0.350881 -0.868196 0.350882
vn 0.534760 -0.654265 0.534761
vn 0.496221 -0.868196 -0.000000
vn 0.756265 -0.654265 0.000000
vn 0.000000 -0.349894 -0.936789
vn 0.662410 -0.349894 -0.662410
vn -0.662410 -0.349894 -0.662410
vn -0.936789 -0.349894 0.000000
vn -0.662410 -0.349894 0.662410
vn -0.000000 -0.349894 0.936789
vn 0.662410 -0.349894 0.662410
vn 0.936789 -0.349894 0.000000
vn -0.000000 -0.000000 -1.000000
vn 0.707107 -0.000000 -0.707107
vn -0.707106 -0.000000 -0.707107
vn -1.000000 0.000000 0.000000
vn -0.707107 -0.000000 0.707107
vn -0.000000 -0.000000 1.000000
vn 0.707107 -0.000000 0.707107
vn 1.000000 -0.000000 0.000000
vn -0.000000 0.349894 -0.936789
vn 0.662410 0.349894 -0.662410
vn -0.662410 0.349894 -0.662410
vn -0.936789 0.349894 0.000000
vn -0.662410 0.349894 0.662410
vn -0.000000 0.349894 0.936789
vn 0.662410 0.349894 0.662410
vn 0.936789 0.349894 0.000000
vn 0.000000 0.654266 -0.756264
vn 0.534760 0.654266 -0.534760
vn -0.534760 0.654266 -0.534759
vn -0.756264 0.654266 0.000000
vn -0.534760 0.654266 0.534760
vn 0.000000 0.654266 0.756264
vn 0.534760 0.654266 0.534760
vn 0.756265 0.654266 0.000000
vn -0.000000 0.868197 -0.496219
vn 0.350881 0.868197 -0.350880
vn -0.350881 0.868197 -0.350881
vn -0.496220 0.868197 0.000000
vn -0.350881 0.868196 0.350881
vn -0.000000 0.868197 0.496219
vn 0.350881 0.868197 0.350880
vn 0.496220 0.868197 0.000000
vn 0.000000 -1.000000 -0.000001
vn -0.000000 1.000000 0.000000
vn -0.945794 -0.069780 -0.317182
vn -0.942744 -0.118845 -0.311625
vn -0.993718 -0.111912 -0.000402
vn -0.997980 -0.063507 -0.001640
vn -0.945692 -0.104989 0.307643
vn -0.949542 -0.056026 0.308595
vn -0.804747 -0.098769 0.585344
vn -0.807956 -0.049063 0.587197
vn -0.585014 -0.093836 0.805577
vn -0.587214 -0.043546 0.808259
vn -0.306512 -0.090557 0.947549
vn -0.327299 -0.046211 0.943790
vn 0.001253 -0.089138 0.996018
vn -0.021403 -0.055701 0.998218
vn 0.307726 -0.090123 0.947197
vn 0.311688 -0.061186 0.948212
vn 0.585039 -0.093256 0.805626
vn 0.591226 -0.059777 0.804288
vn 0.804798 -0.098151 0.585377
vn 0.810883 -0.058856 0.582241
vn 0.945744 -0.104317 0.307711
vn 0.950511 -0.059866 0.304868
vn 0.993798 -0.111203 -0.000178
vn 0.997985 -0.063415 -0.002249
vn 0.943014 -0.118202 -0.311051
vn 0.946761 -0.068729 -0.314515
vn 0.793640 -0.124048 -0.595607
vn 0.795336 -0.073542 -0.601691
vn 0.558609 -0.127330 -0.819599
vn 0.556741 -0.076358 -0.827169
vn 0.267776 -0.127286 -0.955036
vn 0.261566 -0.076306 -0.962165
vn -0.000572 -0.125425 -0.992103
vn -0.006905 -0.073304 -0.997286
vn -0.267764 -0.127053 -0.955071
vn -0.265941 -0.070999 -0.961371
vn -0.557355 -0.127330 -0.820453
vn -0.552721 -0.072553 -0.830202
vn -0.792790 -0.124456 -0.596653
vn -0.792256 -0.072777 -0.605833
vn -0.993372 -0.114940 -0.001227
vn -0.942219 -0.121955 -0.312010
vn -0.945459 -0.108264 0.307224
vn -0.804599 -0.102420 0.584920
vn -0.584947 -0.097767 0.805158
vn -0.307393 -0.094711 0.946858
vn 0.000356 -0.093494 0.995620
vn 0.307741 -0.094441 0.946771
vn 0.584967 -0.097411 0.805186
vn 0.804628 -0.102061 0.584942
vn 0.945483 -0.107911 0.307275
vn 0.993410 -0.114611 -0.001160
vn 0.942276 -0.121655 -0.311956
vn 0.794351 -0.127294 -0.593972
vn 0.564407 -0.128968 -0.815360
vn 0.280123 -0.125260 -0.951757
vn -0.000068 -0.121937 -0.992538
vn -0.280122 -0.125224 -0.951762
vn -0.564120 -0.129018 -0.815551
vn -0.794143 -0.127512 -0.594203
vn -0.931864 -0.194531 -0.306247
vn -0.789900 -0.192518 -0.582233
vn -0.571036 -0.185419 -0.799711
vn -0.298070 -0.175548 -0.938263
vn -0.000000 -0.171757 -0.985139
vn 0.298070 -0.175548 -0.938263
vn 0.571036 -0.185420 -0.799711
vn 0.789900 -0.192519 -0.582232
vn 0.931863 -0.194531 -0.306248
vn 0.981440 -0.191771 0.000186
vn 0.933868 -0.186416 0.305188
vn 0.794695 -0.181157 0.579346
vn 0.577694 -0.176945 0.796843
vn 0.303865 -0.174384 0.936620
vn -0.000000 -0.173437 0.984845
vn -0.303865 -0.174384 0.936620
vn -0.577695 -0.176945 0.796843
vn -0.794696 -0.181157 0.579345
vn -0.933868 -0.186415 0.305188
vn -0.981440 -0.191771 0.000187
vn -0.043843 -0.998952 -0.013127
vn 0.000000 -0.999979 0.006515
vn -0.048789 -0.998789 -0.006367
vn -0.034636 -0.999165 -0.021648
vn -0.020802 -0.999351 -0.029400
vn -0.000000 -0.999455 -0.033021
vn 0.020802 -0.999351 -0.029401
vn 0.034636 -0.999165 -0.021647
vn 0.043843 -0.998952 -0.013125
vn 0.048789 -0.998789 -0.006365
vn 0.050569 -0.998718 0.002055
vn 0.048395 -0.998705 0.015713
vn 0.041136 -0.998707 0.029877
vn 0.029869 -0.998708 0.041103
vn 0.015697 -0.998709 0.048300
vn 0.000000 -0.998710 0.050779
vn -0.015697 -0.998709 0.048300
vn -0.029869 -0.998708 0.041101
vn -0.041136 -0.998707 0.029875
vn -0.048395 -0.998705 0.015712
vn -0.050569 -0.998718 0.002054
vn 0.021775 0.999740 0.006818
vn -0.000643 0.999998 -0.001989
vn 0.016849 0.999713 0.017038
vn 0.009173 0.999674 0.023826
vn 0.003918 0.999648 0.026242
vn 0.002852 0.999635 0.026883
vn -0.003083 0.999660 0.025903
vn -0.012822 0.999683 0.021675
vn -0.019663 0.999705 0.014271
vn -0.023632 0.999705 0.005568
vn -0.024073 0.999708 -0.002285
vn -0.022021 0.999717 -0.009009
vn -0.018449 0.999723 -0.014597
vn -0.013539 0.999726 -0.019112
vn -0.007215 0.999726 -0.022255
vn -0.000415 0.999730 -0.023232
vn 0.006365 0.999741 -0.021829
vn 0.012344 0.999744 -0.018953
vn 0.016558 0.999740 -0.015681
vn 0.020087 0.999745 -0.010334
vn 0.022534 0.999742 -0.002787
vn -0.993174 0.116134 -0.010873
vn -0.958771 0.284138 0.004772
vn -0.922008 0.301810 -0.242513
vn -0.944762 0.112747 -0.307753
vn -0.949100 0.103181 0.297595
vn -0.919341 0.255008 0.299639
vn -0.813523 0.085754 0.575175
vn -0.791125 0.225955 0.568388
vn -0.595870 0.067495 0.800239
vn -0.581393 0.200552 0.788518
vn -0.404989 0.057764 0.912495
vn -0.367830 0.205081 0.906997
vn -0.102149 0.064321 0.992687
vn -0.064459 0.247012 0.966866
vn 0.325111 0.071782 0.942948
vn 0.312935 0.265998 0.911765
vn 0.608865 0.081111 0.789116
vn 0.586598 0.264622 0.765427
vn 0.822134 0.093525 0.561559
vn 0.793223 0.265113 0.548190
vn 0.951422 0.105804 0.289141
vn 0.918780 0.271136 0.286931
vn 0.993248 0.115706 -0.008415
vn 0.958469 0.285191 0.001769
vn 0.948652 0.111970 -0.295842
vn 0.924246 0.298542 -0.237995
vn 0.802366 0.100711 -0.588274
vn 0.795766 0.313981 -0.517853
vn 0.548194 0.094346 -0.831013
vn 0.528903 0.329795 -0.781982
vn 0.245859 0.093035 -0.964830
vn 0.239577 0.335943 -0.910904
vn -0.031127 0.091057 -0.995359
vn -0.017843 0.330683 -0.943573
vn -0.268348 0.089050 -0.959197
vn -0.253089 0.319172 -0.913277
vn -0.533934 0.090942 -0.840621
vn -0.521973 0.316476 -0.792078
vn -0.791271 0.099983 -0.603235
vn -0.790198 0.311605 -0.527722
vn -0.759921 -0.348202 -0.548885
vn -0.888723 -0.355948 -0.288916
vn -0.063034 -0.997958 -0.010285
vn -0.055503 -0.998234 -0.021169
vn -0.557738 -0.342237 -0.756176
vn -0.042830 -0.998539 -0.032958
vn -0.300264 -0.343354 -0.889915
vn -0.024383 -0.998763 -0.043342
vn 0.000000 -0.346801 -0.937939
vn -0.000000 -0.998839 -0.048178
vn 0.300265 -0.343355 -0.889915
vn 0.024383 -0.998763 -0.043343
vn 0.557738 -0.342238 -0.756175
vn 0.042830 -0.998539 -0.032957
vn 0.759921 -0.348202 -0.548885
vn 0.055503 -0.998234 -0.021169
vn 0.888722 -0.355949 -0.288917
vn 0.063034 -0.997958 -0.010283
vn 0.932594 -0.360927 -0.000725
vn 0.065955 -0.997820 0.002449
vn 0.886496 -0.362263 0.287906
vn 0.063150 -0.997793 0.020541
vn 0.754053 -0.362229 0.547899
vn 0.053669 -0.997796 0.039017
vn 0.548021 -0.362235 0.753962
vn 0.038964 -0.997799 0.053655
vn 0.288188 -0.362417 0.886342
vn 0.020475 -0.997801 0.063038
vn -0.000000 -0.362494 0.931986
vn -0.000000 -0.997802 0.066270
vn -0.288188 -0.362417 0.886342
vn -0.020475 -0.997801 0.063037
vn -0.548021 -0.362235 0.753962
vn -0.038964 -0.997799 0.053652
vn -0.754053 -0.362229 0.547899
vn -0.053669 -0.997796 0.039014
vn -0.886496 -0.362263 0.287907
vn -0.063150 -0.997793 0.020539
vn -0.932594 -0.360926 -0.000723
vn -0.065955 -0.997820 0.002447
vn 0.015920 0.999746 0.015983
vn 0.020131 0.999774 0.006875
vn -0.887726 0.403345 -0.221937
vn -0.717488 0.529698 -0.452361
vn 0.008742 0.999722 0.021878
vn -0.454350 0.596589 -0.661549
vn 0.003591 0.999711 0.023764
vn -0.207351 0.611808 -0.763346
vn 0.002345 0.999701 0.024357
vn 0.001083 0.611280 -0.791413
vn -0.003426 0.999704 0.024096
vn 0.207366 0.611663 -0.763457
vn -0.012137 0.999716 0.020503
vn 0.452852 0.596718 -0.662460
vn -0.018269 0.999742 0.013493
vn 0.716707 0.529797 -0.453483
vn -0.021657 0.999751 0.005360
vn 0.887616 0.403123 -0.222777
vn -0.021540 0.999767 -0.001561
vn 0.935762 0.352594 -0.005125
vn -0.019085 0.999790 -0.007400
vn 0.888493 0.372242 0.268358
vn -0.015602 0.999804 -0.012159
vn 0.752019 0.418190 0.509495
vn -0.011326 0.999811 -0.015826
vn 0.541216 0.472729 0.695422
vn -0.005997 0.999812 -0.018424
vn 0.281536 0.515278 0.809460
vn -0.000597 0.999817 -0.019137
vn -0.001161 0.530810 0.847490
vn 0.004981 0.999830 -0.017742
vn -0.282601 0.514327 0.809694
vn 0.010052 0.999830 -0.015439
vn -0.541634 0.471840 0.695701
vn 0.013752 0.999821 -0.013002
vn -0.752658 0.417453 0.509155
vn 0.017354 0.999812 -0.008675
vn -0.888669 0.371951 0.268177
vn 0.020179 0.999794 -0.001960
vn -0.935659 0.352870 -0.004925
vn -0.945406 -0.005001 -0.325856
vn -0.999993 0.000449 -0.003731
vn -0.950984 0.007144 0.309157
vn -0.808906 0.013397 0.587785
vn -0.587671 0.018334 0.808892
vn -0.377108 0.010888 0.926105
vn -0.076826 -0.007505 0.997016
vn 0.318133 -0.015774 0.947915
vn 0.600266 -0.010195 0.799736
vn 0.817932 -0.003834 0.575302
vn 0.953881 0.000270 0.300185
vn 0.999993 0.000248 -0.003634
vn 0.948518 -0.003593 -0.316703
vn 0.794837 -0.009028 -0.606756
vn 0.552257 -0.013521 -0.833564
vn 0.251940 -0.014841 -0.967629
vn -0.023555 -0.011126 -0.999661
vn -0.268155 -0.006666 -0.963353
vn -0.540686 -0.006720 -0.841198
vn -0.785564 -0.007418 -0.618736
vn -0.998314 -0.057708 -0.006304
vn -0.994655 0.103192 -0.003611
vn -0.960854 0.101160 -0.257927
vn -0.950571 -0.066201 -0.303368
vn -0.952041 -0.054086 0.301153
vn -0.950518 0.088903 0.297678
vn -0.813052 -0.053007 0.579772
vn -0.817102 0.070322 0.572188
vn -0.593195 -0.054036 0.803244
vn -0.601190 0.051293 0.797459
vn -0.312887 -0.055612 0.948161
vn -0.319420 0.036894 0.946895
vn -0.000000 -0.056332 0.998412
vn -0.000000 0.031496 0.999504
vn 0.312887 -0.055613 0.948161
vn 0.319420 0.036894 0.946895
vn 0.593194 -0.054036 0.803244
vn 0.601189 0.051293 0.797459
vn 0.813052 -0.053007 0.579773
vn 0.817102 0.070322 0.572189
vn 0.952041 -0.054086 0.301153
vn 0.950518 0.088903 0.297678
vn 0.998314 -0.057708 -0.006305
vn 0.994655 0.103192 -0.003612
vn 0.950571 -0.066201 -0.303369
vn 0.960853 0.101160 -0.257928
vn 0.805904 -0.076175 -0.587125
vn 0.827360 0.088133 -0.554714
vn 0.567874 -0.076667 -0.819537
vn 0.555535 0.078686 -0.827761
vn 0.281446 -0.068413 -0.957135
vn 0.258168 0.076384 -0.963076
vn 0.000000 -0.062914 -0.998019
vn -0.000000 0.075157 -0.997172
vn -0.281445 -0.068413 -0.957135
vn -0.258168 0.076384 -0.963076
vn -0.567874 -0.076667 -0.819537
vn -0.555535 0.078686 -0.827761
vn -0.805904 -0.076175 -0.587125
vn -0.827360 0.088133 -0.554714
vn -0.993571 -0.113100 0.005010
vn -0.948062 -0.125752 -0.292172
vn -0.946130 -0.096678 0.309017
vn -0.805527 -0.080833 0.587020
vn -0.585593 -0.068245 0.807727
vn -0.307957 -0.060143 0.949497
vn -0.000000 -0.057347 0.998354
vn 0.307958 -0.060143 0.949497
vn 0.585593 -0.068245 0.807727
vn 0.805527 -0.080833 0.587020
vn 0.946130 -0.096678 0.309017
vn 0.993571 -0.113101 0.005010
vn 0.948062 -0.125752 -0.292173
vn 0.816668 -0.130978 -0.562048
vn 0.606842 -0.127396 -0.784546
vn 0.333480 -0.116453 -0.935537
vn -0.000000 -0.109607 -0.993975
vn -0.333480 -0.116453 -0.935537
vn -0.606842 -0.127396 -0.784547
vn -0.816668 -0.130978 -0.562049
vn -0.999295 -0.036088 0.010390
vn -0.960104 -0.040746 -0.276658
vn -0.949667 -0.030583 0.311765
vn -0.807131 -0.025590 0.589818
vn -0.586084 -0.021622 0.809962
vn -0.308017 -0.019005 0.951191
vn -0.000000 -0.018153 0.999835
vn 0.308017 -0.019005 0.951191
vn 0.586083 -0.021622 0.809962
vn 0.807130 -0.025590 0.589819
vn 0.949667 -0.030583 0.311766
vn 0.999295 -0.036088 0.010389
vn 0.960104 -0.040746 -0.276660
vn 0.842544 -0.045081 -0.536738
vn 0.647900 -0.048301 -0.760192
vn 0.382146 -0.049933 -0.922752
vn -0.000000 -0.052526 -0.998619
vn -0.382146 -0.049933 -0.922752
vn -0.647900 -0.048301 -0.760193
vn -0.842544 -0.045081 -0.536738
vn -0.998930 0.045825 0.006202
vn -0.957390 0.049602 -0.284506
vn -0.950210 0.039410 0.309107
vn -0.807942 0.032588 0.588360
vn -0.584911 0.025930 0.810683
vn -0.305508 0.020158 0.951976
vn -0.000074 0.017769 0.999842
vn 0.305439 0.020226 0.951997
vn 0.584963 0.025996 0.810643
vn 0.807969 0.032608 0.588322
vn 0.950210 0.039410 0.309107
vn 0.998930 0.045825 0.006201
vn 0.957390 0.049602 -0.284508
vn 0.835624 0.048731 -0.547136
vn 0.637021 0.042947 -0.769649
vn 0.369792 0.033534 -0.928509
vn -0.000000 0.028914 -0.999582
vn -0.369792 0.033534 -0.928509
vn -0.637020 0.042947 -0.769650
vn -0.835623 0.048731 -0.547137
vn -0.954144 -0.042611 -0.296298
vn -0.823437 -0.043377 -0.565747
vn -0.614043 -0.050267 -0.787670
vn -0.339869 -0.061596 -0.938454
vn -0.000000 -0.070311 -0.997525
vn 0.339869 -0.061596 -0.938454
vn 0.614043 -0.050267 -0.787670
vn 0.823437 -0.043377 -0.565747
vn 0.954144 -0.042611 -0.296300
vn 0.998838 -0.048150 0.001962
vn 0.949968 -0.056492 0.307197
vn 0.806405 -0.064677 0.587816
vn 0.578752 -0.074122 0.812128
vn 0.298263 -0.083392 0.950834
vn -0.000163 -0.087282 0.996184
vn -0.298428 -0.083400 0.950781
vn -0.578841 -0.074305 0.812048
vn -0.806303 -0.064869 0.587935
vn -0.949938 -0.056519 0.307283
vn -0.998838 -0.048150 0.001963
vn -0.045868 -0.998853 -0.013732
vn -0.000000 -0.999977 0.006824
vn -0.051043 -0.998674 -0.006658
vn -0.036237 -0.999086 -0.022649
vn -0.021764 -0.999290 -0.030760
vn -0.000000 -0.999403 -0.034546
vn 0.021764 -0.999290 -0.030760
vn 0.036237 -0.999086 -0.022649
vn 0.045868 -0.998853 -0.013732
vn 0.051043 -0.998674 -0.006658
vn 0.052904 -0.998597 0.002149
vn 0.050629 -0.998582 0.016438
vn 0.042903 -0.998583 0.031472
vn 0.030872 -0.998554 0.044004
vn 0.016052 -0.998516 0.052039
vn 0.000000 -0.998493 0.054886
vn -0.016052 -0.998516 0.052039
vn -0.030925 -0.998553 0.043992
vn -0.042929 -0.998581 0.031505
vn -0.050619 -0.998582 0.016455
vn -0.052904 -0.998597 0.002149
vn -0.000001 1.000000 -0.000001
vn 0.000000 1.000000 0.000000
vn 0.000000 1.000000 0.000001
vn 0.000001 1.000000 -0.000001
vn -0.000000 1.000000 -0.000003
vn -0.000000 1.000000 -0.000003
vn 0.000000 1.000000 -0.000003
vn -0.000001 1.000000 -0.000002
vn -0.000000 1.000000 -0.000001
vn 0.000001 1.000000 -0.000000
vn 0.000001 1.000000 -0.000001
vn 0.000000 1.000000 0.000002
vn -0.000000 1.000000 0.000001
vn 0.000001 1.000000 -0.000001
vn 0.000000 1.000000 0.000001
vn 0.000000 1.000000 0.000001
vn -0.000000 1.000000 -0.000001
vn -0.000001 1.000000 -0.000000
vn 0.000000 1.000000 -0.000001
vn -0.000000 1.000000 -0.000001
vn -0.000001 1.000000 -0.000001
vn -0.789123 -0.276116 -0.548676
vn -0.918860 -0.269928 -0.287810
vn -0.065940 -0.997766 -0.010758
vn -0.058063 -0.998067 -0.022144
vn -0.581890 -0.288853 -0.760242
vn -0.044807 -0.998400 -0.034479
vn -0.313774 -0.305054 -0.899160
vn -0.025509 -0.998646 -0.045344
vn 0.000000 -0.314067 -0.949401
vn -0.000000 -0.998729 -0.050402
vn 0.313774 -0.305054 -0.899159
vn 0.025509 -0.998646 -0.045343
vn 0.581890 -0.288854 -0.760242
vn 0.044807 -0.998401 -0.034479
vn 0.789123 -0.276115 -0.548676
vn 0.058063 -0.998067 -0.022144
vn 0.918860 -0.269927 -0.287811
vn 0.065940 -0.997766 -0.010758
vn 0.962630 -0.270819 0.001182
vn 0.068994 -0.997614 0.002560
vn 0.914774 -0.275514 0.295432
vn 0.066059 -0.997584 0.021487
vn 0.773745 -0.282298 0.567122
vn 0.056130 -0.997575 0.041155
vn 0.549287 -0.290588 0.783480
vn 0.040744 -0.997509 0.057575
vn 0.279412 -0.296680 0.913187
vn 0.021453 -0.997410 0.068649
vn -0.000163 -0.298358 0.954454
vn -0.000000 -0.997364 0.072556
vn -0.279587 -0.296407 0.913222
vn -0.021453 -0.997410 0.068648
vn -0.549759 -0.290714 0.783103
vn -0.040811 -0.997507 0.057561
vn -0.773673 -0.282776 0.566982
vn -0.056199 -0.997570 0.041188
vn -0.914618 -0.275763 0.295684
vn -0.066070 -0.997583 0.021512
vn -0.962630 -0.270819 0.001183
vn -0.068994 -0.997614 0.002560
vn -0.000000 1.000000 0.000000
vn -0.000001 1.000000 0.000000
vn -0.921392 0.311305 -0.232650
vn -0.760902 0.431449 -0.484644
vn -0.825726 0.235695 -0.512468
vn -0.950665 0.214532 -0.224082
vn 0.000000 1.000000 -0.000002
vn -0.487549 0.499365 -0.716191
vn -0.542967 0.247700 -0.802391
vn -0.000001 1.000000 -0.000005
vn -0.222964 0.515268 -0.827518
vn -0.250530 0.250293 -0.935194
vn -0.000000 1.000000 -0.000005
vn -0.000000 0.515140 -0.857106
vn -0.000000 0.250490 -0.968119
vn 0.000001 1.000000 -0.000005
vn 0.222965 0.515269 -0.827517
vn 0.250530 0.250293 -0.935194
vn -0.000000 1.000000 -0.000004
vn 0.487549 0.499365 -0.716191
vn 0.542968 0.247700 -0.802391
vn 0.000000 1.000000 -0.000001
vn 0.760902 0.431448 -0.484644
vn 0.825727 0.235695 -0.512468
vn 0.000001 1.000000 0.000000
vn 0.921391 0.311305 -0.232652
vn 0.950665 0.214532 -0.224083
vn 0.000001 1.000000 0.000000
vn 0.964416 0.264348 -0.004623
vn 0.978753 0.205042 -0.001026
vn 0.000001 1.000000 0.000002
vn 0.918021 0.281932 0.278841
vn 0.935540 0.198677 0.292049
vn 0.000000 1.000000 0.000000
vn 0.782111 0.324210 0.532156
vn 0.805233 0.195738 0.559720
vn 0.000001 1.000000 -0.000001
vn 0.567760 0.375488 0.732569
vn 0.593691 0.194891 0.780736
vn 0.000000 1.000000 0.000002
vn 0.297753 0.416392 0.859046
vn 0.316122 0.194888 0.928486
vn 0.000000 1.000000 0.000001
vn -0.000000 0.431874 0.901934
vn -0.000000 0.194953 0.980813
vn -0.000000 1.000000 -0.000001
vn -0.297752 0.416392 0.859047
vn -0.316122 0.194888 0.928486
vn -0.000001 1.000000 -0.000000
vn -0.567761 0.375488 0.732568
vn -0.593691 0.194891 0.780736
vn -0.000000 1.000000 -0.000001
vn -0.782111 0.324210 0.532156
vn -0.805233 0.195738 0.559719
vn -0.000001 1.000000 -0.000002
vn -0.918021 0.281932 0.278841
vn -0.935540 0.198677 0.292049
vn -0.000001 1.000000 0.000000
vn -0.964417 0.264347 -0.004623
vn -0.978753 0.205042 -0.001025
vn -0.350880 -0.868197 -0.350881
vn -0.534761 -0.654266 -0.534759
vn -0.000000 -0.654266 -0.756265
vn -0.000000 -0.868197 -0.496220
vn 0.534760 -0.654266 -0.534760
vn 0.350881 -0.868197 -0.350880
vn 0.756265 -0.654266 0.000000
vn 0.496220 -0.868197 0.000000
vn 0.534760 -0.654266 0.534760
vn 0.350881 -0.868197 0.350881
vn 0.000000 -0.654266 0.756265
vn 0.000000 -0.868197 0.496220
vn -0.534761 -0.654266 0.534759
vn -0.350880 -0.868197 0.350881
vn -0.756265 -0.654265 -0.000000
vn -0.496220 -0.868197 0.000000
vn -0.662410 -0.349894 -0.662410
vn -0.000000 -0.349894 -0.936789
vn 0.662410 -0.349894 -0.662410
vn 0.936789 -0.349894 0.000000
vn 0.662410 -0.349894 0.662410
vn -0.000000 -0.349894 0.936789
vn -0.662410 -0.349894 0.662410
vn -0.936789 -0.349894 -0.000000
vn -0.707106 0.000000 -0.707108
vn -0.000000 0.000000 -1.000000
vn 0.707106 -0.000000 -0.707107
vn 1.000000 -0.000000 0.000000
vn 0.707106 0.000000 0.707107
vn 0.000000 -0.000000 1.000000
vn -0.707106 -0.000000 0.707107
vn -1.000000 0.000000 -0.000000
vn -0.662409 0.349894 -0.662411
vn -0.000000 0.349894 -0.936789
vn 0.662410 0.349894 -0.662410
vn 0.936790 0.349893 0.000001
vn 0.662410 0.349894 0.662410
vn 0.000000 0.349894 0.936789
vn -0.662410 0.349894 0.662410
vn -0.936789 0.349894 -0.000001
vn -0.534761 0.654265 -0.534759
vn 0.000000 0.654266 -0.756264
vn 0.534760 0.654266 -0.534760
vn 0.756265 0.654266 0.000001
vn 0.534760 0.654265 0.534760
vn -0.000000 0.654266 0.756264
vn -0.534760 0.654266 0.534760
vn -0.756265 0.654265 -0.000000
vn -0.350881 0.868198 -0.350877
vn -0.000000 0.868198 -0.496218
vn 0.350881 0.868197 -0.350880
vn 0.496220 0.868197 -0.000000
vn 0.350881 0.868197 0.350880
vn -0.000000 0.868198 0.496218
vn -0.350881 0.868198 0.350877
vn -0.496220 0.868197 0.000000
vn 0.000000 -1.000000 0.000000
vn -0.000000 1.000000 0.000000
vn -0.350881 -0.868196 -0.350881
vn -0.534760 -0.654266 -0.534760
vn 0.000000 -0.654266 -0.756265
vn 0.000000 -0.868196 -0.496221
vn 0.534760 -0.654266 -0.534760
vn 0.350881 -0.868196 -0.350881
vn 0.756440 -0.654063 0.000076
vn 0.496467 -0.868056 0.000176
vn 0.528367 -0.648601 0.547855
vn 0.348605 -0.864992 0.360920
vn 0.000000 -0.639684 0.768638
vn 0.000000 -0.860141 0.510056
vn -0.528367 -0.648601 0.547855
vn -0.348605 -0.864992 0.360920
vn -0.756440 -0.654063 0.000076
vn -0.496467 -0.868056 0.000176
vn -0.662410 -0.349894 -0.662410
vn 0.000000 -0.349894 -0.936789
vn 0.662410 -0.349894 -0.662410
vn 0.936685 -0.350173 -0.000097
vn 0.651552 -0.350004 0.673035
vn 0.000000 -0.346195 0.938162
vn -0.651552 -0.350004 0.673036
vn -0.936685 -0.350173 -0.000097
vn -0.707107 -0.000000 -0.707107
vn 0.000000 -0.000000 -1.000000
vn 0.707107 -0.000000 -0.707107
vn 0.999999 -0.001057 -0.000116
vn 0.697755 -0.010555 0.716259
vn 0.000000 -0.018598 0.999827
vn -0.697755 -0.010554 0.716259
vn -0.999999 -0.001057 -0.000116
vn -0.662410 0.349894 -0.662410
vn -0.000000 0.349894 -0.936789
vn 0.662410 0.349894 -0.662410
vn 0.937104 0.349049 -0.000015
vn 0.658182 0.338309 0.672565
vn -0.000000 0.326778 0.945101
vn -0.658181 0.338309 0.672565
vn -0.937104 0.349050 -0.000015
vn -0.534760 0.654266 -0.534760
vn -0.000000 0.654266 -0.756265
vn 0.534760 0.654266 -0.534760
vn 0.756368 0.654146 -0.000000
vn 0.534496 0.650641 0.539425
vn -0.000000 0.645313 0.763918
vn -0.534496 0.650641 0.539425
vn -0.756368 0.654146 -0.000000
vn -0.350881 0.868197 -0.350881
vn 0.000000 0.868196 -0.496220
vn 0.350881 0.868197 -0.350881
vn 0.496221 0.868196 0.000000
vn 0.350815 0.868096 0.351195
vn 0.000000 0.867770 0.496966
vn -0.350814 0.868096 0.351195
vn -0.496220 0.868197 -0.000000
vn 0.000000 -1.000000 0.000235
vn 0.000000 1.000000 0.000000
vn -0.676636 0.276073 -0.682603
vn -0.931223 0.364128 -0.015321
vn -0.752052 0.657478 -0.046261
vn -0.527153 0.482448 -0.699538
vn -0.515577 0.853178 -0.079168
vn -0.346274 0.603092 -0.718592
vn -0.259701 0.960265 -0.102210
vn -0.168919 0.659709 -0.732292
vn 0.000000 0.993896 -0.110322
vn -0.000000 0.675738 -0.737142
vn 0.259701 0.960265 -0.102210
vn 0.168919 0.659709 -0.732291
vn 0.515577 0.853178 -0.079168
vn 0.346274 0.603092 -0.718592
vn 0.752052 0.657478 -0.046261
vn 0.527153 0.482448 -0.699538
vn 0.924886 0.379898 -0.016236
vn 0.669474 0.287204 -0.685068
vn 0.979032 0.203680 -0.003285
vn 0.722820 0.164963 -0.671058
vn -0.732505 0.152605 -0.663437
vn -0.982659 0.185406 -0.002441
vn -0.001837 0.178849 -0.983875
vn -0.724880 0.174164 0.666495
vn -0.596888 0.138428 0.790293
vn -0.522866 0.273654 0.807294
vn -0.638478 0.345596 0.687684
vn -0.395278 0.393153 0.830172
vn -0.485992 0.499750 0.716981
vn -0.215244 0.479448 0.850764
vn -0.266246 0.613093 0.743795
vn 0.000000 0.511603 0.859222
vn 0.000000 0.655829 0.754909
vn 0.215244 0.479448 0.850764
vn 0.266246 0.613092 0.743795
vn 0.395278 0.393153 0.830172
vn 0.485993 0.499750 0.716981
vn 0.522866 0.273654 0.807294
vn 0.638478 0.345597 0.687684
vn 0.598591 0.132442 0.790030
vn 0.726187 0.168593 0.666505
vn 0.618470 0.063866 0.783208
vn 0.749441 0.081029 0.657094
vn -0.749626 0.086499 0.656185
vn -0.618344 0.069454 0.782832
vn -0.986554 0.163322 -0.006001
vn -0.948662 0.315410 -0.023584
vn 0.944859 0.326593 -0.024046
vn 0.984505 0.175259 -0.005760
vn 0.799938 0.596038 -0.069557
vn 0.572878 0.809893 -0.126033
vn 0.296851 0.939491 -0.170986
vn 0.000000 0.982196 -0.187860
vn -0.296851 0.939491 -0.170986
vn -0.572878 0.809893 -0.126033
vn -0.799937 0.596038 -0.069557
vn -0.986116 0.139493 -0.090091
vn -0.952143 0.282800 -0.115961
vn 0.950728 0.287189 -0.116788
vn 0.985238 0.144211 -0.092241
vn 0.820039 0.544569 -0.176014
vn 0.603015 0.758839 -0.246041
vn 0.319500 0.899050 -0.299381
vn 0.000000 0.947800 -0.318865
vn -0.319500 0.899050 -0.299381
vn -0.603014 0.758840 -0.246041
vn -0.820039 0.544569 -0.176014
vn -0.981052 0.125600 -0.147515
vn -0.955915 0.250570 -0.153106
vn 0.956536 0.249168 -0.151507
vn 0.981822 0.124316 -0.143424
vn 0.850241 0.499509 -0.166076
vn 0.657021 0.731769 -0.181212
vn 0.365411 0.910295 -0.194520
vn 0.000000 0.979789 -0.200036
vn -0.365411 0.910295 -0.194520
vn -0.657021 0.731769 -0.181212
vn -0.850241 0.499509 -0.166076
vn -0.988267 0.123832 0.089412
vn -0.962986 0.253452 0.091759
vn 0.963995 0.248865 0.093696
vn 0.988252 0.119167 0.095698
vn 0.858907 0.503903 0.091433
vn 0.665936 0.740091 0.093778
vn 0.371379 0.923393 0.097073
vn 0.000000 0.995121 0.098662
vn -0.371379 0.923393 0.097073
vn -0.665936 0.740091 0.093778
vn -0.858907 0.503903 0.091433
vn -0.889066 0.106333 0.445258
vn -0.864422 0.213882 0.455005
vn 0.866054 0.208319 0.454482
vn 0.890045 0.100945 0.444557
vn 0.768865 0.427452 0.475532
vn 0.593953 0.626868 0.504239
vn 0.330167 0.780129 0.531403
vn 0.000000 0.839754 0.542966
vn -0.330167 0.780129 0.531403
vn -0.593953 0.626868 0.504239
vn -0.768865 0.427453 0.475532
vn 0.012603 0.174677 0.984545
vn 0.012034 -0.999924 -0.002827
vn 0.012035 -0.999924 -0.002827
vn 0.010553 -0.999882 -0.011177
vn 0.010553 -0.999882 -0.011177
vn 0.010432 -0.999937 0.004074
vn 0.010432 -0.999937 0.004074
vn 0.005793 -0.999951 0.008039
vn 0.005793 -0.999951 0.008039
vn -0.002446 -0.999871 0.015846
vn -0.002446 -0.999871 0.015846
vn -0.007293 -0.999903 0.011887
vn -0.007293 -0.999903 0.011886
vn -0.010504 -0.999932 -0.005042
vn -0.010504 -0.999932 -0.005042
vn -0.011955 -0.999928 -0.001107
vn -0.011955 -0.999928 -0.001107
vn -0.016187 -0.999869 -0.000183
vn -0.016186 -0.999869 -0.000181
vn -0.023465 -0.998205 -0.055102
vn -0.350881 -0.868196 -0.350883
vn -0.534760 -0.654265 -0.534761
vn -0.000000 -0.654265 -0.756265
vn 0.000000 -0.868196 -0.496222
vn 0.534760 -0.654265 -0.534760
vn 0.350881 -0.868196 -0.350882
vn 0.756265 -0.654266 0.000000
vn 0.496221 -0.868196 0.000000
vn 0.534760 -0.654265 0.534760
vn 0.350882 -0.868196 0.350882
vn 0.000000 -0.654265 0.756265
vn 0.000000 -0.868196 0.496221
vn -0.534760 -0.654265 0.534760
vn -0.350881 -0.868196 0.350882
vn -0.756265 -0.654265 0.000000
vn -0.496221 -0.868196 -0.000000
vn -0.662410 -0.349894 -0.662410
vn -0.000000 -0.349894 -0.936789
vn 0.662410 -0.349894 -0.662410
vn 0.936789 -0.349894 -0.000000
vn 0.662410 -0.349894 0.662410
vn -0.000000 -0.349894 0.936789
vn -0.662410 -0.349894 0.662410
vn -0.936789 -0.349894 -0.000000
vn -0.707107 -0.000000 -0.707107
vn -0.000000 -0.000000 -1.000000
vn 0.707107 -0.000000 -0.707107
vn 1.000000 0.000000 -0.000000
vn 0.707106 0.000000 0.707107
vn -0.000000 0.000000 1.000000
vn -0.707107 0.000000 0.707107
vn -1.000000 -0.000000 -0.000000
vn -0.662410 0.349894 -0.662410
vn -0.000000 0.349894 -0.936789
vn 0.662410 0.349894 -0.662410
vn 0.936789 0.349894 -0.000000
vn 0.662410 0.349894 0.662410
vn -0.000000 0.349894 0.936789
vn -0.662410 0.349894 0.662410
vn -0.936789 0.349894 -0.000000
vn -0.534760 0.654266 -0.534759
vn -0.000000 0.654267 -0.756264
vn 0.534760 0.654266 -0.534759
vn 0.756265 0.654266 -0.000000
vn 0.534760 0.654266 0.534759
vn 0.000000 0.654267 0.756264
vn -0.534760 0.654266 0.534759
vn -0.756265 0.654266 -0.000000
vn -0.350881 0.868197 -0.350879
vn -0.000000 0.868198 -0.496218
vn 0.350881 0.868197 -0.350881
vn 0.496220 0.868197 -0.000000
vn 0.350881 0.868197 0.350881
vn -0.000000 0.868198 0.496218
vn -0.350881 0.868197 0.350879
vn -0.496220 0.868197 0.000000
vn 0.000000 -1.000000 -0.000000
vn 0.000000 1.000000 0.000000
vn 0.945794 -0.069780 -0.317182
vn 0.997980 -0.063507 -0.001640
vn 0.993718 -0.111911 -0.000402
vn 0.942744 -0.118845 -0.311625
vn 0.949542 -0.056026 0.308595
vn 0.945692 -0.104989 0.307643
vn 0.807956 -0.049063 0.587197
vn 0.804747 -0.098769 0.585344
vn 0.587214 -0.043546 0.808259
vn 0.585014 -0.093836 0.805577
vn 0.327299 -0.046211 0.943790
vn 0.306512 -0.090557 0.947549
vn 0.021403 -0.055701 0.998218
vn -0.001253 -0.089138 0.996018
vn -0.311688 -0.061186 0.948212
vn -0.307726 -0.090123 0.947197
vn -0.591226 -0.059777 0.804288
vn -0.585039 -0.093256 0.805626
vn -0.810883 -0.058856 0.582241
vn -0.804798 -0.098151 0.585377
vn -0.950511 -0.059866 0.304868
vn -0.945744 -0.104317 0.307711
vn -0.997985 -0.063415 -0.002249
vn -0.993798 -0.111203 -0.000178
vn -0.946761 -0.068729 -0.314515
vn -0.943014 -0.118202 -0.311051
vn -0.795336 -0.073542 -0.601691
vn -0.793640 -0.124048 -0.595607
vn -0.556741 -0.076358 -0.827169
vn -0.558609 -0.127330 -0.819599
vn -0.261566 -0.076306 -0.962165
vn -0.267776 -0.127285 -0.955036
vn 0.006905 -0.073304 -0.997286
vn 0.000572 -0.125425 -0.992103
vn 0.265941 -0.070999 -0.961371
vn 0.267764 -0.127053 -0.955071
vn 0.552721 -0.072553 -0.830202
vn 0.557355 -0.127330 -0.820453
vn 0.792256 -0.072777 -0.605833
vn 0.792790 -0.124456 -0.596653
vn 0.993372 -0.114940 -0.001227
vn 0.942219 -0.121955 -0.312010
vn 0.945459 -0.108264 0.307224
vn 0.804599 -0.102420 0.584920
vn 0.584947 -0.097767 0.805158
vn 0.307393 -0.094711 0.946858
vn -0.000356 -0.093494 0.995620
vn -0.307741 -0.094441 0.946771
vn -0.584967 -0.097411 0.805186
vn -0.804628 -0.102061 0.584942
vn -0.945483 -0.107911 0.307275
vn -0.993410 -0.114611 -0.001160
vn -0.942276 -0.121655 -0.311956
vn -0.794351 -0.127294 -0.593972
vn -0.564407 -0.128968 -0.815360
vn -0.280123 -0.125260 -0.951757
vn 0.000068 -0.121937 -0.992538
vn 0.280122 -0.125224 -0.951762
vn 0.564120 -0.129018 -0.815551
vn 0.794143 -0.127512 -0.594203
vn 0.931864 -0.194531 -0.306247
vn 0.789900 -0.192518 -0.582232
vn 0.571036 -0.185419 -0.799711
vn 0.298070 -0.175548 -0.938263
vn 0.000000 -0.171757 -0.985139
vn -0.298070 -0.175548 -0.938263
vn -0.571037 -0.185420 -0.799710
vn -0.789900 -0.192519 -0.582232
vn -0.931863 -0.194531 -0.306248
vn -0.981440 -0.191771 0.000186
vn -0.933868 -0.186416 0.305188
vn -0.794695 -0.181157 0.579346
vn -0.577694 -0.176945 0.796844
vn -0.303865 -0.174384 0.936619
vn 0.000000 -0.173437 0.984845
vn 0.303865 -0.174384 0.936620
vn 0.577695 -0.176945 0.796843
vn 0.794696 -0.181157 0.579345
vn 0.933868 -0.186415 0.305188
vn 0.981440 -0.191771 0.000187
vn 0.043843 -0.998952 -0.013125
vn 0.048789 -0.998789 -0.006366
vn -0.000000 -0.999979 0.006515
vn 0.034636 -0.999165 -0.021649
vn 0.020802 -0.999351 -0.029402
vn 0.000000 -0.999455 -0.033021
vn -0.020802 -0.999351 -0.029402
vn -0.034636 -0.999165 -0.021648
vn -0.043843 -0.998952 -0.013127
vn -0.048789 -0.998789 -0.006366
vn -0.050569 -0.998718 0.002055
vn -0.048395 -0.998705 0.015713
vn -0.041136 -0.998707 0.029877
vn -0.029869 -0.998708 0.041101
vn -0.015697 -0.998709 0.048299
vn -0.000000 -0.998710 0.050778
vn 0.015697 -0.998710 0.048298
vn 0.029869 -0.998708 0.041101
vn 0.041136 -0.998707 0.029877
vn 0.048395 -0.998705 0.015713
vn 0.050569 -0.998718 0.002052
vn -0.021775 0.999740 0.006820
vn -0.016849 0.999713 0.017039
vn 0.000643 0.999998 -0.001990
vn -0.009173 0.999674 0.023827
vn -0.003918 0.999648 0.026242
vn -0.002852 0.999635 0.026882
vn 0.003083 0.999660 0.025901
vn 0.012822 0.999683 0.021674
vn 0.019663 0.999705 0.014275
vn 0.023632 0.999705 0.005570
vn 0.024073 0.999708 -0.002288
vn 0.022021 0.999717 -0.009011
vn 0.018449 0.999723 -0.014597
vn 0.013539 0.999726 -0.019111
vn 0.007215 0.999726 -0.022255
vn 0.000415 0.999730 -0.023234
vn -0.006365 0.999741 -0.021830
vn -0.012344 0.999744 -0.018951
vn -0.016558 0.999740 -0.015678
vn -0.020087 0.999745 -0.010334
vn -0.022534 0.999742 -0.002786
vn 0.993174 0.116134 -0.010873
vn 0.944763 0.112747 -0.307753
vn 0.922008 0.301810 -0.242513
vn 0.958771 0.284138 0.004773
vn 0.949100 0.103181 0.297595
vn 0.919341 0.255008 0.299638
vn 0.813523 0.085754 0.575175
vn 0.791125 0.225955 0.568388
vn 0.595870 0.067495 0.800240
vn 0.581393 0.200552 0.788518
vn 0.404989 0.057764 0.912495
vn 0.367830 0.205081 0.906997
vn 0.102149 0.064321 0.992687
vn 0.064459 0.247013 0.966866
vn -0.325111 0.071782 0.942948
vn -0.312935 0.265998 0.911765
vn -0.608865 0.081111 0.789116
vn -0.586599 0.264622 0.765426
vn -0.822134 0.093525 0.561559
vn -0.793223 0.265113 0.548190
vn -0.951422 0.105804 0.289141
vn -0.918780 0.271136 0.286931
vn -0.993248 0.115706 -0.008415
vn -0.958469 0.285191 0.001769
vn -0.948652 0.111970 -0.295841
vn -0.924246 0.298542 -0.237995
vn -0.802366 0.100711 -0.588274
vn -0.795766 0.313981 -0.517853
vn -0.548194 0.094345 -0.831013
vn -0.528903 0.329795 -0.781982
vn -0.245859 0.093035 -0.964830
vn -0.239577 0.335943 -0.910904
vn 0.031127 0.091057 -0.995359
vn 0.017843 0.330683 -0.943573
vn 0.268348 0.089050 -0.959197
vn 0.253089 0.319172 -0.913277
vn 0.533934 0.090942 -0.840621
vn 0.521973 0.316476 -0.792078
vn 0.791272 0.099983 -0.603235
vn 0.790198 0.311605 -0.527722
vn 0.888723 -0.355948 -0.288917
vn 0.759921 -0.348202 -0.548886
vn 0.063034 -0.997958 -0.010284
vn 0.055503 -0.998234 -0.021169
vn 0.557738 -0.342237 -0.756176
vn 0.042830 -0.998539 -0.032959
vn 0.300264 -0.343354 -0.889915
vn 0.024383 -0.998763 -0.043344
vn 0.000000 -0.346801 -0.937939
vn 0.000000 -0.998839 -0.048179
vn -0.300265 -0.343355 -0.889915
vn -0.024383 -0.998763 -0.043344
vn -0.557739 -0.342238 -0.756175
vn -0.042830 -0.998539 -0.032958
vn -0.759921 -0.348203 -0.548885
vn -0.055503 -0.998234 -0.021170
vn -0.888722 -0.355949 -0.288917
vn -0.063034 -0.997958 -0.010285
vn -0.932594 -0.360927 -0.000725
vn -0.065955 -0.997820 0.002449
vn -0.886496 -0.362263 0.287906
vn -0.063150 -0.997793 0.020541
vn -0.754053 -0.362229 0.547899
vn -0.053669 -0.997796 0.039017
vn -0.548021 -0.362235 0.753962
vn -0.038964 -0.997799 0.053652
vn -0.288188 -0.362417 0.886342
vn -0.020475 -0.997801 0.063036
vn 0.000000 -0.362494 0.931986
vn 0.000000 -0.997802 0.066268
vn 0.288188 -0.362417 0.886341
vn 0.020475 -0.997801 0.063036
vn 0.548021 -0.362235 0.753962
vn 0.038964 -0.997799 0.053652
vn 0.754054 -0.362229 0.547899
vn 0.053669 -0.997796 0.039015
vn 0.886496 -0.362263 0.287907
vn 0.063150 -0.997793 0.020540
vn 0.932594 -0.360926 -0.000724
vn 0.065955 -0.997820 0.002447
vn -0.020131 0.999774 0.006875
vn -0.015920 0.999746 0.015983
vn 0.887726 0.403344 -0.221938
vn 0.717487 0.529698 -0.452362
vn -0.008742 0.999722 0.021880
vn 0.454350 0.596589 -0.661549
vn -0.003591 0.999711 0.023764
vn 0.207351 0.611808 -0.763346
vn -0.002345 0.999701 0.024356
vn -0.001083 0.611281 -0.791413
vn 0.003426 0.999704 0.024093
vn -0.207366 0.611664 -0.763457
vn 0.012137 0.999716 0.020503
vn -0.452852 0.596718 -0.662460
vn 0.018269 0.999742 0.013499
vn -0.716707 0.529797 -0.453482
vn 0.021657 0.999751 0.005364
vn -0.887616 0.403123 -0.222777
vn 0.021540 0.999767 -0.001562
vn -0.935762 0.352594 -0.005124
vn 0.019085 0.999790 -0.007400
vn -0.888493 0.372243 0.268358
vn 0.015602 0.999804 -0.012159
vn -0.752019 0.418190 0.509495
vn 0.011326 0.999811 -0.015826
vn -0.541216 0.472730 0.695422
vn 0.005997 0.999812 -0.018424
vn -0.281535 0.515278 0.809460
vn 0.000597 0.999817 -0.019139
vn 0.001161 0.530810 0.847490
vn -0.004981 0.999830 -0.017744
vn 0.282601 0.514327 0.809694
vn -0.010052 0.999830 -0.015436
vn 0.541634 0.471840 0.695701
vn -0.013752 0.999821 -0.012997
vn 0.752658 0.417453 0.509155
vn -0.017354 0.999812 -0.008671
vn 0.888669 0.371951 0.268177
vn -0.020179 0.999794 -0.001958
vn 0.935659 0.352870 -0.004925
vn 0.945406 -0.005001 -0.325856
vn 0.999993 0.000449 -0.003731
vn 0.950984 0.007144 0.309157
vn 0.808906 0.013397 0.587785
vn 0.587671 0.018334 0.808892
vn 0.377108 0.010888 0.926105
vn 0.076826 -0.007505 0.997016
vn -0.318133 -0.015774 0.947915
vn -0.600266 -0.010195 0.799736
vn -0.817932 -0.003834 0.575302
vn -0.953881 0.000270 0.300185
vn -0.999993 0.000248 -0.003634
vn -0.948518 -0.003593 -0.316703
vn -0.794837 -0.009028 -0.606756
vn -0.552257 -0.013521 -0.833564
vn -0.251940 -0.014842 -0.967629
vn 0.023555 -0.011126 -0.999661
vn 0.268155 -0.006666 -0.963353
vn 0.540686 -0.006720 -0.841198
vn 0.785564 -0.007418 -0.618735
vn 0.998314 -0.057708 -0.006305
vn 0.950571 -0.066201 -0.303368
vn 0.960854 0.101160 -0.257927
vn 0.994655 0.103192 -0.003611
vn 0.952041 -0.054086 0.301153
vn 0.950518 0.088903 0.297678
vn 0.813052 -0.053007 0.579772
vn 0.817102 0.070322 0.572188
vn 0.593195 -0.054036 0.803244
vn 0.601189 0.051293 0.797459
vn 0.312887 -0.055612 0.948161
vn 0.319420 0.036894 0.946895
vn 0.000000 -0.056332 0.998412
vn 0.000000 0.031496 0.999504
vn -0.312887 -0.055612 0.948161
vn -0.319420 0.036894 0.946895
vn -0.593194 -0.054036 0.803244
vn -0.601189 0.051293 0.797459
vn -0.813052 -0.053007 0.579773
vn -0.817102 0.070322 0.572188
vn -0.952041 -0.054086 0.301153
vn -0.950518 0.088903 0.297678
vn -0.998314 -0.057708 -0.006305
vn -0.994655 0.103192 -0.003612
vn -0.950571 -0.066201 -0.303369
vn -0.960853 0.101160 -0.257928
vn -0.805904 -0.076175 -0.587125
vn -0.827360 0.088133 -0.554714
vn -0.567874 -0.076667 -0.819537
vn -0.555535 0.078686 -0.827761
vn -0.281446 -0.068413 -0.957135
vn -0.258168 0.076384 -0.963076
vn -0.000000 -0.062914 -0.998019
vn -0.000000 0.075157 -0.997172
vn 0.281446 -0.068413 -0.957135
vn 0.258168 0.076384 -0.963076
vn 0.567874 -0.076667 -0.819537
vn 0.555535 0.078686 -0.827762
vn 0.805904 -0.076175 -0.587125
vn 0.827360 0.088133 -0.554714
vn 0.993571 -0.113100 0.005010
vn 0.948062 -0.125752 -0.292172
vn 0.946130 -0.096678 0.309017
vn 0.805527 -0.080833 0.587020
vn 0.585593 -0.068245 0.807727
vn 0.307957 -0.060143 0.949497
vn 0.000000 -0.057347 0.998354
vn -0.307958 -0.060143 0.949497
vn -0.585593 -0.068245 0.807727
vn -0.805527 -0.080833 0.587020
vn -0.946130 -0.096678 0.309017
vn -0.993571 -0.113101 0.005010
vn -0.948062 -0.125752 -0.292173
vn -0.816668 -0.130978 -0.562048
vn -0.606842 -0.127396 -0.784546
vn -0.333480 -0.116453 -0.935537
vn -0.000000 -0.109607 -0.993975
vn 0.333480 -0.116453 -0.935537
vn 0.606842 -0.127396 -0.784547
vn 0.816668 -0.130978 -0.562049
vn 0.999295 -0.036088 0.010390
vn 0.960104 -0.040746 -0.276658
vn 0.949667 -0.030583 0.311765
vn 0.807131 -0.025590 0.589818
vn 0.586084 -0.021622 0.809962
vn 0.308017 -0.019005 0.951191
vn 0.000000 -0.018153 0.999835
vn -0.308017 -0.019005 0.951191
vn -0.586083 -0.021622 0.809962
vn -0.807130 -0.025590 0.589819
vn -0.949667 -0.030583 0.311766
vn -0.999295 -0.036088 0.010389
vn -0.960104 -0.040746 -0.276660
vn -0.842544 -0.045081 -0.536737
vn -0.647900 -0.048301 -0.760192
vn -0.382146 -0.049933 -0.922752
vn -0.000000 -0.052526 -0.998619
vn 0.382146 -0.049933 -0.922752
vn 0.647900 -0.048301 -0.760193
vn 0.842544 -0.045081 -0.536738
vn 0.998930 0.045825 0.006202
vn 0.957390 0.049602 -0.284506
vn 0.950210 0.039410 0.309107
vn 0.807943 0.032588 0.588360
vn 0.584776 0.025867 0.810782
vn 0.305504 0.020028 0.951980
vn 0.000277 0.017705 0.999843
vn -0.305213 0.020293 0.952068
vn -0.584972 0.026133 0.810632
vn -0.808056 0.032672 0.588199
vn -0.950210 0.039410 0.309107
vn -0.998930 0.045825 0.006201
vn -0.957390 0.049602 -0.284508
vn -0.835624 0.048731 -0.547136
vn -0.637021 0.042947 -0.769649
vn -0.369792 0.033534 -0.928509
vn 0.000000 0.028914 -0.999582
vn 0.369792 0.033534 -0.928509
vn 0.637021 0.042947 -0.769649
vn 0.835624 0.048731 -0.547137
vn 0.954144 -0.042611 -0.296298
vn 0.823437 -0.043377 -0.565747
vn 0.614043 -0.050267 -0.787670
vn 0.339869 -0.061596 -0.938454
vn -0.000000 -0.070311 -0.997525
vn -0.339869 -0.061596 -0.938454
vn -0.614043 -0.050267 -0.787670
vn -0.823437 -0.043377 -0.565747
vn -0.954144 -0.042611 -0.296300
vn -0.998838 -0.048150 0.001962
vn -0.949968 -0.056492 0.307197
vn -0.806603 -0.064668 0.587545
vn -0.578718 -0.074074 0.812157
vn -0.297735 -0.083383 0.951000
vn 0.000614 -0.087280 0.996184
vn 0.298424 -0.083416 0.950781
vn 0.578570 -0.074310 0.812241
vn 0.806306 -0.064886 0.587929
vn 0.949935 -0.056523 0.307293
vn 0.998838 -0.048150 0.001963
vn 0.045868 -0.998853 -0.013732
vn 0.051043 -0.998674 -0.006658
vn 0.000000 -0.999977 0.006825
vn 0.036237 -0.999086 -0.022649
vn 0.021764 -0.999290 -0.030760
vn 0.000000 -0.999403 -0.034546
vn -0.021764 -0.999290 -0.030760
vn -0.036237 -0.999086 -0.022649
vn -0.045868 -0.998853 -0.013732
vn -0.051043 -0.998674 -0.006658
vn -0.052904 -0.998597 0.002149
vn -0.050629 -0.998582 0.016438
vn -0.042905 -0.998583 0.031470
vn -0.030851 -0.998554 0.044027
vn -0.016006 -0.998518 0.052017
vn -0.000000 -0.998494 0.054853
vn 0.016006 -0.998518 0.052017
vn 0.030911 -0.998553 0.044015
vn 0.042934 -0.998581 0.031507
vn 0.050618 -0.998582 0.016457
vn 0.052904 -0.998597 0.002149
vn 0.000001 1.000000 -0.000003
vn -0.000000 1.000000 0.000000
vn -0.000000 1.000000 -0.000001
vn -0.000001 1.000000 -0.000001
vn 0.000000 1.000000 -0.000004
vn 0.000000 1.000000 -0.000004
vn -0.000000 1.000000 -0.000002
vn 0.000001 1.000000 -0.000000
vn 0.000000 1.000000 0.000002
vn -0.000001 1.000000 0.000002
vn -0.000001 1.000000 -0.000000
vn -0.000000 1.000000 0.000000
vn 0.000000 1.000000 -0.000000
vn -0.000001 1.000000 -0.000001
vn -0.000000 1.000000 0.000001
vn 0.000000 1.000000 0.000001
vn 0.000000 1.000000 -0.000001
vn 0.000001 1.000000 0.000001
vn -0.000000 1.000000 0.000000
vn 0.000000 1.000000 -0.000001
vn 0.000001 1.000000 -0.000002
vn 0.918860 -0.269928 -0.287810
vn 0.789123 -0.276116 -0.548676
vn 0.065940 -0.997766 -0.010758
vn 0.058063 -0.998067 -0.022144
vn 0.581890 -0.288853 -0.760242
vn 0.044807 -0.998400 -0.034479
vn 0.313774 -0.305054 -0.899160
vn 0.025509 -0.998646 -0.045343
vn -0.000000 -0.314067 -0.949401
vn 0.000000 -0.998729 -0.050402
vn -0.313774 -0.305054 -0.899159
vn -0.025509 -0.998646 -0.045343
vn -0.581890 -0.288854 -0.760242
vn -0.044807 -0.998401 -0.034479
vn -0.789123 -0.276116 -0.548676
vn -0.058063 -0.998067 -0.022144
vn -0.918860 -0.269928 -0.287811
vn -0.065940 -0.997766 -0.010758
vn -0.962630 -0.270819 0.001182
vn -0.068994 -0.997614 0.002560
vn -0.914774 -0.275514 0.295432
vn -0.066060 -0.997584 0.021487
vn -0.773921 -0.282477 0.566792
vn -0.056130 -0.997575 0.041151
vn -0.549259 -0.291086 0.783315
vn -0.040702 -0.997512 0.057566
vn -0.278817 -0.296914 0.913293
vn -0.021392 -0.997415 0.068603
vn 0.000615 -0.298121 0.954528
vn 0.000000 -0.997371 0.072464
vn 0.279547 -0.295849 0.913415
vn 0.021392 -0.997415 0.068603
vn 0.549563 -0.290493 0.783323
vn 0.040777 -0.997509 0.057551
vn 0.773700 -0.282814 0.566925
vn 0.056208 -0.997569 0.041188
vn 0.914598 -0.275793 0.295715
vn 0.066071 -0.997583 0.021514
vn 0.962630 -0.270819 0.001183
vn 0.068994 -0.997614 0.002560
vn 0.000001 1.000000 -0.000001
vn 0.000000 1.000000 0.000000
vn 0.921392 0.311305 -0.232650
vn 0.950665 0.214532 -0.224081
vn 0.825726 0.235695 -0.512468
vn 0.760902 0.431449 -0.484644
vn -0.000000 1.000000 -0.000001
vn 0.542967 0.247700 -0.802391
vn 0.487549 0.499365 -0.716191
vn 0.000001 1.000000 -0.000005
vn 0.250530 0.250293 -0.935194
vn 0.222964 0.515268 -0.827518
vn 0.000000 1.000000 -0.000006
vn -0.000000 0.250490 -0.968119
vn -0.000000 0.515140 -0.857106
vn -0.000001 1.000000 -0.000004
vn -0.250530 0.250293 -0.935194
vn -0.222965 0.515269 -0.827517
vn 0.000000 1.000000 -0.000001
vn -0.542968 0.247700 -0.802391
vn -0.487550 0.499366 -0.716191
vn -0.000000 1.000000 0.000003
vn -0.825727 0.235695 -0.512468
vn -0.760903 0.431449 -0.484643
vn -0.000001 1.000000 0.000003
vn -0.950665 0.214532 -0.224083
vn -0.921392 0.311305 -0.232651
vn -0.000001 1.000000 -0.000001
vn -0.978753 0.205042 -0.001026
vn -0.964416 0.264348 -0.004623
vn -0.000001 1.000000 0.000000
vn -0.935540 0.198678 0.292049
vn -0.918021 0.281932 0.278841
vn -0.000000 1.000000 0.000000
vn -0.805233 0.195738 0.559720
vn -0.782111 0.324210 0.532156
vn -0.000001 1.000000 -0.000001
vn -0.593691 0.194891 0.780736
vn -0.567760 0.375488 0.732569
vn -0.000000 1.000000 0.000001
vn -0.316122 0.194888 0.928486
vn -0.297753 0.416393 0.859046
vn 0.000000 1.000000 0.000001
vn 0.000000 0.194953 0.980813
vn -0.000000 0.431874 0.901934
vn 0.000000 1.000000 -0.000001
vn 0.316122 0.194888 0.928486
vn 0.297752 0.416392 0.859047
vn 0.000001 1.000000 0.000001
vn 0.593691 0.194891 0.780736
vn 0.567761 0.375488 0.732568
vn 0.000000 1.000000 -0.000000
vn 0.805233 0.195738 0.559719
vn 0.782111 0.324210 0.532156
vn 0.000001 1.000000 -0.000001
vn 0.935540 0.198677 0.292049
vn 0.918021 0.281932 0.278841
vn 0.000001 1.000000 0.000000
vn 0.978753 0.205042 -0.001025
vn 0.964417 0.264347 -0.004623
vn 0.350881 -0.868196 -0.350881
vn -0.000000 -0.868196 -0.496221
vn 0.000000 -0.654266 -0.756265
vn 0.534760 -0.654265 -0.534760
vn -0.350881 -0.868196 -0.350881
vn -0.534760 -0.654266 -0.534760
vn -0.496485 -0.868045 0.000138
vn -0.756492 -0.654002 0.000076
vn -0.348576 -0.864881 0.361215
vn -0.528532 -0.648246 0.548116
vn -0.000000 -0.859942 0.510392
vn -0.000000 -0.639110 0.769116
vn 0.348575 -0.864881 0.361215
vn 0.528532 -0.648246 0.548116
vn 0.496484 -0.868046 0.000138
vn 0.756492 -0.654002 0.000076
vn 0.000000 -0.349894 -0.936789
vn 0.662410 -0.349894 -0.662410
vn -0.662410 -0.349894 -0.662410
vn -0.936671 -0.350211 -0.000102
vn -0.651737 -0.350129 0.672792
vn 0.000000 -0.346407 0.938084
vn 0.651736 -0.350130 0.672792
vn 0.936671 -0.350211 -0.000102
vn 0.000000 0.000000 -1.000000
vn 0.707107 0.000000 -0.707107
vn -0.707107 0.000000 -0.707107
vn -0.999999 -0.001071 -0.000115
vn -0.697524 -0.010615 0.716483
vn 0.000000 -0.018683 0.999825
vn 0.697524 -0.010615 0.716483
vn 0.999999 -0.001071 -0.000115
vn 0.000000 0.349894 -0.936789
vn 0.662410 0.349894 -0.662410
vn -0.662410 0.349894 -0.662410
vn -0.937092 0.349081 -0.000019
vn -0.658311 0.338462 0.672362
vn 0.000000 0.327021 0.945017
vn 0.658310 0.338462 0.672362
vn 0.937092 0.349082 -0.000019
vn -0.000000 0.654266 -0.756265
vn 0.534760 0.654266 -0.534760
vn -0.534760 0.654266 -0.534760
vn -0.756397 0.654113 -0.000000
vn -0.534491 0.650452 0.539658
vn -0.000000 0.645109 0.764090
vn 0.534491 0.650452 0.539659
vn 0.756397 0.654113 -0.000000
vn 0.000000 0.868196 -0.496220
vn 0.350880 0.868197 -0.350881
vn -0.350881 0.868196 -0.350881
vn -0.496221 0.868196 -0.000000
vn -0.350807 0.868084 0.351233
vn 0.000000 0.867717 0.497058
vn 0.350806 0.868084 0.351234
vn 0.496220 0.868197 0.000000
vn -0.000000 -1.000000 0.000180
vn -0.000000 1.000000 0.000000
vn 0.676636 0.276073 -0.682603
vn 0.527153 0.482448 -0.699538
vn 0.752052 0.657478 -0.046261
vn 0.931223 0.364128 -0.015321
vn 0.346274 0.603092 -0.718592
vn 0.515577 0.853178 -0.079168
vn 0.168919 0.659709 -0.732291
vn 0.259701 0.960265 -0.102210
vn -0.000000 0.675738 -0.737142
vn -0.000000 0.993896 -0.110322
vn -0.168919 0.659709 -0.732291
vn -0.259701 0.960265 -0.102210
vn -0.346274 0.603092 -0.718592
vn -0.515577 0.853178 -0.079168
vn -0.527153 0.482448 -0.699538
vn -0.752052 0.657478 -0.046261
vn -0.669474 0.287204 -0.685068
vn -0.924886 0.379898 -0.016236
vn -0.722820 0.164963 -0.671058
vn -0.979032 0.203680 -0.003285
vn 0.732505 0.152605 -0.663437
vn 0.982659 0.185406 -0.002441
vn 0.001837 0.178849 -0.983875
vn 0.724880 0.174164 0.666495
vn 0.638478 0.345596 0.687684
vn 0.522866 0.273654 0.807294
vn 0.596888 0.138428 0.790293
vn 0.485993 0.499750 0.716981
vn 0.395278 0.393153 0.830172
vn 0.266246 0.613093 0.743795
vn 0.215245 0.479448 0.850764
vn -0.000000 0.655829 0.754909
vn -0.000000 0.511603 0.859222
vn -0.266246 0.613092 0.743795
vn -0.215245 0.479447 0.850764
vn -0.485993 0.499750 0.716980
vn -0.395279 0.393153 0.830172
vn -0.638478 0.345597 0.687683
vn -0.522866 0.273654 0.807294
vn -0.726187 0.168593 0.666505
vn -0.598591 0.132442 0.790030
vn -0.749441 0.081029 0.657094
vn -0.618471 0.063866 0.783208
vn 0.749626 0.086499 0.656185
vn 0.618345 0.069454 0.782832
vn 0.948662 0.315410 -0.023584
vn 0.986554 0.163322 -0.006001
vn -0.984505 0.175259 -0.005760
vn -0.944859 0.326593 -0.024046
vn -0.799937 0.596038 -0.069557
vn -0.572878 0.809893 -0.126033
vn -0.296851 0.939491 -0.170986
vn -0.000000 0.982196 -0.187860
vn 0.296851 0.939491 -0.170986
vn 0.572878 0.809893 -0.126033
vn 0.799938 0.596038 -0.069557
vn 0.952144 0.282800 -0.115961
vn 0.986116 0.139493 -0.090091
vn -0.985238 0.144211 -0.092241
vn -0.950728 0.287189 -0.116788
vn -0.820039 0.544569 -0.176014
vn -0.603015 0.758839 -0.246041
vn -0.319500 0.899050 -0.299381
vn -0.000000 0.947800 -0.318865
vn 0.319500 0.899050 -0.299381
vn 0.603014 0.758840 -0.246041
vn 0.820039 0.544569 -0.176014
vn 0.955915 0.250570 -0.153106
vn 0.981052 0.125600 -0.147515
vn -0.981822 0.124316 -0.143424
vn -0.956536 0.249168 -0.151507
vn -0.850241 0.499509 -0.166076
vn -0.657021 0.731769 -0.181212
vn -0.365411 0.910295 -0.194520
vn -0.000000 0.979789 -0.200036
vn 0.365411 0.910295 -0.194520
vn 0.657021 0.731769 -0.181212
vn 0.850241 0.499509 -0.166076
vn 0.962986 0.253453 0.091759
vn 0.988267 0.123832 0.089412
vn -0.988252 0.119167 0.095698
vn -0.963995 0.248865 0.093696
vn -0.858907 0.503903 0.091433
vn -0.665936 0.740091 0.093778
vn -0.371379 0.923393 0.097073
vn -0.000000 0.995121 0.098662
vn 0.371379 0.923393 0.097073
vn 0.665936 0.740091 0.093778
vn 0.858907 0.503903 0.091433
vn 0.864422 0.213882 0.455005
vn 0.889066 0.106333 0.445258
vn -0.890045 0.100945 0.444557
vn -0.866054 0.208319 0.454482
vn -0.768865 0.427452 0.475532
vn -0.593953 0.626867 0.504239
vn -0.330168 0.780129 0.531403
vn -0.000000 0.839754 0.542966
vn 0.330167 0.780129 0.531403
vn 0.593953 0.626868 0.504239
vn 0.768865 0.427453 0.475532
vn -0.012604 0.174677 0.984545
vn -0.012034 -0.999924 -0.002827
vn -0.010553 -0.999882 -0.011177
vn -0.010553 -0.999882 -0.011177
vn -0.012035 -0.999924 -0.002827
vn -0.010432 -0.999937 0.004074
vn -0.010432 -0.999937 0.004074
vn -0.005793 -0.999951 0.008039
vn -0.005793 -0.999951 0.008039
vn 0.002446 -0.999871 0.015846
vn 0.002446 -0.999871 0.015846
vn 0.007293 -0.999903 0.011886
vn 0.007293 -0.999903 0.011887
vn 0.010504 -0.999932 -0.005042
vn 0.010504 -0.999932 -0.005042
vn 0.011955 -0.999928 -0.001107
vn 0.011955 -0.999928 -0.001107
vn 0.016187 -0.999869 -0.000183
vn 0.016186 -0.999869 -0.000181
vn 0.023465 -0.998205 -0.055102
vn 0.350881 -0.868196 -0.350882
vn -0.000000 -0.868196 -0.496222
vn 0.000000 -0.654265 -0.756265
vn 0.534760 -0.654265 -0.534761
vn -0.350881 -0.868196 -0.350882
vn -0.534760 -0.654265 -0.534760
vn -0.496221 -0.868196 -0.000000
vn -0.756265 -0.654266 0.000000
vn -0.350882 -0.868196 0.350882
vn -0.534760 -0.654265 0.534760
vn -0.000000 -0.868196 0.496222
vn -0.000000 -0.654265 0.756265
vn 0.350881 -0.868196 0.350882
vn 0.534760 -0.654265 0.534761
vn 0.496221 -0.868196 -0.000000
vn 0.756265 -0.654265 0.000000
vn 0.000000 -0.349894 -0.936789
vn 0.662410 -0.349894 -0.662410
vn -0.662410 -0.349894 -0.662410
vn -0.936789 -0.349894 0.000000
vn -0.662410 -0.349894 0.662410
vn -0.000000 -0.349894 0.936789
vn 0.662410 -0.349894 0.662410
vn 0.936789 -0.349894 0.000000
vn -0.000000 -0.000000 -1.000000
vn 0.707107 -0.000000 -0.707107
vn -0.707106 -0.000000 -0.707107
vn -1.000000 0.000000 0.000000
vn -0.707107 -0.000000 0.707107
vn -0.000000 -0.000000 1.000000
vn 0.707107 -0.000000 0.707107
vn 1.000000 -0.000000 0.000000
vn -0.000000 0.349894 -0.936789
vn 0.662410 0.349894 -0.662410
vn -0.662410 0.349894 -0.662410
vn -0.936789 0.349894 0.000000
vn -0.662410 0.349894 0.662410
vn -0.000000 0.349894 0.936789
vn 0.662410 0.349894 0.662410
vn 0.936789 0.349894 0.000000
vn 0.000000 0.654266 -0.756264
vn 0.534760 0.654266 -0.534760
vn -0.534760 0.654266 -0.534759
vn -0.756264 0.654266 0.000000
vn -0.534760 0.654266 0.534760
vn 0.000000 0.654266 0.756264
vn 0.534760 0.654266 0.534760
vn 0.756265 0.654266 0.000000
vn -0.000000 0.868197 -0.496219
vn 0.350881 0.868197 -0.350880
vn -0.350881 0.868197 -0.350881
vn -0.496220 0.868197 0.000000
vn -0.350881 0.868196 0.350881
vn -0.000000 0.868197 0.496219
vn 0.350881 0.868197 0.350880
vn 0.496220 0.868197 0.000000
vn 0.000000 -1.000000 -0.000001
vn -0.000000 1.000000 0.000000
vn -0.945794 -0.069780 -0.317182
vn -0.942744 -0.118845 -0.311625
vn -0.993718 -0.111912 -0.000402
vn -0.997980 -0.063507 -0.001640
vn -0.945692 -0.104989 0.307643
vn -0.949542 -0.056026 0.308595
vn -0.804747 -0.098769 0.585344
vn -0.807956 -0.049063 0.587197
vn -0.585014 -0.093836 0.805577
vn -0.587214 -0.043546 0.808259
vn -0.306512 -0.090557 0.947549
vn -0.327299 -0.046211 0.943790
vn 0.001253 -0.089138 0.996018
vn -0.021403 -0.055701 0.998218
vn 0.307726 -0.090123 0.947197
vn 0.311688 -0.061186 0.948212
vn 0.585039 -0.093256 0.805626
vn 0.591226 -0.059777 0.804288
vn 0.804798 -0.098151 0.585377
vn 0.810883 -0.058856 0.582241
vn 0.945744 -0.104317 0.307711
vn 0.950511 -0.059866 0.304868
vn 0.993798 -0.111203 -0.000178
vn 0.997985 -0.063415 -0.002249
vn 0.943014 -0.118202 -0.311051
vn 0.946761 -0.068729 -0.314515
vn 0.793640 -0.124048 -0.595607
vn 0.795336 -0.073542 -0.601691
vn 0.558609 -0.127330 -0.819599
vn 0.556741 -0.076358 -0.827169
vn 0.267776 -0.127286 -0.955036
vn 0.261566 -0.076306 -0.962165
vn -0.000572 -0.125425 -0.992103
vn -0.006905 -0.073304 -0.997286
vn -0.267764 -0.127053 -0.955071
vn -0.265941 -0.070999 -0.961371
vn -0.557355 -0.127330 -0.820453
vn -0.552720 -0.072553 -0.830202
vn -0.792790 -0.124456 -0.596653
vn -0.792256 -0.072777 -0.605833
vn -0.993372 -0.114940 -0.001227
vn -0.942219 -0.121955 -0.312010
vn -0.945459 -0.108264 0.307224
vn -0.804599 -0.102420 0.584920
vn -0.584947 -0.097767 0.805158
vn -0.307393 -0.094711 0.946858
vn 0.000356 -0.093494 0.995620
vn 0.307741 -0.094441 0.946771
vn 0.584967 -0.097411 0.805186
vn 0.804628 -0.102061 0.584942
vn 0.945483 -0.107911 0.307275
vn 0.993410 -0.114611 -0.001160
vn 0.942276 -0.121655 -0.311956
vn 0.794351 -0.127294 -0.593972
vn 0.564407 -0.128968 -0.815360
vn 0.280123 -0.125260 -0.951757
vn -0.000068 -0.121937 -0.992538
vn -0.280122 -0.125224 -0.951762
vn -0.564120 -0.129018 -0.815551
vn -0.794143 -0.127512 -0.594203
vn -0.931864 -0.194531 -0.306247
vn -0.789900 -0.192518 -0.582233
vn -0.571036 -0.185419 -0.799711
vn -0.298070 -0.175548 -0.938263
vn -0.000000 -0.171757 -0.985139
vn 0.298070 -0.175548 -0.938263
vn 0.571036 -0.185420 -0.799711
vn 0.789900 -0.192519 -0.582232
vn 0.931863 -0.194531 -0.306248
vn 0.981440 -0.191771 0.000186
vn 0.933868 -0.186416 0.305188
vn 0.794695 -0.181157 0.579346
vn 0.577694 -0.176945 0.796843
vn 0.303865 -0.174384 0.936620
vn -0.000000 -0.173437 0.984845
vn -0.303865 -0.174384 0.936620
vn -0.577695 -0.176945 0.796843
vn -0.794696 -0.181157 0.579345
vn -0.933868 -0.186415 0.305188
vn -0.981440 -0.191771 0.000187
vn -0.043843 -0.998952 -0.013127
vn 0.000000 -0.999979 0.006515
vn -0.048789 -0.998789 -0.006367
vn -0.034636 -0.999165 -0.021648
vn -0.020802 -0.999351 -0.029400
vn -0.000000 -0.999455 -0.033021
vn 0.020802 -0.999351 -0.029401
vn 0.034636 -0.999166 -0.021647
vn 0.043843 -0.998952 -0.013125
vn 0.048789 -0.998789 -0.006365
vn 0.050569 -0.998718 0.002055
vn 0.048395 -0.998705 0.015713
vn 0.041136 -0.998707 0.029877
vn 0.029869 -0.998708 0.041103
vn 0.015697 -0.998709 0.048300
vn 0.000000 -0.998710 0.050779
vn -0.015697 -0.998709 0.048300
vn -0.029869 -0.998708 0.041101
vn -0.041136 -0.998707 0.029875
vn -0.048395 -0.998705 0.015712
vn -0.050569 -0.998718 0.002054
vn 0.021775 0.999740 0.006818
vn -0.000643 0.999998 -0.001989
vn 0.016849 0.999713 0.017038
vn 0.009173 0.999674 0.023826
vn 0.003918 0.999648 0.026242
vn 0.002852 0.999635 0.026883
vn -0.003083 0.999660 0.025903
vn -0.012822 0.999683 0.021675
vn -0.019663 0.999705 0.014271
vn -0.023632 0.999705 0.005568
vn -0.024073 0.999708 -0.002285
vn -0.022021 0.999717 -0.009009
vn -0.018449 0.999723 -0.014597
vn -0.013539 0.999726 -0.019112
vn -0.007215 0.999726 -0.022255
vn -0.000415 0.999730 -0.023232
vn 0.006365 0.999741 -0.021829
vn 0.012344 0.999744 -0.018953
vn 0.016558 0.999740 -0.015681
vn 0.020087 0.999745 -0.010334
vn 0.022534 0.999742 -0.002787
vn -0.993174 0.116134 -0.010873
vn -0.958771 0.284138 0.004772
vn -0.922008 0.301810 -0.242513
vn -0.944762 0.112747 -0.307753
vn -0.949100 0.103181 0.297595
vn -0.919341 0.255008 0.299639
vn -0.813523 0.085754 0.575175
vn -0.791125 0.225955 0.568388
vn -0.595870 0.067495 0.800239
vn -0.581393 0.200552 0.788518
vn -0.404989 0.057764 0.912495
vn -0.367830 0.205081 0.906997
vn -0.102149 0.064321 0.992687
vn -0.064459 0.247012 0.966866
vn 0.325111 0.071782 0.942948
vn 0.312935 0.265998 0.911766
vn 0.608865 0.081111 0.789117
vn 0.586598 0.264622 0.765427
vn 0.822134 0.093525 0.561559
vn 0.793223 0.265113 0.548190
vn 0.951422 0.105804 0.289141
vn 0.918780 0.271136 0.286931
vn 0.993248 0.115706 -0.008415
vn 0.958469 0.285191 0.001769
vn 0.948652 0.111970 -0.295842
vn 0.924246 0.298542 -0.237995
vn 0.802366 0.100711 -0.588274
vn 0.795766 0.313981 -0.517853
vn 0.548194 0.094346 -0.831013
vn 0.528903 0.329795 -0.781982
vn 0.245859 0.093035 -0.964830
vn 0.239577 0.335943 -0.910904
vn -0.031127 0.091057 -0.995359
vn -0.017843 0.330683 -0.943573
vn -0.268348 0.089050 -0.959197
vn -0.253089 0.319172 -0.913277
vn -0.533934 0.090942 -0.840621
vn -0.521973 0.316476 -0.792078
vn -0.791271 0.099983 -0.603235
vn -0.790198 0.311605 -0.527722
vn -0.759921 -0.348202 -0.548885
vn -0.888723 -0.355948 -0.288916
vn -0.063034 -0.997958 -0.010285
vn -0.055503 -0.998234 -0.021169
vn -0.557738 -0.342237 -0.756176
vn -0.042830 -0.998539 -0.032958
vn -0.300264 -0.343354 -0.889915
vn -0.024383 -0.998763 -0.043342
vn 0.000000 -0.346801 -0.937939
vn -0.000000 -0.998839 -0.048178
vn 0.300265 -0.343355 -0.889915
vn 0.024383 -0.998763 -0.043343
vn 0.557738 -0.342238 -0.756175
vn 0.042830 -0.998539 -0.032957
vn 0.759921 -0.348202 -0.548885
vn 0.055503 -0.998234 -0.021169
vn 0.888722 -0.355949 -0.288917
vn 0.063034 -0.997958 -0.010283
vn 0.932594 -0.360927 -0.000725
vn 0.065955 -0.997820 0.002449
vn 0.886496 -0.362263 0.287906
vn 0.063150 -0.997793 0.020541
vn 0.754053 -0.362229 0.547899
vn 0.053669 -0.997796 0.039017
vn 0.548021 -0.362235 0.753962
vn 0.038964 -0.997799 0.053655
vn 0.288188 -0.362417 0.886342
vn 0.020475 -0.997801 0.063038
vn -0.000000 -0.362494 0.931986
vn -0.000000 -0.997802 0.066270
vn -0.288188 -0.362417 0.886342
vn -0.020475 -0.997801 0.063037
vn -0.548021 -0.362235 0.753962
vn -0.038964 -0.997799 0.053652
vn -0.754053 -0.362229 0.547899
vn -0.053669 -0.997796 0.039014
vn -0.886496 -0.362263 0.287907
vn -0.063150 -0.997793 0.020539
vn -0.932594 -0.360926 -0.000723
vn -0.065955 -0.997820 0.002447
vn 0.015920 0.999746 0.015983
vn 0.020131 0.999774 0.006875
vn -0.887726 0.403345 -0.221937
vn -0.717488 0.529698 -0.452361
vn 0.008742 0.999722 0.021878
vn -0.454350 0.596589 -0.661549
vn 0.003591 0.999711 0.023764
vn -0.207351 0.611808 -0.763346
vn 0.002345 0.999701 0.024357
vn 0.001083 0.611280 -0.791413
vn -0.003426 0.999704 0.024096
vn 0.207366 0.611663 -0.763457
vn -0.012137 0.999716 0.020503
vn 0.452852 0.596718 -0.662460
vn -0.018269 0.999742 0.013493
vn 0.716707 0.529797 -0.453483
vn -0.021657 0.999751 0.005360
vn 0.887616 0.403123 -0.222777
vn -0.021540 0.999767 -0.001561
vn 0.935762 0.352594 -0.005125
vn -0.019085 0.999790 -0.007400
vn 0.888493 0.372242 0.268358
vn -0.015602 0.999804 -0.012159
vn 0.752019 0.418190 0.509495
vn -0.011326 0.999811 -0.015826
vn 0.541216 0.472729 0.695422
vn -0.005997 0.999812 -0.018424
vn 0.281536 0.515278 0.809460
vn -0.000597 0.999817 -0.019137
vn -0.001161 0.530810 0.847490
vn 0.004981 0.999830 -0.017742
vn -0.282601 0.514327 0.809694
vn 0.010052 0.999830 -0.015439
vn -0.541634 0.471840 0.695701
vn 0.013752 0.999821 -0.013002
vn -0.752658 0.417453 0.509155
vn 0.017354 0.999812 -0.008675
vn -0.888669 0.371951 0.268177
vn 0.020179 0.999794 -0.001960
vn -0.935659 0.352870 -0.004925
vn -0.945406 -0.005001 -0.325856
vn -0.999993 0.000449 -0.003731
vn -0.950984 0.007144 0.309157
vn -0.808906 0.013397 0.587785
vn -0.587671 0.018334 0.808892
vn -0.377108 0.010888 0.926105
vn -0.076826 -0.007505 0.997016
vn 0.318133 -0.015774 0.947915
vn 0.600266 -0.010195 0.799736
vn 0.817932 -0.003834 0.575302
vn 0.953881 0.000270 0.300185
vn 0.999993 0.000248 -0.003634
vn 0.948518 -0.003593 -0.316703
vn 0.794837 -0.009028 -0.606756
vn 0.552257 -0.013521 -0.833564
vn 0.251940 -0.014841 -0.967629
vn -0.023555 -0.011126 -0.999661
vn -0.268155 -0.006666 -0.963353
vn -0.540686 -0.006720 -0.841198
vn -0.785564 -0.007418 -0.618736
vn -0.998314 -0.057708 -0.006304
vn -0.994655 0.103192 -0.003611
vn -0.960854 0.101160 -0.257927
vn -0.950571 -0.066201 -0.303368
vn -0.952041 -0.054086 0.301153
vn -0.950518 0.088903 0.297678
vn -0.813052 -0.053007 0.579772
vn -0.817102 0.070322 0.572188
vn -0.593195 -0.054036 0.803244
vn -0.601190 0.051293 0.797459
vn -0.312887 -0.055612 0.948161
vn -0.319420 0.036894 0.946895
vn -0.000000 -0.056332 0.998412
vn -0.000000 0.031496 0.999504
vn 0.312887 -0.055613 0.948161
vn 0.319420 0.036894 0.946895
vn 0.593194 -0.054036 0.803244
vn 0.601189 0.051293 0.797459
vn 0.813052 -0.053007 0.579773
vn 0.817102 0.070322 0.572189
vn 0.952041 -0.054086 0.301153
vn 0.950518 0.088903 0.297678
vn 0.998314 -0.057708 -0.006305
vn 0.994655 0.103192 -0.003612
vn 0.950571 -0.066201 -0.303369
vn 0.960853 0.101160 -0.257928
vn 0.805904 -0.076175 -0.587125
vn 0.827360 0.088133 -0.554714
vn 0.567874 -0.076667 -0.819537
vn 0.555535 0.078686 -0.827761
vn 0.281446 -0.068413 -0.957135
vn 0.258168 0.076384 -0.963076
vn 0.000000 -0.062914 -0.998019
vn -0.000000 0.075157 -0.997172
vn -0.281446 -0.068413 -0.957135
vn -0.258168 0.076384 -0.963076
vn -0.567874 -0.076667 -0.819537
vn -0.555535 0.078686 -0.827761
vn -0.805904 -0.076175 -0.587125
vn -0.827360 0.088133 -0.554714
vn -0.993571 -0.113100 0.005010
vn -0.948062 -0.125752 -0.292172
vn -0.946130 -0.096678 0.309017
vn -0.805527 -0.080833 0.587020
vn -0.585593 -0.068245 0.807727
vn -0.307957 -0.060143 0.949497
vn -0.000000 -0.057347 0.998354
vn 0.307958 -0.060143 0.949497
vn 0.585593 -0.068245 0.807727
vn 0.805527 -0.080833 0.587020
vn 0.946130 -0.096678 0.309017
vn 0.993571 -0.113101 0.005010
vn 0.948062 -0.125752 -0.292173
vn 0.816668 -0.130978 -0.562048
vn 0.606842 -0.127396 -0.784546
vn 0.333480 -0.116453 -0.935537
vn -0.000000 -0.109607 -0.993975
vn -0.333480 -0.116453 -0.935537
vn -0.606842 -0.127396 -0.784547
vn -0.816668 -0.130978 -0.562049
vn -0.999295 -0.036088 0.010390
vn -0.960104 -0.040746 -0.276658
vn -0.949667 -0.030583 0.311765
vn -0.807131 -0.025590 0.589818
vn -0.586084 -0.021622 0.809962
vn -0.308017 -0.019005 0.951191
vn -0.000000 -0.018153 0.999835
vn 0.308017 -0.019005 0.951191
vn 0.586083 -0.021622 0.809962
vn 0.807130 -0.025590 0.589819
vn 0.949667 -0.030583 0.311766
vn 0.999295 -0.036088 0.010389
vn 0.960104 -0.040746 -0.276660
vn 0.842544 -0.045081 -0.536738
vn 0.647900 -0.048301 -0.760192
vn 0.382146 -0.049933 -0.922752
vn -0.000000 -0.052526 -0.998619
vn -0.382146 -0.049933 -0.922752
vn -0.647900 -0.048301 -0.760193
vn -0.842544 -0.045081 -0.536738
vn -0.998930 0.045825 0.006202
vn -0.957390 0.049602 -0.284506
vn -0.950210 0.039410 0.309107
vn -0.807942 0.032588 0.588360
vn -0.584911 0.025930 0.810683
vn -0.305508 0.020158 0.951976
vn -0.000074 0.017769 0.999842
vn 0.305439 0.020226 0.951997
vn 0.584963 0.025996 0.810643
vn 0.807969 0.032608 0.588322
vn 0.950210 0.039410 0.309107
vn 0.998930 0.045825 0.006201
vn 0.957390 0.049602 -0.284508
vn 0.835624 0.048731 -0.547136
vn 0.637021 0.042947 -0.769649
vn 0.369792 0.033534 -0.928509
vn -0.000000 0.028914 -0.999582
vn -0.369792 0.033534 -0.928509
vn -0.637020 0.042947 -0.769650
vn -0.835623 0.048731 -0.547137
vn -0.954144 -0.042611 -0.296298
vn -0.823437 -0.043377 -0.565747
vn -0.614043 -0.050267 -0.787670
vn -0.339869 -0.061596 -0.938454
vn -0.000000 -0.070311 -0.997525
vn 0.339869 -0.061596 -0.938454
vn 0.614043 -0.050267 -0.787670
vn 0.823437 -0.043377 -0.565747
vn 0.954144 -0.042611 -0.296300
vn 0.998838 -0.048150 0.001962
vn 0.949968 -0.056492 0.307197
vn 0.806405 -0.064677 0.587816
vn 0.578752 -0.074122 0.812128
vn 0.298263 -0.083392 0.950834
vn -0.000163 -0.087282 0.996184
vn -0.298428 -0.083400 0.950781
vn -0.578841 -0.074305 0.812048
vn -0.806303 -0.064869 0.587935
vn -0.949938 -0.056519 0.307283
vn -0.998838 -0.048150 0.001963
vn -0.045868 -0.998853 -0.013732
vn -0.000000 -0.999977 0.006824
vn -0.051043 -0.998674 -0.006658
vn -0.036237 -0.999086 -0.022649
vn -0.021764 -0.999290 -0.030760
vn -0.000000 -0.999403 -0.034546
vn 0.021764 -0.999290 -0.030760
vn 0.036237 -0.999086 -0.022649
vn 0.045868 -0.998853 -0.013732
vn 0.051043 -0.998674 -0.006658
vn 0.052904 -0.998597 0.002149
vn 0.050629 -0.998582 0.016438
vn 0.042903 -0.998583 0.031472
vn 0.030872 -0.998554 0.044004
vn 0.016052 -0.998516 0.052039
vn 0.000000 -0.998493 0.054886
vn -0.016052 -0.998516 0.052039
vn -0.030925 -0.998553 0.043992
vn -0.042929 -0.998581 0.031505
vn -0.050619 -0.998582 0.016455
vn -0.052904 -0.998597 0.002149
vn -0.000001 1.000000 -0.000001
vn 0.000000 1.000000 0.000000
vn 0.000000 1.000000 0.000001
vn 0.000001 1.000000 -0.000001
vn -0.000000 1.000000 -0.000003
vn -0.000000 1.000000 -0.000003
vn 0.000000 1.000000 -0.000003
vn -0.000001 1.000000 -0.000002
vn -0.000000 1.000000 -0.000001
vn 0.000001 1.000000 -0.000000
vn 0.000001 1.000000 -0.000001
vn 0.000000 1.000000 0.000002
vn -0.000000 1.000000 0.000001
vn 0.000001 1.000000 -0.000001
vn 0.000000 1.000000 0.000001
vn 0.000000 1.000000 0.000001
vn -0.000000 1.000000 -0.000001
vn -0.000001 1.000000 -0.000000
vn 0.000000 1.000000 -0.000001
vn -0.000000 1.000000 -0.000001
vn -0.000001 1.000000 -0.000001
vn -0.789123 -0.276116 -0.548676
vn -0.918860 -0.269928 -0.287810
vn -0.065940 -0.997766 -0.010758
vn -0.058063 -0.998067 -0.022144
vn -0.581890 -0.288853 -0.760242
vn -0.044807 -0.998400 -0.034479
vn -0.313774 -0.305054 -0.899160
vn -0.025509 -0.998646 -0.045344
vn 0.000000 -0.314067 -0.949401
vn -0.000000 -0.998729 -0.050402
vn 0.313774 -0.305054 -0.899159
vn 0.025509 -0.998646 -0.045343
vn 0.581890 -0.288854 -0.760242
vn 0.044807 -0.998401 -0.034479
vn 0.789123 -0.276115 -0.548676
vn 0.058063 -0.998067 -0.022144
vn 0.918860 -0.269927 -0.287811
vn 0.065940 -0.997766 -0.010758
vn 0.962630 -0.270819 0.001182
vn 0.068994 -0.997614 0.002560
vn 0.914774 -0.275514 0.295432
vn 0.066059 -0.997584 0.021487
vn 0.773745 -0.282298 0.567122
vn 0.056130 -0.997575 0.041155
vn 0.549287 -0.290588 0.783480
vn 0.040744 -0.997509 0.057575
vn 0.279412 -0.296680 0.913187
vn 0.021453 -0.997410 0.068649
vn -0.000163 -0.298358 0.954454
vn -0.000000 -0.997364 0.072556
vn -0.279587 -0.296407 0.913222
vn -0.021453 -0.997410 0.068648
vn -0.549759 -0.290714 0.783103
vn -0.040811 -0.997507 0.057561
vn -0.773673 -0.282776 0.566982
vn -0.056199 -0.997570 0.041188
vn -0.914618 -0.275763 0.295684
vn -0.066070 -0.997583 0.021512
vn -0.962630 -0.270819 0.001183
vn -0.068994 -0.997614 0.002560
vn -0.000000 1.000000 0.000000
vn -0.000001 1.000000 0.000000
vn -0.921392 0.311305 -0.232650
vn -0.760902 0.431449 -0.484644
vn -0.825726 0.235695 -0.512468
vn -0.950665 0.214532 -0.224082
vn 0.000000 1.000000 -0.000002
vn -0.487549 0.499365 -0.716191
vn -0.542967 0.247700 -0.802391
vn -0.000001 1.000000 -0.000005
vn -0.222964 0.515268 -0.827518
vn -0.250530 0.250293 -0.935194
vn -0.000000 1.000000 -0.000005
vn -0.000000 0.515140 -0.857106
vn -0.000000 0.250490 -0.968119
vn 0.000001 1.000000 -0.000005
vn 0.222965 0.515269 -0.827517
vn 0.250530 0.250293 -0.935194
vn -0.000000 1.000000 -0.000004
vn 0.487549 0.499365 -0.716191
vn 0.542968 0.247700 -0.802391
vn 0.000000 1.000000 -0.000001
vn 0.760902 0.431448 -0.484644
vn 0.825727 0.235695 -0.512468
vn 0.000001 1.000000 0.000000
vn 0.921391 0.311305 -0.232652
vn 0.950665 0.214532 -0.224083
vn 0.000001 1.000000 0.000000
vn 0.964416 0.264348 -0.004623
vn 0.978753 0.205042 -0.001026
vn 0.000001 1.000000 0.000002
vn 0.918021 0.281932 0.278841
vn 0.935540 0.198677 0.292049
vn 0.000000 1.000000 0.000000
vn 0.782111 0.324210 0.532156
vn 0.805233 0.195738 0.559720
vn 0.000001 1.000000 -0.000001
vn 0.567760 0.375488 0.732569
vn 0.593691 0.194891 0.780736
vn 0.000000 1.000000 0.000002
vn 0.297753 0.416392 0.859046
vn 0.316122 0.194888 0.928486
vn 0.000000 1.000000 0.000001
vn -0.000000 0.431874 0.901934
vn -0.000000 0.194953 0.980813
vn -0.000000 1.000000 -0.000001
vn -0.297752 0.416392 0.859047
vn -0.316122 0.194888 0.928486
vn -0.000001 1.000000 -0.000000
vn -0.567761 0.375488 0.732568
vn -0.593691 0.194891 0.780736
vn -0.000000 1.000000 -0.000001
vn -0.782111 0.324210 0.532156
vn -0.805233 0.195738 0.559719
vn -0.000001 1.000000 -0.000002
vn -0.918021 0.281932 0.278841
vn -0.935540 0.198677 0.292049
vn -0.000001 1.000000 0.000000
vn -0.964417 0.264347 -0.004623
vn -0.978753 0.205042 -0.001025
vn -0.350880 -0.868197 -0.350881
vn -0.534761 -0.654266 -0.534759
vn -0.000000 -0.654266 -0.756265
vn -0.000000 -0.868197 -0.496220
vn 0.534760 -0.654266 -0.534760
vn 0.350881 -0.868197 -0.350880
vn 0.756265 -0.654266 0.000000
vn 0.496220 -0.868197 0.000000
vn 0.534760 -0.654266 0.534760
vn 0.350881 -0.868197 0.350881
vn 0.000000 -0.654266 0.756265
vn 0.000000 -0.868197 0.496220
vn -0.534761 -0.654266 0.534759
vn -0.350880 -0.868197 0.350881
vn -0.756265 -0.654265 -0.000000
vn -0.496220 -0.868197 0.000000
vn -0.662410 -0.349894 -0.662410
vn -0.000000 -0.349894 -0.936789
vn 0.662410 -0.349894 -0.662410
vn 0.936789 -0.349894 0.000000
vn 0.662410 -0.349894 0.662410
vn -0.000000 -0.349894 0.936789
vn -0.662410 -0.349894 0.662410
vn -0.936789 -0.349894 -0.000000
vn -0.707106 0.000000 -0.707108
vn -0.000000 0.000000 -1.000000
vn 0.707106 -0.000000 -0.707107
vn 1.000000 -0.000000 0.000000
vn 0.707106 0.000000 0.707107
vn 0.000000 -0.000000 1.000000
vn -0.707106 -0.000000 0.707107
vn -1.000000 0.000000 -0.000000
vn -0.662409 0.349894 -0.662411
vn -0.000000 0.349894 -0.936789
vn 0.662410 0.349894 -0.662410
vn 0.936790 0.349893 0.000001
vn 0.662410 0.349894 0.662410
vn 0.000000 0.349894 0.936789
vn -0.662410 0.349894 0.662410
vn -0.936789 0.349894 -0.000001
vn -0.534761 0.654265 -0.534759
vn 0.000000 0.654266 -0.756264
vn 0.534760 0.654266 -0.534760
vn 0.756265 0.654266 0.000001
vn 0.534760 0.654265 0.534760
vn -0.000000 0.654266 0.756264
vn -0.534760 0.654266 0.534760
vn -0.756265 0.654265 -0.000000
vn -0.350881 0.868198 -0.350877
vn -0.000000 0.868198 -0.496218
vn 0.350881 0.868197 -0.350880
vn 0.496220 0.868197 -0.000000
vn 0.350881 0.868197 0.350880
vn -0.000000 0.868198 0.496218
vn -0.350881 0.868198 0.350877
vn -0.496220 0.868197 0.000000
vn 0.000000 -1.000000 0.000000
vn -0.000000 1.000000 0.000000
vn -0.350881 -0.868196 -0.350881
vn -0.534760 -0.654266 -0.534760
vn 0.000000 -0.654266 -0.756265
vn 0.000000 -0.868196 -0.496221
vn 0.534760 -0.654266 -0.534760
vn 0.350881 -0.868196 -0.350881
vn 0.756440 -0.654063 0.000076
vn 0.496467 -0.868056 0.000176
vn 0.528367 -0.648601 0.547855
vn 0.348605 -0.864992 0.360920
vn 0.000000 -0.639684 0.768638
vn 0.000000 -0.860141 0.510056
vn -0.528367 -0.648601 0.547855
vn -0.348605 -0.864992 0.360920
vn -0.756440 -0.654063 0.000076
vn -0.496467 -0.868056 0.000176
vn -0.662410 -0.349894 -0.662410
vn 0.000000 -0.349894 -0.936789
vn 0.662410 -0.349894 -0.662410
vn 0.936685 -0.350173 -0.000097
vn 0.651552 -0.350004 0.673035
vn 0.000000 -0.346195 0.938162
vn -0.651552 -0.350004 0.673036
vn -0.936685 -0.350173 -0.000097
vn -0.707107 -0.000000 -0.707107
vn 0.000000 -0.000000 -1.000000
vn 0.707107 -0.000000 -0.707107
vn 0.999999 -0.001057 -0.000116
vn 0.697755 -0.010555 0.716259
vn 0.000000 -0.018598 0.999827
vn -0.697755 -0.010554 0.716259
vn -0.999999 -0.001057 -0.000116
vn -0.662410 0.349894 -0.662410
vn -0.000000 0.349894 -0.936789
vn 0.662410 0.349894 -0.662410
vn 0.937104 0.349049 -0.000015
vn 0.658182 0.338309 0.672565
vn -0.000000 0.326778 0.945101
vn -0.658181 0.338309 0.672565
vn -0.937104 0.349050 -0.000015
vn -0.534760 0.654266 -0.534760
vn -0.000000 0.654266 -0.756265
vn 0.534760 0.654266 -0.534760
vn 0.756368 0.654146 -0.000000
vn 0.534496 0.650641 0.539425
vn -0.000000 0.645313 0.763918
vn -0.534496 0.650641 0.539425
vn -0.756368 0.654146 -0.000000
vn -0.350881 0.868197 -0.350881
vn 0.000000 0.868196 -0.496220
vn 0.350881 0.868197 -0.350881
vn 0.496221 0.868196 0.000000
vn 0.350815 0.868096 0.351195
vn 0.000000 0.867770 0.496966
vn -0.350814 0.868096 0.351195
vn -0.496220 0.868197 -0.000000
vn 0.000000 -1.000000 0.000235
vn 0.000000 1.000000 0.000000
vn -0.676636 0.276073 -0.682603
vn -0.931223 0.364128 -0.015321
vn -0.752052 0.657478 -0.046261
vn -0.527153 0.482448 -0.699538
vn -0.515577 0.853178 -0.079168
vn -0.346274 0.603092 -0.718592
vn -0.259701 0.960265 -0.102210
vn -0.168919 0.659709 -0.732292
vn 0.000000 0.993896 -0.110322
vn -0.000000 0.675738 -0.737142
vn 0.259701 0.960265 -0.102210
vn 0.168919 0.659709 -0.732291
vn 0.515577 0.853178 -0.079168
vn 0.346274 0.603092 -0.718592
vn 0.752052 0.657478 -0.046261
vn 0.527153 0.482448 -0.699538
vn 0.924886 0.379898 -0.016236
vn 0.669474 0.287204 -0.685068
vn 0.979032 0.203680 -0.003285
vn 0.722820 0.164963 -0.671058
vn -0.732505 0.152605 -0.663437
vn -0.982659 0.185406 -0.002441
vn -0.001837 0.178849 -0.983875
vn -0.724880 0.174164 0.666495
vn -0.596888 0.138428 0.790293
vn -0.522866 0.273654 0.807294
vn -0.638478 0.345596 0.687684
vn -0.395278 0.393153 0.830172
vn -0.485992 0.499750 0.716981
vn -0.215244 0.479448 0.850764
vn -0.266246 0.613093 0.743795
vn 0.000000 0.511603 0.859222
vn 0.000000 0.655829 0.754909
vn 0.215245 0.479448 0.850764
vn 0.266246 0.613092 0.743795
vn 0.395278 0.393153 0.830172
vn 0.485993 0.499750 0.716981
vn 0.522866 0.273654 0.807294
vn 0.638478 0.345597 0.687684
vn 0.598591 0.132442 0.790030
vn 0.726187 0.168593 0.666505
vn 0.618470 0.063866 0.783208
vn 0.749441 0.081029 0.657094
vn -0.749626 0.086499 0.656185
vn -0.618344 0.069454 0.782832
vn -0.986554 0.163322 -0.006001
vn -0.948662 0.315410 -0.023584
vn 0.944859 0.326593 -0.024046
vn 0.984505 0.175259 -0.005760
vn 0.799938 0.596038 -0.069557
vn 0.572878 0.809893 -0.126033
vn 0.296851 0.939491 -0.170986
vn 0.000000 0.982196 -0.187860
vn -0.296851 0.939491 -0.170986
vn -0.572878 0.809893 -0.126033
vn -0.799937 0.596038 -0.069557
vn -0.986116 0.139493 -0.090091
vn -0.952143 0.282800 -0.115961
vn 0.950728 0.287189 -0.116788
vn 0.985238 0.144211 -0.092241
vn 0.820039 0.544569 -0.176014
vn 0.603015 0.758839 -0.246041
vn 0.319500 0.899050 -0.299381
vn 0.000000 0.947800 -0.318865
vn -0.319500 0.899050 -0.299381
vn -0.603014 0.758840 -0.246041
vn -0.820039 0.544569 -0.176014
vn -0.981052 0.125600 -0.147515
vn -0.955915 0.250570 -0.153106
vn 0.956536 0.249168 -0.151507
vn 0.981822 0.124316 -0.143424
vn 0.850241 0.499509 -0.166076
vn 0.657021 0.731769 -0.181212
vn 0.365411 0.910295 -0.194520
vn 0.000000 0.979789 -0.200036
vn -0.365411 0.910295 -0.194520
vn -0.657021 0.731769 -0.181212
vn -0.850241 0.499509 -0.166076
vn -0.988267 0.123832 0.089412
vn -0.962986 0.253452 0.091759
vn 0.963995 0.248865 0.093696
vn 0.988252 0.119167 0.095698
vn 0.858907 0.503903 0.091433
vn 0.665936 0.740091 0.093778
vn 0.371379 0.923393 0.097073
vn 0.000000 0.995121 0.098662
vn -0.371379 0.923393 0.097073
vn -0.665936 0.740091 0.093778
vn -0.858907 0.503903 0.091433
vn -0.889066 0.106333 0.445258
vn -0.864422 0.213882 0.455005
vn 0.866054 0.208319 0.454482
vn 0.890045 0.100945 0.444557
vn 0.768865 0.427452 0.475532
vn 0.593953 0.626868 0.504239
vn 0.330167 0.780129 0.531403
vn 0.000000 0.839754 0.542966
vn -0.330167 0.780129 0.531403
vn -0.593953 0.626868 0.504239
vn -0.768865 0.427453 0.475532
vn 0.012603 0.174677 0.984545
vn 0.012034 -0.999924 -0.002827
vn 0.012035 -0.999924 -0.002827
vn 0.010553 -0.999882 -0.011177
vn 0.010553 -0.999882 -0.011177
vn 0.010432 -0.999937 0.004074
vn 0.010432 -0.999937 0.004074
vn 0.005793 -0.999951 0.008039
vn 0.005793 -0.999951 0.008039
vn -0.002446 -0.999871 0.015846
vn -0.002446 -0.999871 0.015846
vn -0.007293 -0.999903 0.011887
vn -0.007293 -0.999903 0.011886
vn -0.010504 -0.999932 -0.005042
vn -0.010504 -0.999932 -0.005042
vn -0.011955 -0.999928 -0.001107
vn -0.011955 -0.999928 -0.001107
vn -0.016187 -0.999869 -0.000183
vn -0.016186 -0.999869 -0.000181
vn -0.023465 -0.998205 -0.055102
vn -0.350881 -0.868196 -0.350883
vn -0.534760 -0.654265 -0.534761
vn -0.000000 -0.654265 -0.756265
vn 0.000000 -0.868196 -0.496222
vn 0.534760 -0.654265 -0.534760
vn 0.350881 -0.868196 -0.350882
vn 0.756265 -0.654266 0.000000
vn 0.496221 -0.868196 0.000000
vn 0.534760 -0.654265 0.534760
vn 0.350882 -0.868196 0.350882
vn 0.000000 -0.654265 0.756265
vn 0.000000 -0.868196 0.496221
vn -0.534760 -0.654265 0.534760
vn -0.350881 -0.868196 0.350882
vn -0.756265 -0.654265 0.000000
vn -0.496221 -0.868196 -0.000000
vn -0.662410 -0.349894 -0.662410
vn -0.000000 -0.349894 -0.936789
vn 0.662410 -0.349894 -0.662410
vn 0.936789 -0.349894 -0.000000
vn 0.662410 -0.349894 0.662410
vn -0.000000 -0.349894 0.936789
vn -0.662410 -0.349894 0.662410
vn -0.936789 -0.349894 -0.000000
vn -0.707107 -0.000000 -0.707107
vn -0.000000 -0.000000 -1.000000
vn 0.707107 -0.000000 -0.707107
vn 1.000000 0.000000 -0.000000
vn 0.707106 0.000000 0.707107
vn -0.000000 0.000000 1.000000
vn -0.707107 0.000000 0.707107
vn -1.000000 -0.000000 -0.000000
vn -0.662410 0.349894 -0.662410
vn -0.000000 0.349894 -0.936789
vn 0.662410 0.349894 -0.662410
vn 0.936789 0.349894 -0.000000
vn 0.662410 0.349894 0.662410
vn -0.000000 0.349894 0.936789
vn -0.662410 0.349894 0.662410
vn -0.936789 0.349894 -0.000000
vn -0.534760 0.654266 -0.534759
vn -0.000000 0.654267 -0.756264
vn 0.534760 0.654266 -0.534759
vn 0.756265 0.654266 -0.000000
vn 0.534760 0.654266 0.534759
vn 0.000000 0.654267 0.756264
vn -0.534760 0.654266 0.534759
vn -0.756265 0.654266 -0.000000
vn -0.350881 0.868197 -0.350879
vn -0.000000 0.868198 -0.496218
vn 0.350881 0.868197 -0.350881
vn 0.496220 0.868197 -0.000000
vn 0.350881 0.868197 0.350881
vn -0.000000 0.868198 0.496218
vn -0.350881 0.868197 0.350879
vn -0.496220 0.868197 0.000000
vn 0.000000 -1.000000 -0.000000
vn 0.000000 1.000000 0.000000
s 1
g pSphere4
usemtl initialShadingGroup
f 1/63/1 2/65/2 11/3/3 10/2/4
f 2/65/2 3/67/5 12/4/6 11/3/3
f 3/67/5 4/69/7 13/5/8 12/4/6
f 4/69/7 5/71/9 14/6/10 13/5/8
f 5/71/9 6/73/11 15/7/12 14/6/10
f 6/73/11 7/79/13 16/83/14 15/7/12
f 8/99/15 9/76/16 18/8/17 17/82/18
f 9/76/16 1/1/1 10/9/4 18/8/17
f 10/2/4 11/3/3 20/11/19 19/10/20
f 11/3/3 12/4/6 21/12/21 20/11/19
f 12/4/6 13/5/8 22/13/22 21/12/21
f 13/5/8 14/6/10 23/14/23 22/13/22
f 14/6/10 15/7/12 24/15/24 23/14/23
f 15/7/12 16/83/14 25/122/25 24/15/24
f 17/82/18 18/8/17 27/16/26 26/102/27
f 18/8/17 10/9/4 19/17/20 27/16/26
f 19/10/20 20/11/19 29/19/28 28/18/29
f 20/11/19 21/12/21 30/20/30 29/19/28
f 21/12/21 22/13/22 31/21/31 30/20/30
f 22/13/22 23/14/23 32/22/32 31/21/31
f 23/14/23 24/15/24 33/23/33 32/22/32
f 24/15/24 25/122/25 34/85/34 33/23/33
f 26/102/27 27/16/26 36/24/35 35/104/36
f 27/16/26 19/17/20 28/25/29 36/24/35
f 28/18/29 29/19/28 38/27/37 37/26/38
f 29/19/28 30/20/30 39/28/39 38/27/37
f 30/20/30 31/21/31 40/29/40 39/28/39
f 31/21/31 32/22/32 41/30/41 40/29/40
f 32/22/32 33/23/33 42/31/42 41/30/41
f 33/23/33 34/85/34 43/32/43 42/31/42
f 35/104/36 36/24/35 48/34/44 47/33/45
f 36/24/35 28/25/29 37/35/38 48/34/44
f 37/26/38 38/27/37 49/36/46
f 38/27/37 39/28/39 49/37/46
f 39/28/39 40/29/40 49/38/46
f 40/29/40 41/30/41 49/39/46
f 41/30/41 42/31/42 49/40/46
f 42/31/42 43/32/43 49/41/46
f 43/32/43 44/88/47 49/42/46
f 44/88/47 45/89/48 49/43/46
f 45/89/48 46/91/49 49/44/46
f 46/91/49 47/33/45 49/45/46
f 47/33/45 48/34/44 49/46/46
f 48/34/44 37/35/38 49/47/46
f 62/48/50 63/50/51 65/51/52 64/62/53
f 63/49/51 62/75/50 83/74/54 84/60/55
f 64/62/53 65/51/52 67/52/56 66/64/57
f 66/64/57 67/52/56 69/53/58 68/66/59
f 68/66/59 69/53/58 71/54/60 70/68/61
f 70/68/61 71/54/60 73/55/62 72/70/63
f 72/70/63 73/55/62 75/56/64 74/72/65
f 74/72/65 75/56/64 77/57/66 76/93/67
f 79/97/68 80/58/69 82/59/70 81/98/71
f 81/98/71 82/59/70 84/60/55 83/74/54
f 65/51/52 63/50/51 50/130/72 61/132/73
f 67/52/56 65/51/52 61/132/73 60/134/74
f 69/53/58 67/52/56 60/134/74 59/136/75
f 71/54/60 69/53/58 59/136/75 58/138/76
f 73/55/62 71/54/60 58/138/76 57/140/77
f 75/56/64 73/55/62 57/140/77 56/142/78
f 77/57/66 75/56/64 56/142/78 55/144/79
f 78/92/80 77/57/66 55/144/79 54/146/81
f 80/58/69 78/92/80 54/146/81 53/148/82
f 82/59/70 80/58/69 53/148/82 52/150/83
f 84/60/55 82/59/70 52/150/83 51/152/84
f 63/49/51 84/60/55 51/152/84 50/61/72
f 62/48/50 64/62/53 2/65/2 1/63/1
f 64/62/53 66/64/57 3/67/5 2/65/2
f 66/64/57 68/66/59 4/69/7 3/67/5
f 68/66/59 70/68/61 5/71/9 4/69/7
f 70/68/61 72/70/63 6/73/11 5/71/9
f 72/70/63 74/72/65 7/79/13 6/73/11
f 81/98/71 83/74/54 9/76/16 8/99/15
f 83/74/54 62/75/50 1/1/1 9/76/16
f 90/77/85 91/86/86 97/123/87 96/111/88
f 91/86/86 90/77/85 93/110/89 92/87/90
f 92/87/90 93/110/89 95/78/91 94/90/92
f 94/90/92 95/78/91 98/105/93 99/124/94
f 96/111/88 97/123/87 100/84/95 101/112/96
f 99/124/94 98/105/93 103/106/97 102/103/98
f 101/112/96 100/84/95 116/80/99 117/115/100
f 102/103/98 103/106/97 105/107/101 104/101/102
f 104/101/102 105/107/101 107/108/103 106/81/104
f 106/81/104 107/108/103 109/109/105 108/100/106
f 108/100/106 109/109/105 111/120/107 110/96/108
f 110/96/108 111/120/107 113/119/109 112/95/110
f 112/95/110 113/119/109 115/117/111 114/94/112
f 114/94/112 115/117/111 117/115/100 116/80/99
f 7/79/13 114/94/112 116/80/99 16/83/14
f 104/101/102 106/81/104 8/99/15 17/82/18
f 16/83/14 116/80/99 100/84/95 25/122/25
f 34/85/34 97/123/87 91/86/86
f 34/85/34 91/86/86 44/88/47 43/32/43
f 91/86/86 92/87/90 45/89/48 44/88/47
f 92/87/90 94/90/92 46/91/49 45/89/48
f 94/90/92 35/104/36 47/33/45 46/91/49
f 76/93/67 77/57/66 78/92/80 110/96/108
f 110/96/108 78/92/80 80/58/69 79/97/68
f 74/72/65 112/95/110 114/94/112 7/79/13
f 108/100/106 79/97/68 81/98/71
f 106/81/104 108/100/106 81/98/71 8/99/15
f 102/103/98 104/101/102 17/82/18 26/102/27
f 99/124/94 102/103/98 26/102/27 35/104/36
f 85/113/113 86/114/114 103/106/97 98/105/93
f 105/107/101 103/106/97 86/114/114 87/116/115
f 107/108/103 105/107/101 87/116/115 88/118/116
f 109/109/105 107/108/103 88/118/116 89/121/117
f 111/120/107 109/109/105 89/121/117
f 93/110/89 85/113/113 98/105/93 95/78/91
f 96/111/88 85/113/113 93/110/89 90/77/85
f 96/111/88 101/112/96 86/114/114 85/113/113
f 87/116/115 86/114/114 101/112/96 117/115/100
f 88/118/116 87/116/115 117/115/100 115/117/111
f 89/121/117 88/118/116 115/117/111 113/119/109
f 111/120/107 89/121/117 113/119/109
f 25/122/25 100/84/95 97/123/87 34/85/34
f 99/124/94 35/104/36 94/90/92
f 112/95/110 76/93/67 110/96/108
f 112/95/110 74/72/65 76/93/67
f 108/100/106 110/96/108 79/97/68
f 118/125/118 119/159/119 121/157/120 120/129/121
f 119/126/119 118/151/118 141/149/122 140/162/123
f 120/129/121 121/157/120 123/153/124 122/131/125
f 122/131/125 123/153/124 125/155/126 124/133/127
f 124/133/127 125/155/126 127/161/128 126/135/129
f 126/135/129 127/161/128 128/127/130 129/137/131
f 129/137/131 128/127/130 131/156/132 130/139/133
f 130/139/133 131/156/132 133/154/134 132/141/135
f 132/141/135 133/154/134 135/158/136 134/143/137
f 134/143/137 135/158/136 137/160/138 136/145/139
f 136/145/139 137/160/138 139/128/140 138/147/141
f 138/147/141 139/128/140 140/162/123 141/149/122
f 120/129/121 61/132/73 50/130/72 118/125/118
f 122/131/125 60/134/74 61/132/73 120/129/121
f 124/133/127 59/136/75 60/134/74 122/131/125
f 126/135/129 58/138/76 59/136/75 124/133/127
f 129/137/131 57/140/77 58/138/76 126/135/129
f 130/139/133 56/142/78 57/140/77 129/137/131
f 132/141/135 55/144/79 56/142/78 130/139/133
f 134/143/137 54/146/81 55/144/79 132/141/135
f 136/145/139 53/148/82 54/146/81 134/143/137
f 138/147/141 52/150/83 53/148/82 136/145/139
f 141/149/122 51/152/84 52/150/83 138/147/141
f 118/151/118 50/61/72 51/152/84 141/149/122
f 125/155/126 123/153/124 135/158/136 133/154/134
f 127/161/128 125/155/126 133/154/134 131/156/132
f 123/153/124 121/157/120 137/160/138 135/158/136
f 121/157/120 119/159/119 139/128/140 137/160/138
f 128/127/130 127/161/128 131/156/132
f 140/162/123 139/163/140 119/164/119
s 7
f 170/165/142 169/166/143 173/167/144 172/168/145
f 183/169/146 182/170/147 186/171/148 185/172/149
f 164/173/150 241/174/151 240/175/152 163/176/153 144/177/154
f 171/178/155 174/179/156 155/180/157 156/181/158
f 174/179/156 177/182/159 154/183/160 155/180/157
f 177/182/159 245/184/161 244/185/162 153/186/163 154/183/160
f 184/187/164 187/188/165 145/189/166 146/190/167
f 187/188/165 164/191/150 144/192/154 145/189/166
f 168/193/168 166/194/169 142/195/170
f 169/166/143 217/196/171 142/195/170
f 173/167/144 169/166/143 142/195/170
f 176/197/172 173/167/144 142/195/170
f 179/198/173 176/197/172 142/195/170
f 181/199/174 179/198/173 142/195/170
f 182/170/147 202/200/175 142/195/170
f 186/171/148 182/170/147 142/195/170
f 189/201/176 186/171/148 142/195/170
f 166/194/169 189/201/176 142/195/170
f 190/202/177 181/199/174 142/195/170
f 193/203/178 190/202/177 142/195/170
f 196/204/179 193/203/178 142/195/170
f 199/205/180 196/204/179 142/195/170
f 202/200/175 199/205/180 142/195/170
f 205/206/181 168/193/168 142/195/170
f 208/207/182 205/206/181 142/195/170
f 211/208/183 208/207/182 142/195/170
f 214/209/184 211/208/183 142/195/170
f 217/196/171 214/209/184 142/195/170
f 164/173/150 165/210/185 167/211/186 242/212/187 241/174/151
f 165/213/185 166/194/169 168/193/168 167/214/186
f 169/166/143 170/165/142 218/215/188 217/196/171
f 170/216/142 253/217/189 252/218/190 219/219/191 218/215/188
f 171/178/155 172/220/145 175/221/192 174/179/156
f 172/168/145 173/167/144 176/197/172 175/222/192
f 174/179/156 175/221/192 178/223/193 177/182/159
f 175/222/192 176/197/172 179/198/173 178/224/193
f 177/182/159 178/223/193 180/225/194 246/226/195 245/184/161
f 178/224/193 179/198/173 181/199/174 180/227/194
f 182/170/147 183/169/146 203/228/196 202/200/175
f 183/229/146 249/230/197 248/231/198 204/232/199 203/228/196
f 184/187/164 185/233/149 188/234/200 187/188/165
f 185/172/149 186/171/148 189/201/176 188/235/200
f 166/194/169 165/213/185 188/235/200 189/201/176
f 165/236/185 164/191/150 187/188/165 188/234/200
f 180/227/194 181/199/174 190/202/177 191/237/201
f 192/238/202 191/237/201 194/239/203 195/240/204
f 191/237/201 190/202/177 193/203/178 194/239/203
f 195/240/204 194/239/203 197/241/205 198/242/206
f 194/239/203 193/203/178 196/204/179 197/241/205
f 198/242/206 197/241/205 200/243/207 201/244/208
f 197/241/205 196/204/179 199/205/180 200/243/207
f 201/244/208 200/243/207 203/228/196 204/232/199
f 200/243/207 199/205/180 202/200/175 203/228/196
f 167/214/186 168/193/168 205/206/181 206/245/209
f 207/246/210 206/245/209 209/247/211 210/248/212
f 206/245/209 205/206/181 208/207/182 209/247/211
f 210/248/212 209/247/211 212/249/213 213/250/214
f 209/247/211 208/207/182 211/208/183 212/249/213
f 213/250/214 212/249/213 215/251/215 216/252/216
f 212/249/213 211/208/183 214/209/184 215/251/215
f 216/252/216 215/251/215 218/215/188 219/219/191
f 215/251/215 214/209/184 217/196/171 218/215/188
f 243/253/217 242/254/187 167/214/186 206/245/209 207/246/210
f 247/255/218 246/256/195 180/227/194 191/237/201 192/238/202
f 250/257/219 249/230/197 183/229/146 185/233/149 184/187/164
f 251/258/220 250/257/219 184/187/164 146/190/167 147/259/221
f 254/260/222 253/217/189 170/216/142 172/220/145 171/178/155
f 255/261/223 254/260/222 171/178/155 156/181/158 157/262/224
f 220/263/225 221/264/226 223/265/227 222/266/228
f 221/267/226 220/263/225 244/185/162 247/268/218
f 222/266/228 223/265/227 225/269/229 224/270/230
f 224/270/230 225/269/229 227/271/231 226/272/232
f 226/272/232 227/271/231 229/273/233 228/274/234
f 228/274/234 229/273/233 248/231/198 251/258/220
f 230/275/235 231/276/236 233/277/237 232/278/238
f 231/279/236 230/275/235 240/175/152 243/280/217
f 232/278/238 233/277/237 235/281/239 234/282/240
f 234/282/240 235/281/239 237/283/241 236/284/242
f 236/284/242 237/283/241 239/285/243 238/286/244
f 238/286/244 239/285/243 252/218/190 255/261/223
f 220/263/225 222/266/228 151/287/245 152/288/246
f 222/266/228 224/270/230 150/289/247 151/287/245
f 224/270/230 226/272/232 149/290/248 150/289/247
f 226/272/232 228/274/234 148/291/249 149/290/248
f 230/275/235 232/278/238 161/292/250 162/293/251
f 232/278/238 234/282/240 160/294/252 161/292/250
f 234/282/240 236/284/242 159/295/253 160/294/252
f 236/284/242 238/286/244 158/296/254 159/295/253
f 240/175/152 230/275/235 162/293/251 163/176/153
f 244/185/162 220/263/225 152/288/246 153/186/163
f 228/274/234 251/258/220 147/259/221 148/291/249
f 238/286/244 255/261/223 157/262/224 158/296/254
f 223/265/227 221/264/226 192/238/202 195/240/204
f 225/269/229 223/265/227 195/240/204 198/242/206
f 227/271/231 225/269/229 198/242/206 201/244/208
f 229/273/233 227/271/231 201/244/208 204/232/199
f 229/273/233 204/232/199 248/231/198
f 221/264/226 247/255/218 192/238/202
f 233/277/237 231/276/236 207/246/210 210/248/212
f 235/281/239 233/277/237 210/248/212 213/250/214
f 237/283/241 235/281/239 213/250/214 216/252/216
f 239/285/243 237/283/241 216/252/216 219/219/191
f 239/285/243 219/219/191 252/218/190
f 231/276/236 243/253/217 207/246/210
f 240/175/152 241/174/151 242/212/187 243/297/217
f 244/185/162 245/184/161 246/226/195 247/298/218
f 248/231/198 249/230/197 250/257/219 251/258/220
f 252/218/190 253/217/189 254/260/222 255/261/223
f 256/299/255 257/300/256 259/301/257 258/302/258
f 257/303/256 256/299/255 294/304/259 295/305/260
f 258/302/258 259/306/257 261/307/261 260/308/262
f 260/308/262 261/309/261 263/310/263 262/311/264
f 262/311/264 263/312/263 265/313/265 264/314/266
f 264/314/266 265/313/265 267/315/267 266/316/268
f 266/316/268 267/317/267 269/318/269 268/319/270
f 268/319/270 269/320/269 271/321/271 270/322/272
f 270/322/272 271/323/271 273/324/273 272/325/274
f 272/325/274 273/326/273 275/327/275 274/328/276
f 274/328/276 275/327/275 277/329/277 276/330/278
f 276/330/278 277/331/277 279/332/279 278/333/280
f 278/333/280 279/334/279 281/335/281 280/336/282
f 280/336/282 281/337/281 283/338/283 282/339/284
f 282/339/284 283/340/283 285/341/285 284/342/286
f 284/342/286 285/341/285 287/343/287 286/344/288
f 286/344/288 287/345/287 289/346/289 288/347/290
f 288/347/290 289/348/289 291/349/291 290/350/292
f 290/350/292 291/351/291 293/352/293 292/353/294
f 292/353/294 293/354/293 295/305/260 294/304/259
f 256/299/255 258/302/258 143/355/295
f 258/302/258 260/308/262 143/355/295
f 260/308/262 262/311/264 143/355/295
f 262/311/264 264/314/266 143/355/295
f 264/314/266 266/316/268 143/355/295
f 266/316/268 268/319/270 143/355/295
f 268/319/270 270/322/272 143/355/295
f 270/322/272 272/325/274 143/355/295
f 272/325/274 274/328/276 143/355/295
f 274/328/276 276/330/278 143/355/295
f 276/330/278 278/333/280 143/355/295
f 278/333/280 280/336/282 143/355/295
f 280/336/282 282/339/284 143/355/295
f 282/339/284 284/342/286 143/355/295
f 284/342/286 286/344/288 143/355/295
f 286/344/288 288/347/290 143/355/295
f 288/347/290 290/350/292 143/355/295
f 290/350/292 292/353/294 143/355/295
f 292/353/294 294/304/259 143/355/295
f 294/304/259 256/299/255 143/355/295
f 145/189/166 144/192/154 257/356/256 295/357/260
f 146/190/167 145/189/166 295/357/260 293/358/293
f 147/259/221 146/190/167 293/358/293 291/359/291
f 148/291/249 147/259/221 291/359/291 289/360/289
f 149/290/248 148/291/249 289/360/289 287/361/287
f 150/289/247 149/290/248 287/361/287 285/362/285
f 151/287/245 150/289/247 285/362/285 283/363/283
f 152/288/246 151/287/245 283/363/283 281/364/281
f 153/186/163 152/288/246 281/364/281 279/365/279
f 154/183/160 153/186/163 279/365/279 277/366/277
f 155/180/157 154/183/160 277/366/277 275/367/275
f 156/181/158 155/180/157 275/367/275 273/368/273
f 157/262/224 156/181/158 273/368/273 271/369/271
f 158/296/254 157/262/224 271/369/271 269/370/269
f 159/295/253 158/296/254 269/370/269 267/371/267
f 160/294/252 159/295/253 267/371/267 265/372/265
f 161/292/250 160/294/252 265/372/265 263/373/263
f 162/293/251 161/292/250 263/373/263 261/374/261
f 163/176/153 162/293/251 261/374/261 259/375/257
f 144/177/154 163/176/153 259/375/257 257/376/256
s 16
f 296/377/296 297/378/297 309/379/298 308/380/299
f 297/378/297 298/381/300 310/382/301 309/379/298
f 298/381/300 299/383/302 311/384/303 310/382/301
f 299/383/302 300/385/304 312/386/305 311/384/303
f 300/385/304 301/387/306 313/388/307 312/386/305
f 301/387/306 302/389/308 314/390/309 313/388/307
f 302/389/308 303/391/310 315/392/311 314/390/309
f 303/391/310 304/393/312 316/394/313 315/392/311
f 304/393/312 305/395/314 317/396/315 316/394/313
f 305/395/314 306/397/316 318/398/317 317/396/315
f 306/397/316 307/399/318 319/400/319 318/398/317
f 307/399/318 296/401/296 308/402/299 319/400/319
f 308/380/299 309/379/298 321/403/320 320/404/321
f 309/379/298 310/382/301 322/405/322 321/403/320
f 310/382/301 311/384/303 323/406/323 322/405/322
f 311/384/303 312/386/305 324/407/324 323/406/323
f 312/386/305 313/388/307 325/408/325 324/407/324
f 313/388/307 314/390/309 326/409/326 325/408/325
f 314/390/309 315/392/311 327/410/327 326/409/326
f 315/392/311 316/394/313 328/411/328 327/410/327
f 316/394/313 317/396/315 329/412/329 328/411/328
f 317/396/315 318/398/317 330/413/330 329/412/329
f 318/398/317 319/400/319 331/414/331 330/413/330
f 319/400/319 308/402/299 320/415/321 331/414/331
f 320/404/321 321/403/320 333/416/332 332/417/333
f 321/403/320 322/405/322 334/418/334 333/416/332
f 322/405/322 323/406/323 335/419/335 334/418/334
f 323/406/323 324/407/324 336/420/336 335/419/335
f 324/407/324 325/408/325 337/421/337 336/420/336
f 325/408/325 326/409/326 338/422/338 337/421/337
f 326/409/326 327/410/327 339/423/339 338/422/338
f 327/410/327 328/411/328 340/424/340 339/423/339
f 328/411/328 329/412/329 341/425/341 340/424/340
f 329/412/329 330/413/330 342/426/342 341/425/341
f 330/413/330 331/414/331 343/427/343 342/426/342
f 331/414/331 320/415/321 332/428/333 343/427/343
f 332/417/333 333/416/332 345/429/344 344/430/345
f 333/416/332 334/418/334 346/431/346 345/429/344
f 334/418/334 335/419/335 347/432/347 346/431/346
f 335/419/335 336/420/336 348/433/348 347/432/347
f 336/420/336 337/421/337 349/434/349 348/433/348
f 337/421/337 338/422/338 350/435/350 349/434/349
f 338/422/338 339/423/339 351/436/351 350/435/350
f 339/423/339 340/424/340 352/437/352 351/436/351
f 340/424/340 341/425/341 353/438/353 352/437/352
f 341/425/341 342/426/342 354/439/354 353/438/353
f 342/426/342 343/427/343 355/440/355 354/439/354
f 343/427/343 332/428/333 344/441/345 355/440/355
f 344/430/345 345/429/344 357/442/356 356/443/357
f 345/429/344 346/431/346 358/444/358 357/442/356
f 346/431/346 347/432/347 359/445/359 358/444/358
f 347/432/347 348/433/348 360/446/360 359/445/359
f 348/433/348 349/434/349 361/447/361 360/446/360
f 349/434/349 350/435/350 362/448/362 361/447/361
f 350/435/350 351/436/351 363/449/363 362/448/362
f 351/436/351 352/437/352 364/450/364 363/449/363
f 352/437/352 353/438/353 365/451/365 364/450/364
f 353/438/353 354/439/354 366/452/366 365/451/365
f 354/439/354 355/440/355 367/453/367 366/452/366
f 355/440/355 344/441/345 356/454/357 367/453/367
f 356/443/357 357/442/356 369/455/368 368/456/369
f 357/442/356 358/444/358 370/457/370 369/455/368
f 358/444/358 359/445/359 371/458/371 370/457/370
f 359/445/359 360/446/360 372/459/372 371/458/371
f 360/446/360 361/447/361 373/460/373 372/459/372
f 361/447/361 362/448/362 374/461/374 373/460/373
f 362/448/362 363/449/363 375/462/375 374/461/374
f 363/449/363 364/450/364 376/463/376 375/462/375
f 364/450/364 365/451/365 377/464/377 376/463/376
f 365/451/365 366/452/366 378/465/378 377/464/377
f 366/452/366 367/453/367 379/466/379 378/465/378
f 367/453/367 356/454/357 368/467/369 379/466/379
f 368/456/369 369/455/368 380/468/380
f 369/455/368 370/457/370 380/469/380
f 370/457/370 371/458/371 380/470/380
f 371/458/371 372/459/372 380/471/380
f 372/459/372 373/460/373 380/472/380
f 373/460/373 374/461/374 380/473/380
f 374/461/374 375/462/375 380/474/380
f 375/462/375 376/463/376 380/475/380
f 376/463/376 377/464/377 380/476/380
f 377/464/377 378/465/378 380/477/380
f 378/465/378 379/466/379 380/478/380
f 379/466/379 368/467/369 380/479/380
f 297/378/297 296/480/296 381/481/381 382/482/382
f 298/381/300 297/483/297 382/484/382 383/485/383
f 299/383/302 298/486/300 383/487/383 384/488/384
f 300/385/304 299/489/302 384/490/384 385/491/385
f 301/387/306 300/492/304 385/493/385 386/494/386
f 302/389/308 301/495/306 386/496/386 387/497/387
f 303/391/310 302/498/308 387/499/387 388/500/388
f 304/393/312 303/501/310 388/502/388 389/503/389
f 305/395/314 304/504/312 389/505/389 390/506/390
f 306/397/316 305/507/314 390/508/390 391/509/391
f 307/399/318 306/510/316 391/511/391 392/512/392
f 296/401/296 307/513/318 392/514/392 381/515/381
f 393/516/393 394/517/394 396/518/395 395/519/396
f 394/520/394 393/521/393 416/522/397 415/523/398
f 395/524/396 396/518/395 398/525/399 397/526/400
f 397/527/400 398/525/399 400/528/401 399/529/402
f 399/530/402 400/531/401 402/532/403 401/533/404
f 401/534/404 402/535/403 403/536/405 404/537/406
f 404/538/406 403/539/405 406/540/407 405/541/408
f 405/542/408 406/543/407 408/544/409 407/545/410
f 407/546/410 408/544/409 410/547/411 409/548/412
f 409/549/412 410/547/411 412/550/413 411/551/414
f 411/552/414 412/553/413 414/554/415 413/555/416
f 413/556/416 414/557/415 415/558/398 416/559/397
f 382/482/382 381/481/381 393/516/393 395/519/396
f 383/485/383 382/484/382 395/524/396 397/526/400
f 384/488/384 383/487/383 397/527/400 399/529/402
f 385/491/385 384/490/384 399/530/402 401/533/404
f 386/494/386 385/493/385 401/534/404 404/537/406
f 387/497/387 386/496/386 404/538/406 405/541/408
f 388/500/388 387/499/387 405/542/408 407/545/410
f 389/503/389 388/502/388 407/546/410 409/548/412
f 390/506/390 389/505/389 409/549/412 411/551/414
f 391/509/391 390/508/390 411/552/414 413/555/416
f 392/512/392 391/511/391 413/556/416 416/559/397
f 381/515/381 392/514/392 416/522/397 393/521/393
f 400/528/401 398/525/399 410/547/411 408/544/409
f 398/525/399 396/518/395 412/550/413 410/547/411
f 396/518/395 394/517/394 414/554/415 412/550/413
f 402/532/403 400/528/401 408/544/409 406/543/407
f 403/536/405 402/560/403 406/561/407
f 415/558/398 414/562/415 394/563/394
s 18
f 417/564/417 418/565/418 430/566/419 429/567/420
f 418/565/418 419/568/421 431/569/422 430/566/419
f 419/568/421 420/570/423 432/571/424 431/569/422
f 420/570/423 421/572/425 433/573/426 432/571/424
f 421/572/425 422/574/427 434/575/428 433/573/426
f 422/574/427 423/576/429 435/577/430 434/575/428
f 423/576/429 424/578/431 436/579/432 435/577/430
f 424/578/431 425/580/433 437/581/434 436/579/432
f 425/580/433 426/582/435 438/583/436 437/581/434
f 426/582/435 427/584/437 439/585/438 438/583/436
f 427/584/437 428/586/439 440/587/440 439/585/438
f 428/586/439 417/588/417 429/589/420 440/587/440
f 429/567/420 430/566/419 442/590/441 441/591/442
f 430/566/419 431/569/422 443/592/443 442/590/441
f 431/569/422 432/571/424 444/593/444 443/592/443
f 432/571/424 433/573/426 445/594/445 444/593/444
f 433/573/426 434/575/428 446/595/446 445/594/445
f 434/575/428 435/577/430 447/596/447 446/595/446
f 435/577/430 436/579/432 448/597/448 447/596/447
f 436/579/432 437/581/434 449/598/449 448/597/448
f 437/581/434 438/583/436 450/599/450 449/598/449
f 438/583/436 439/585/438 451/600/451 450/599/450
f 439/585/438 440/587/440 452/601/452 451/600/451
f 440/587/440 429/589/420 441/602/442 452/601/452
f 441/591/442 442/590/441 454/603/453 453/604/454
f 442/590/441 443/592/443 455/605/455 454/603/453
f 443/592/443 444/593/444 456/606/456 455/605/455
f 444/593/444 445/594/445 457/607/457 456/606/456
f 445/594/445 446/595/446 458/608/458 457/607/457
f 446/595/446 447/596/447 459/609/459 458/608/458
f 447/596/447 448/597/448 460/610/460 459/609/459
f 448/597/448 449/598/449 461/611/461 460/610/460
f 449/598/449 450/599/450 462/612/462 461/611/461
f 450/599/450 451/600/451 463/613/463 462/612/462
f 451/600/451 452/601/452 464/614/464 463/613/463
f 452/601/452 441/602/442 453/615/454 464/614/464
f 453/604/454 454/603/453 466/616/465 465/617/466
f 454/603/453 455/605/455 467/618/467 466/616/465
f 455/605/455 456/606/456 468/619/468 467/618/467
f 456/606/456 457/607/457 469/620/469 468/619/468
f 457/607/457 458/608/458 470/621/470 469/620/469
f 458/608/458 459/609/459 471/622/471 470/621/470
f 459/609/459 460/610/460 472/623/472 471/622/471
f 460/610/460 461/611/461 473/624/473 472/623/472
f 461/611/461 462/612/462 474/625/474 473/624/473
f 462/612/462 463/613/463 475/626/475 474/625/474
f 463/613/463 464/614/464 476/627/476 475/626/475
f 464/614/464 453/615/454 465/628/466 476/627/476
f 465/617/466 466/616/465 478/629/477 477/630/478
f 466/616/465 467/618/467 479/631/479 478/629/477
f 467/618/467 468/619/468 480/632/480 479/631/479
f 468/619/468 469/620/469 481/633/481 480/632/480
f 469/620/469 470/621/470 482/634/482 481/633/481
f 470/621/470 471/622/471 483/635/483 482/634/482
f 471/622/471 472/623/472 484/636/484 483/635/483
f 472/623/472 473/624/473 485/637/485 484/636/484
f 473/624/473 474/625/474 486/638/486 485/637/485
f 474/625/474 475/626/475 487/639/487 486/638/486
f 475/626/475 476/627/476 488/640/488 487/639/487
f 476/627/476 465/628/466 477/641/478 488/640/488
f 477/630/478 478/629/477 490/642/489 489/643/490
f 478/629/477 479/631/479 491/644/491 490/642/489
f 479/631/479 480/632/480 492/645/492 491/644/491
f 480/632/480 481/633/481 493/646/493 492/645/492
f 481/633/481 482/634/482 494/647/494 493/646/493
f 482/634/482 483/635/483 495/648/495 494/647/494
f 483/635/483 484/636/484 496/649/496 495/648/495
f 484/636/484 485/637/485 497/650/497 496/649/496
f 485/637/485 486/638/486 498/651/498 497/650/497
f 486/638/486 487/639/487 499/652/499 498/651/498
f 487/639/487 488/640/488 500/653/500 499/652/499
f 488/640/488 477/641/478 489/654/490 500/653/500
f 489/643/490 490/642/489 502/655/501 501/656/502
f 490/642/489 491/644/491 503/657/503 502/655/501
f 491/644/491 492/645/492 504/658/504 503/657/503
f 492/645/492 493/646/493 505/659/505 504/658/504
f 493/646/493 494/647/494 506/660/506 505/659/505
f 494/647/494 495/648/495 507/661/507 506/660/506
f 495/648/495 496/649/496 508/662/508 507/661/507
f 496/649/496 497/650/497 509/663/509 508/662/508
f 497/650/497 498/651/498 510/664/510 509/663/509
f 498/651/498 499/652/499 511/665/511 510/664/510
f 499/652/499 500/653/500 512/666/512 511/665/511
f 500/653/500 489/654/490 501/667/502 512/666/512
f 501/656/502 502/655/501 514/668/513 513/669/514
f 502/655/501 503/657/503 515/670/515 514/668/513
f 503/657/503 504/658/504 516/671/516 515/670/515
f 504/658/504 505/659/505 517/672/517 516/671/516
f 505/659/505 506/660/506 518/673/518 517/672/517
f 506/660/506 507/661/507 519/674/519 518/673/518
f 507/661/507 508/662/508 520/675/520 519/674/519
f 508/662/508 509/663/509 521/676/521 520/675/520
f 509/663/509 510/664/510 522/677/522 521/676/521
f 510/664/510 511/665/511 523/678/523 522/677/522
f 511/665/511 512/666/512 524/679/524 523/678/523
f 512/666/512 501/667/502 513/680/514 524/679/524
f 513/669/514 514/668/513 526/681/525 525/682/526
f 514/668/513 515/670/515 527/683/527 526/681/525
f 515/670/515 516/671/516 528/684/528 527/683/527
f 516/671/516 517/672/517 529/685/529 528/684/528
f 517/672/517 518/673/518 530/686/530 529/685/529
f 518/673/518 519/674/519 531/687/531 530/686/530
f 519/674/519 520/675/520 532/688/532 531/687/531
f 520/675/520 521/676/521 533/689/533 532/688/532
f 521/676/521 522/677/522 534/690/534 533/689/533
f 522/677/522 523/678/523 535/691/535 534/690/534
f 523/678/523 524/679/524 536/692/536 535/691/535
f 524/679/524 513/680/514 525/693/526 536/692/536
f 525/682/526 526/681/525 538/694/537 537/695/538
f 526/681/525 527/683/527 539/696/539 538/694/537
f 527/683/527 528/684/528 540/697/540 539/696/539
f 528/684/528 529/685/529 541/698/541 540/697/540
f 529/685/529 530/686/530 542/699/542 541/698/541
f 530/686/530 531/687/531 543/700/543 542/699/542
f 531/687/531 532/688/532 544/701/544 543/700/543
f 532/688/532 533/689/533 545/702/545 544/701/544
f 533/689/533 534/690/534 546/703/546 545/702/545
f 534/690/534 535/691/535 547/704/547 546/703/546
f 535/691/535 536/692/536 548/705/548 547/704/547
f 536/692/536 525/693/526 537/706/538 548/705/548
f 418/565/418 417/564/417 549/707/549
f 419/568/421 418/565/418 549/708/549
f 420/570/423 419/568/421 549/709/549
f 421/572/425 420/570/423 549/710/549
f 422/574/427 421/572/425 549/711/549
f 423/576/429 422/574/427 549/712/549
f 424/578/431 423/576/429 549/713/549
f 425/580/433 424/578/431 549/714/549
f 426/582/435 425/580/433 549/715/549
f 427/584/437 426/582/435 549/716/549
f 428/586/439 427/584/437 549/717/549
f 417/588/417 428/586/439 549/718/549
f 537/695/538 538/694/537 550/719/550
f 538/694/537 539/696/539 550/720/550
f 539/696/539 540/697/540 550/721/550
f 540/697/540 541/698/541 550/722/550
f 541/698/541 542/699/542 550/723/550
f 542/699/542 543/700/543 550/724/550
f 543/700/543 544/701/544 550/725/550
f 544/701/544 545/702/545 550/726/550
f 545/702/545 546/703/546 550/727/550
f 546/703/546 547/704/547 550/728/550
f 547/704/547 548/705/548 550/729/550
f 548/705/548 537/706/538 550/730/550
s 19
f 553/731/551 556/732/552 673/733/553 674/734/554
f 556/732/552 559/735/555 692/736/556 673/733/553
f 559/735/555 562/737/557 691/738/558 692/736/556
f 562/737/557 565/739/559 690/740/560 691/738/558
f 565/739/559 568/741/561 689/742/562 690/740/560
f 568/741/561 571/743/563 688/744/564 689/742/562
f 571/743/563 574/745/565 687/746/566 688/744/564
f 574/745/565 577/747/567 686/748/568 687/746/566
f 577/747/567 580/749/569 685/750/570 686/748/568
f 580/749/569 583/751/571 684/752/572 685/750/570
f 583/751/571 586/753/573 683/754/574 684/752/572
f 586/753/573 589/755/575 682/756/576 683/754/574
f 589/755/575 592/757/577 681/758/578 682/756/576
f 592/757/577 595/759/579 680/760/580 681/758/578
f 595/759/579 598/761/581 679/762/582 680/760/580
f 598/761/581 601/763/583 678/764/584 679/762/582
f 601/763/583 604/765/585 677/766/586 678/764/584
f 604/765/585 607/767/587 676/768/588 677/766/586
f 607/767/587 610/769/589 675/770/590 676/768/588
f 610/769/589 553/771/551 674/772/554 675/770/590
s 20
f 558/773/591 555/774/592 551/775/593
f 561/776/594 558/773/591 551/775/593
f 564/777/595 561/776/594 551/775/593
f 567/778/596 564/777/595 551/775/593
f 570/779/597 567/778/596 551/775/593
f 573/780/598 570/779/597 551/775/593
f 576/781/599 573/780/598 551/775/593
f 579/782/600 576/781/599 551/775/593
f 582/783/601 579/782/600 551/775/593
f 585/784/602 582/783/601 551/775/593
f 588/785/603 585/784/602 551/775/593
f 591/786/604 588/785/603 551/775/593
f 594/787/605 591/786/604 551/775/593
f 597/788/606 594/787/605 551/775/593
f 600/789/607 597/788/606 551/775/593
f 603/790/608 600/789/607 551/775/593
f 606/791/609 603/790/608 551/775/593
f 609/792/610 606/791/609 551/775/593
f 612/793/611 609/792/610 551/775/593
f 555/774/592 612/793/611 551/775/593
s 21
f 615/794/612 618/795/613 552/796/614
f 618/795/613 621/797/615 552/796/614
f 621/797/615 624/798/616 552/796/614
f 624/798/616 627/799/617 552/796/614
f 627/799/617 630/800/618 552/796/614
f 630/800/618 633/801/619 552/796/614
f 633/801/619 636/802/620 552/796/614
f 636/802/620 639/803/621 552/796/614
f 639/803/621 642/804/622 552/796/614
f 642/804/622 645/805/623 552/796/614
f 645/805/623 648/806/624 552/796/614
f 648/806/624 651/807/625 552/796/614
f 651/807/625 654/808/626 552/796/614
f 654/808/626 657/809/627 552/796/614
f 657/809/627 660/810/628 552/796/614
f 660/810/628 663/811/629 552/796/614
f 663/811/629 666/812/630 552/796/614
f 666/812/630 669/813/631 552/796/614
f 669/813/631 672/814/632 552/796/614
f 672/814/632 615/794/612 552/796/614
s 19
f 553/731/551 554/815/633 557/816/634 556/732/552
s 20
f 554/817/635 555/774/592 558/773/591 557/818/636
s 19
f 556/732/552 557/816/634 560/819/637 559/735/555
s 20
f 557/818/636 558/773/591 561/776/594 560/820/638
s 19
f 559/735/555 560/819/637 563/821/639 562/737/557
s 20
f 560/820/638 561/776/594 564/777/595 563/822/640
s 19
f 562/737/557 563/821/639 566/823/641 565/739/559
s 20
f 563/822/640 564/777/595 567/778/596 566/824/642
s 19
f 565/739/559 566/823/641 569/825/643 568/741/561
s 20
f 566/824/642 567/778/596 570/779/597 569/826/644
s 19
f 568/741/561 569/825/643 572/827/645 571/743/563
s 20
f 569/826/644 570/779/597 573/780/598 572/828/646
s 19
f 571/743/563 572/827/645 575/829/647 574/745/565
s 20
f 572/828/646 573/780/598 576/781/599 575/830/648
s 19
f 574/745/565 575/829/647 578/831/649 577/747/567
s 20
f 575/830/648 576/781/599 579/782/600 578/832/650
s 19
f 577/747/567 578/831/649 581/833/651 580/749/569
s 20
f 578/832/650 579/782/600 582/783/601 581/834/652
s 19
f 580/749/569 581/833/651 584/835/653 583/751/571
s 20
f 581/834/652 582/783/601 585/784/602 584/836/654
s 19
f 583/751/571 584/835/653 587/837/655 586/753/573
s 20
f 584/836/654 585/784/602 588/785/603 587/838/656
s 19
f 586/753/573 587/837/655 590/839/657 589/755/575
s 20
f 587/838/656 588/785/603 591/786/604 590/840/658
s 19
f 589/755/575 590/839/657 593/841/659 592/757/577
s 20
f 590/840/658 591/786/604 594/787/605 593/842/660
s 19
f 592/757/577 593/841/659 596/843/661 595/759/579
s 20
f 593/842/660 594/787/605 597/788/606 596/844/662
s 19
f 595/759/579 596/843/661 599/845/663 598/761/581
s 20
f 596/844/662 597/788/606 600/789/607 599/846/664
s 19
f 598/761/581 599/845/663 602/847/665 601/763/583
s 20
f 599/846/664 600/789/607 603/790/608 602/848/666
s 19
f 601/763/583 602/847/665 605/849/667 604/765/585
s 20
f 602/848/666 603/790/608 606/791/609 605/850/668
s 19
f 604/765/585 605/849/667 608/851/669 607/767/587
s 20
f 605/850/668 606/791/609 609/792/610 608/852/670
s 19
f 607/767/587 608/851/669 611/853/671 610/769/589
s 20
f 608/852/670 609/792/610 612/793/611 611/854/672
f 555/774/592 554/817/635 611/854/672 612/793/611
s 19
f 554/855/633 553/771/551 610/769/589 611/853/671
f 613/856/673 614/857/674 671/858/675 670/859/676
s 21
f 614/860/677 615/794/612 672/814/632 671/861/678
f 615/794/612 614/860/677 617/862/679 618/795/613
s 19
f 614/863/674 613/864/673 616/865/680 617/866/681
s 21
f 618/795/613 617/862/679 620/867/682 621/797/615
s 19
f 617/866/681 616/865/680 619/868/683 620/869/684
s 21
f 621/797/615 620/867/682 623/870/685 624/798/616
s 19
f 620/869/684 619/868/683 622/871/686 623/872/687
s 21
f 624/798/616 623/870/685 626/873/688 627/799/617
s 19
f 623/872/687 622/871/686 625/874/689 626/875/690
s 21
f 627/799/617 626/873/688 629/876/691 630/800/618
s 19
f 626/875/690 625/874/689 628/877/692 629/878/693
s 21
f 630/800/618 629/876/691 632/879/694 633/801/619
s 19
f 629/878/693 628/877/692 631/880/695 632/881/696
s 21
f 633/801/619 632/879/694 635/882/697 636/802/620
s 19
f 632/881/696 631/880/695 634/883/698 635/884/699
s 21
f 636/802/620 635/882/697 638/885/700 639/803/621
s 19
f 635/884/699 634/883/698 637/886/701 638/887/702
s 21
f 639/803/621 638/885/700 641/888/703 642/804/622
s 19
f 638/887/702 637/886/701 640/889/704 641/890/705
s 21
f 642/804/622 641/888/703 644/891/706 645/805/623
s 19
f 641/890/705 640/889/704 643/892/707 644/893/708
s 21
f 645/805/623 644/891/706 647/894/709 648/806/624
s 19
f 644/893/708 643/892/707 646/895/710 647/896/711
s 21
f 648/806/624 647/894/709 650/897/712 651/807/625
s 19
f 647/896/711 646/895/710 649/898/713 650/899/714
s 21
f 651/807/625 650/897/712 653/900/715 654/808/626
s 19
f 650/899/714 649/898/713 652/901/716 653/902/717
s 21
f 654/808/626 653/900/715 656/903/718 657/809/627
s 19
f 653/902/717 652/901/716 655/904/719 656/905/720
s 21
f 657/809/627 656/903/718 659/906/721 660/810/628
s 19
f 656/905/720 655/904/719 658/907/722 659/908/723
s 21
f 660/810/628 659/906/721 662/909/724 663/811/629
s 19
f 659/908/723 658/907/722 661/910/725 662/911/726
s 21
f 663/811/629 662/909/724 665/912/727 666/812/630
s 19
f 662/911/726 661/910/725 664/913/728 665/914/729
s 21
f 666/812/630 665/912/727 668/915/730 669/813/631
s 19
f 665/914/729 664/913/728 667/916/731 668/917/732
s 21
f 669/813/631 668/915/730 671/861/678 672/814/632
s 19
f 668/917/732 667/916/731 670/859/676 671/858/675
f 674/734/554 673/733/553 693/918/733 694/919/734
f 675/770/590 674/772/554 694/920/734 695/921/735
f 676/768/588 675/770/590 695/921/735 696/922/736
f 677/766/586 676/768/588 696/922/736 697/923/737
f 678/764/584 677/766/586 697/923/737 698/924/738
f 679/762/582 678/764/584 698/924/738 699/925/739
f 680/760/580 679/762/582 699/925/739 700/926/740
f 681/758/578 680/760/580 700/926/740 701/927/741
f 682/756/576 681/758/578 701/927/741 702/928/742
f 683/754/574 682/756/576 702/928/742 703/929/743
f 684/752/572 683/754/574 703/929/743 704/930/744
f 685/750/570 684/752/572 704/930/744 705/931/745
f 686/748/568 685/750/570 705/931/745 706/932/746
f 687/746/566 686/748/568 706/932/746 707/933/747
f 688/744/564 687/746/566 707/933/747 708/934/748
f 689/742/562 688/744/564 708/934/748 709/935/749
f 690/740/560 689/742/562 709/935/749 710/936/750
f 691/738/558 690/740/560 710/936/750 711/937/751
f 692/736/556 691/738/558 711/937/751 712/938/752
f 673/733/553 692/736/556 712/938/752 693/918/733
f 694/919/734 693/918/733 713/939/753 714/940/754
f 695/921/735 694/920/734 714/941/754 715/942/755
f 696/922/736 695/921/735 715/942/755 716/943/756
f 697/923/737 696/922/736 716/943/756 717/944/757
f 698/924/738 697/923/737 717/944/757 718/945/758
f 699/925/739 698/924/738 718/945/758 719/946/759
f 700/926/740 699/925/739 719/946/759 720/947/760
f 701/927/741 700/926/740 720/947/760 721/948/761
f 702/928/742 701/927/741 721/948/761 722/949/762
f 703/929/743 702/928/742 722/949/762 723/950/763
f 704/930/744 703/929/743 723/950/763 724/951/764
f 705/931/745 704/930/744 724/951/764 725/952/765
f 706/932/746 705/931/745 725/952/765 726/953/766
f 707/933/747 706/932/746 726/953/766 727/954/767
f 708/934/748 707/933/747 727/954/767 728/955/768
f 709/935/749 708/934/748 728/955/768 729/956/769
f 710/936/750 709/935/749 729/956/769 730/957/770
f 711/937/751 710/936/750 730/957/770 731/958/771
f 712/938/752 711/937/751 731/958/771 732/959/772
f 693/918/733 712/938/752 732/959/772 713/939/753
f 714/940/754 713/939/753 616/865/680 613/864/673
f 715/942/755 714/941/754 613/856/673 670/859/676
f 716/943/756 715/942/755 670/859/676 667/916/731
f 717/944/757 716/943/756 667/916/731 664/913/728
f 718/945/758 717/944/757 664/913/728 661/910/725
f 719/946/759 718/945/758 661/910/725 658/907/722
f 720/947/760 719/946/759 658/907/722 655/904/719
f 721/948/761 720/947/760 655/904/719 652/901/716
f 722/949/762 721/948/761 652/901/716 649/898/713
f 723/950/763 722/949/762 649/898/713 646/895/710
f 724/951/764 723/950/763 646/895/710 643/892/707
f 725/952/765 724/951/764 643/892/707 640/889/704
f 726/953/766 725/952/765 640/889/704 637/886/701
f 727/954/767 726/953/766 637/886/701 634/883/698
f 728/955/768 727/954/767 634/883/698 631/880/695
f 729/956/769 728/955/768 631/880/695 628/877/692
f 730/957/770 729/956/769 628/877/692 625/874/689
f 731/958/771 730/957/770 625/874/689 622/871/686
f 732/959/772 731/958/771 622/871/686 619/868/683
f 713/939/753 732/959/772 619/868/683 616/865/680
s 23
f 733/960/773 734/961/774 742/962/775 741/963/776
f 734/961/774 735/964/777 743/965/778 742/962/775
f 735/964/777 736/966/779 744/967/780 743/965/778
f 736/966/779 737/968/781 745/969/782 744/967/780
f 737/968/781 738/970/783 746/971/784 745/969/782
f 738/970/783 739/972/785 747/973/786 746/971/784
f 739/972/785 740/974/787 748/975/788 747/973/786
f 740/974/787 733/976/773 741/977/776 748/975/788
f 741/963/776 742/962/775 750/978/789 749/979/790
f 742/962/775 743/965/778 751/980/791 750/978/789
f 743/965/778 744/967/780 752/981/792 751/980/791
f 744/967/780 745/969/782 753/982/793 752/981/792
f 745/969/782 746/971/784 754/983/794 753/982/793
f 746/971/784 747/973/786 755/984/795 754/983/794
f 747/973/786 748/975/788 756/985/796 755/984/795
f 748/975/788 741/977/776 749/986/790 756/985/796
f 749/979/790 750/978/789 758/987/797 757/988/798
f 750/978/789 751/980/791 759/989/799 758/987/797
f 751/980/791 752/981/792 760/990/800 759/989/799
f 752/981/792 753/982/793 761/991/801 760/990/800
f 753/982/793 754/983/794 762/992/802 761/991/801
f 754/983/794 755/984/795 763/993/803 762/992/802
f 755/984/795 756/985/796 764/994/804 763/993/803
f 756/985/796 749/986/790 757/995/798 764/994/804
f 757/988/798 758/987/797 766/996/805 765/997/806
f 758/987/797 759/989/799 767/998/807 766/996/805
f 759/989/799 760/990/800 768/999/808 767/998/807
f 760/990/800 761/991/801 769/1000/809 768/999/808
f 761/991/801 762/992/802 770/1001/810 769/1000/809
f 762/992/802 763/993/803 771/1002/811 770/1001/810
f 763/993/803 764/994/804 772/1003/812 771/1002/811
f 764/994/804 757/995/798 765/1004/806 772/1003/812
f 765/997/806 766/996/805 774/1005/813 773/1006/814
f 766/996/805 767/998/807 775/1007/815 774/1005/813
f 767/998/807 768/999/808 776/1008/816 775/1007/815
f 768/999/808 769/1000/809 777/1009/817 776/1008/816
f 769/1000/809 770/1001/810 778/1010/818 777/1009/817
f 770/1001/810 771/1002/811 779/1011/819 778/1010/818
f 771/1002/811 772/1003/812 780/1012/820 779/1011/819
f 772/1003/812 765/1004/806 773/1013/814 780/1012/820
f 773/1006/814 774/1005/813 782/1014/821 781/1015/822
f 774/1005/813 775/1007/815 783/1016/823 782/1014/821
f 775/1007/815 776/1008/816 784/1017/824 783/1016/823
f 776/1008/816 777/1009/817 785/1018/825 784/1017/824
f 777/1009/817 778/1010/818 786/1019/826 785/1018/825
f 778/1010/818 779/1011/819 787/1020/827 786/1019/826
f 779/1011/819 780/1012/820 788/1021/828 787/1020/827
f 780/1012/820 773/1013/814 781/1022/822 788/1021/828
f 734/961/774 733/960/773 789/1023/829
f 735/964/777 734/961/774 789/1024/829
f 736/966/779 735/964/777 789/1025/829
f 737/968/781 736/966/779 789/1026/829
f 738/970/783 737/968/781 789/1027/829
f 739/972/785 738/970/783 789/1028/829
f 740/974/787 739/972/785 789/1029/829
f 733/976/773 740/974/787 789/1030/829
f 781/1015/822 782/1014/821 790/1031/830
f 782/1014/821 783/1016/823 790/1032/830
f 783/1016/823 784/1017/824 790/1033/830
f 784/1017/824 785/1018/825 790/1034/830
f 785/1018/825 786/1019/826 790/1035/830
f 786/1019/826 787/1020/827 790/1036/830
f 787/1020/827 788/1021/828 790/1037/830
f 788/1021/828 781/1022/822 790/1038/830
s 24
f 953/1039/831 954/1040/832 814/1041/833 813/1042/834
f 954/1040/832 955/1043/835 815/1044/836 814/1041/833
f 955/1043/835 956/1045/837 816/1046/838 815/1044/836
f 956/1045/837 957/1047/839 817/1048/840 816/1046/838
f 957/1047/839 958/1049/841 818/1050/842 817/1048/840
f 958/1049/841 959/1051/843 819/1052/844 818/1050/842
f 959/1051/843 960/1053/845 820/1054/846 819/1052/844
f 960/1053/845 961/1055/847 821/1056/848 820/1054/846
f 961/1055/847 962/1057/849 822/1058/850 821/1056/848
f 962/1057/849 963/1059/851 823/1060/852 822/1058/850
f 963/1059/851 964/1061/853 824/1062/854 823/1060/852
f 964/1061/853 965/1063/855 825/1064/856 824/1062/854
f 965/1063/855 966/1065/857 826/1066/858 825/1064/856
f 966/1065/857 967/1067/859 827/1068/860 826/1066/858
f 967/1067/859 968/1069/861 828/1070/862 827/1068/860
f 968/1069/861 969/1071/863 829/1072/864 828/1070/862
f 969/1071/863 970/1073/865 830/1074/866 829/1072/864
f 970/1073/865 971/1075/867 831/1076/868 830/1074/866
f 971/1075/867 972/1077/869 832/1078/870 831/1076/868
f 972/1077/869 953/1079/831 813/1080/834 832/1078/870
f 993/1081/871 994/1082/872 833/1083/873 836/1084/874
f 1012/1085/875 993/1081/871 836/1084/874 839/1086/876
f 1011/1087/877 1012/1085/875 839/1086/876 842/1088/878
f 1010/1089/879 1011/1087/877 842/1088/878 845/1090/880
f 1009/1091/881 1010/1089/879 845/1090/880 848/1092/882
f 1008/1093/883 1009/1091/881 848/1092/882 851/1094/884
f 1007/1095/885 1008/1093/883 851/1094/884 854/1096/886
f 1006/1097/887 1007/1095/885 854/1096/886 857/1098/888
f 1005/1099/889 1006/1097/887 857/1098/888 860/1100/890
f 1004/1101/891 1005/1099/889 860/1100/890 863/1102/892
f 1003/1103/893 1004/1101/891 863/1102/892 866/1104/894
f 1002/1105/895 1003/1103/893 866/1104/894 869/1106/896
f 1001/1107/897 1002/1105/895 869/1106/896 872/1108/898
f 1000/1109/899 1001/1107/897 872/1108/898 875/1110/900
f 999/1111/901 1000/1109/899 875/1110/900 878/1112/902
f 998/1113/903 999/1111/901 878/1112/902 881/1114/904
f 997/1115/905 998/1113/903 881/1114/904 884/1116/906
f 996/1117/907 997/1115/905 884/1116/906 887/1118/908
f 995/1119/909 996/1117/907 887/1118/908 890/1120/910
f 994/1121/872 995/1119/909 890/1120/910 833/1122/873
s 25
f 838/1123/911 835/1124/912 791/1125/913
f 841/1126/914 838/1123/911 791/1125/913
f 844/1127/915 841/1126/914 791/1125/913
f 847/1128/916 844/1127/915 791/1125/913
f 850/1129/917 847/1128/916 791/1125/913
f 853/1130/918 850/1129/917 791/1125/913
f 856/1131/919 853/1130/918 791/1125/913
f 859/1132/920 856/1131/919 791/1125/913
f 862/1133/921 859/1132/920 791/1125/913
f 865/1134/922 862/1133/921 791/1125/913
f 868/1135/923 865/1134/922 791/1125/913
f 871/1136/924 868/1135/923 791/1125/913
f 874/1137/925 871/1136/924 791/1125/913
f 877/1138/926 874/1137/925 791/1125/913
f 880/1139/927 877/1138/926 791/1125/913
f 883/1140/928 880/1139/927 791/1125/913
f 886/1141/929 883/1140/928 791/1125/913
f 889/1142/930 886/1141/929 791/1125/913
f 892/1143/931 889/1142/930 791/1125/913
f 835/1124/912 892/1143/931 791/1125/913
s 26
f 893/1144/932 896/1145/933 792/1146/934
f 896/1145/933 899/1147/935 792/1146/934
f 899/1147/935 902/1148/936 792/1146/934
f 902/1148/936 905/1149/937 792/1146/934
f 905/1149/937 908/1150/938 792/1146/934
f 908/1150/938 911/1151/939 792/1146/934
f 911/1151/939 914/1152/940 792/1146/934
f 914/1152/940 917/1153/941 792/1146/934
f 917/1153/941 920/1154/942 792/1146/934
f 920/1154/942 923/1155/943 792/1146/934
f 923/1155/943 926/1156/944 792/1146/934
f 926/1156/944 929/1157/945 792/1146/934
f 929/1157/945 932/1158/946 792/1146/934
f 932/1158/946 935/1159/947 792/1146/934
f 935/1159/947 938/1160/948 792/1146/934
f 938/1160/948 941/1161/949 792/1146/934
f 941/1161/949 944/1162/950 792/1146/934
f 944/1162/950 947/1163/951 792/1146/934
f 947/1163/951 950/1164/952 792/1146/934
f 950/1164/952 893/1144/932 792/1146/934
s 24
f 794/1165/953 793/1166/954 895/1167/955 952/1168/956
f 795/1169/957 794/1165/953 952/1168/956 949/1170/958
f 796/1171/959 795/1169/957 949/1170/958 946/1172/960
f 797/1173/961 796/1171/959 946/1172/960 943/1174/962
f 798/1175/963 797/1173/961 943/1174/962 940/1176/964
f 799/1177/965 798/1175/963 940/1176/964 937/1178/966
f 800/1179/967 799/1177/965 937/1178/966 934/1180/968
f 801/1181/969 800/1179/967 934/1180/968 931/1182/970
f 802/1183/971 801/1181/969 931/1182/970 928/1184/972
f 803/1185/973 802/1183/971 928/1184/972 925/1186/974
f 804/1187/975 803/1185/973 925/1186/974 922/1188/976
f 805/1189/977 804/1187/975 922/1188/976 919/1190/978
f 806/1191/979 805/1189/977 919/1190/978 916/1192/980
f 807/1193/981 806/1191/979 916/1192/980 913/1194/982
f 808/1195/983 807/1193/981 913/1194/982 910/1196/984
f 809/1197/985 808/1195/983 910/1196/984 907/1198/986
f 810/1199/987 809/1197/985 907/1198/986 904/1200/988
f 811/1201/989 810/1199/987 904/1200/988 901/1202/990
f 812/1203/991 811/1201/989 901/1202/990 898/1204/992
f 793/1205/954 812/1203/991 898/1204/992 895/1206/955
f 833/1083/873 834/1207/993 837/1208/994 836/1084/874
s 25
f 834/1209/995 835/1124/912 838/1123/911 837/1210/996
s 24
f 836/1084/874 837/1208/994 840/1211/997 839/1086/876
s 25
f 837/1210/996 838/1123/911 841/1126/914 840/1212/998
s 24
f 839/1086/876 840/1211/997 843/1213/999 842/1088/878
s 25
f 840/1212/998 841/1126/914 844/1127/915 843/1214/1000
s 24
f 842/1088/878 843/1213/999 846/1215/1001 845/1090/880
s 25
f 843/1214/1000 844/1127/915 847/1128/916 846/1216/1002
s 24
f 845/1090/880 846/1215/1001 849/1217/1003 848/1092/882
s 25
f 846/1216/1002 847/1128/916 850/1129/917 849/1218/1004
s 24
f 848/1092/882 849/1217/1003 852/1219/1005 851/1094/884
s 25
f 849/1218/1004 850/1129/917 853/1130/918 852/1220/1006
s 24
f 851/1094/884 852/1219/1005 855/1221/1007 854/1096/886
s 25
f 852/1220/1006 853/1130/918 856/1131/919 855/1222/1008
s 24
f 854/1096/886 855/1221/1007 858/1223/1009 857/1098/888
s 25
f 855/1222/1008 856/1131/919 859/1132/920 858/1224/1010
s 24
f 857/1098/888 858/1223/1009 861/1225/1011 860/1100/890
s 25
f 858/1224/1010 859/1132/920 862/1133/921 861/1226/1012
s 24
f 860/1100/890 861/1225/1011 864/1227/1013 863/1102/892
s 25
f 861/1226/1012 862/1133/921 865/1134/922 864/1228/1014
s 24
f 863/1102/892 864/1227/1013 867/1229/1015 866/1104/894
s 25
f 864/1228/1014 865/1134/922 868/1135/923 867/1230/1016
s 24
f 866/1104/894 867/1229/1015 870/1231/1017 869/1106/896
s 25
f 867/1230/1016 868/1135/923 871/1136/924 870/1232/1018
s 24
f 869/1106/896 870/1231/1017 873/1233/1019 872/1108/898
s 25
f 870/1232/1018 871/1136/924 874/1137/925 873/1234/1020
s 24
f 872/1108/898 873/1233/1019 876/1235/1021 875/1110/900
s 25
f 873/1234/1020 874/1137/925 877/1138/926 876/1236/1022
s 24
f 875/1110/900 876/1235/1021 879/1237/1023 878/1112/902
s 25
f 876/1236/1022 877/1138/926 880/1139/927 879/1238/1024
s 24
f 878/1112/902 879/1237/1023 882/1239/1025 881/1114/904
s 25
f 879/1238/1024 880/1139/927 883/1140/928 882/1240/1026
s 24
f 881/1114/904 882/1239/1025 885/1241/1027 884/1116/906
s 25
f 882/1240/1026 883/1140/928 886/1141/929 885/1242/1028
s 24
f 884/1116/906 885/1241/1027 888/1243/1029 887/1118/908
s 25
f 885/1242/1028 886/1141/929 889/1142/930 888/1244/1030
s 24
f 887/1118/908 888/1243/1029 891/1245/1031 890/1120/910
s 25
f 888/1244/1030 889/1142/930 892/1143/931 891/1246/1032
f 835/1124/912 834/1209/995 891/1246/1032 892/1143/931
s 24
f 834/1247/993 833/1122/873 890/1120/910 891/1245/1031
s 26
f 893/1144/932 894/1248/1033 897/1249/1034 896/1145/933
s 24
f 894/1250/1035 895/1206/955 898/1204/992 897/1251/1036
s 26
f 896/1145/933 897/1249/1034 900/1252/1037 899/1147/935
s 24
f 897/1251/1036 898/1204/992 901/1202/990 900/1253/1038
s 26
f 899/1147/935 900/1252/1037 903/1254/1039 902/1148/936
s 24
f 900/1253/1038 901/1202/990 904/1200/988 903/1255/1040
s 26
f 902/1148/936 903/1254/1039 906/1256/1041 905/1149/937
s 24
f 903/1255/1040 904/1200/988 907/1198/986 906/1257/1042
s 26
f 905/1149/937 906/1256/1041 909/1258/1043 908/1150/938
s 24
f 906/1257/1042 907/1198/986 910/1196/984 909/1259/1044
s 26
f 908/1150/938 909/1258/1043 912/1260/1045 911/1151/939
s 24
f 909/1259/1044 910/1196/984 913/1194/982 912/1261/1046
s 26
f 911/1151/939 912/1260/1045 915/1262/1047 914/1152/940
s 24
f 912/1261/1046 913/1194/982 916/1192/980 915/1263/1048
s 26
f 914/1152/940 915/1262/1047 918/1264/1049 917/1153/941
s 24
f 915/1263/1048 916/1192/980 919/1190/978 918/1265/1050
s 26
f 917/1153/941 918/1264/1049 921/1266/1051 920/1154/942
s 24
f 918/1265/1050 919/1190/978 922/1188/976 921/1267/1052
s 26
f 920/1154/942 921/1266/1051 924/1268/1053 923/1155/943
s 24
f 921/1267/1052 922/1188/976 925/1186/974 924/1269/1054
s 26
f 923/1155/943 924/1268/1053 927/1270/1055 926/1156/944
s 24
f 924/1269/1054 925/1186/974 928/1184/972 927/1271/1056
s 26
f 926/1156/944 927/1270/1055 930/1272/1057 929/1157/945
s 24
f 927/1271/1056 928/1184/972 931/1182/970 930/1273/1058
s 26
f 929/1157/945 930/1272/1057 933/1274/1059 932/1158/946
s 24
f 930/1273/1058 931/1182/970 934/1180/968 933/1275/1060
s 26
f 932/1158/946 933/1274/1059 936/1276/1061 935/1159/947
s 24
f 933/1275/1060 934/1180/968 937/1178/966 936/1277/1062
s 26
f 935/1159/947 936/1276/1061 939/1278/1063 938/1160/948
s 24
f 936/1277/1062 937/1178/966 940/1176/964 939/1279/1064
s 26
f 938/1160/948 939/1278/1063 942/1280/1065 941/1161/949
s 24
f 939/1279/1064 940/1176/964 943/1174/962 942/1281/1066
s 26
f 941/1161/949 942/1280/1065 945/1282/1067 944/1162/950
s 24
f 942/1281/1066 943/1174/962 946/1172/960 945/1283/1068
s 26
f 944/1162/950 945/1282/1067 948/1284/1069 947/1163/951
s 24
f 945/1283/1068 946/1172/960 949/1170/958 948/1285/1070
s 26
f 947/1163/951 948/1284/1069 951/1286/1071 950/1164/952
s 24
f 948/1285/1070 949/1170/958 952/1168/956 951/1287/1072
f 895/1167/955 894/1288/1035 951/1287/1072 952/1168/956
s 26
f 894/1248/1033 893/1144/932 950/1164/952 951/1286/1071
s 24
f 973/1289/1073 974/1290/1074 954/1040/832 953/1039/831
f 974/1290/1074 975/1291/1075 955/1043/835 954/1040/832
f 975/1291/1075 976/1292/1076 956/1045/837 955/1043/835
f 976/1292/1076 977/1293/1077 957/1047/839 956/1045/837
f 977/1293/1077 978/1294/1078 958/1049/841 957/1047/839
f 978/1294/1078 979/1295/1079 959/1051/843 958/1049/841
f 979/1295/1079 980/1296/1080 960/1053/845 959/1051/843
f 980/1296/1080 981/1297/1081 961/1055/847 960/1053/845
f 981/1297/1081 982/1298/1082 962/1057/849 961/1055/847
f 982/1298/1082 983/1299/1083 963/1059/851 962/1057/849
f 983/1299/1083 984/1300/1084 964/1061/853 963/1059/851
f 984/1300/1084 985/1301/1085 965/1063/855 964/1061/853
f 985/1301/1085 986/1302/1086 966/1065/857 965/1063/855
f 986/1302/1086 987/1303/1087 967/1067/859 966/1065/857
f 987/1303/1087 988/1304/1088 968/1069/861 967/1067/859
f 988/1304/1088 989/1305/1089 969/1071/863 968/1069/861
f 989/1305/1089 990/1306/1090 970/1073/865 969/1071/863
f 990/1306/1090 991/1307/1091 971/1075/867 970/1073/865
f 991/1307/1091 992/1308/1092 972/1077/869 971/1075/867
f 992/1308/1092 973/1309/1073 953/1079/831 972/1077/869
f 794/1165/953 974/1290/1074 973/1289/1073 793/1166/954
f 795/1169/957 975/1291/1075 974/1290/1074 794/1165/953
f 796/1171/959 976/1292/1076 975/1291/1075 795/1169/957
f 797/1173/961 977/1293/1077 976/1292/1076 796/1171/959
f 798/1175/963 978/1294/1078 977/1293/1077 797/1173/961
f 799/1177/965 979/1295/1079 978/1294/1078 798/1175/963
f 800/1179/967 980/1296/1080 979/1295/1079 799/1177/965
f 801/1181/969 981/1297/1081 980/1296/1080 800/1179/967
f 802/1183/971 982/1298/1082 981/1297/1081 801/1181/969
f 803/1185/973 983/1299/1083 982/1298/1082 802/1183/971
f 804/1187/975 984/1300/1084 983/1299/1083 803/1185/973
f 805/1189/977 985/1301/1085 984/1300/1084 804/1187/975
f 806/1191/979 986/1302/1086 985/1301/1085 805/1189/977
f 807/1193/981 987/1303/1087 986/1302/1086 806/1191/979
f 808/1195/983 988/1304/1088 987/1303/1087 807/1193/981
f 809/1197/985 989/1305/1089 988/1304/1088 808/1195/983
f 810/1199/987 990/1306/1090 989/1305/1089 809/1197/985
f 811/1201/989 991/1307/1091 990/1306/1090 810/1199/987
f 812/1203/991 992/1308/1092 991/1307/1091 811/1201/989
f 793/1205/954 973/1309/1073 992/1308/1092 812/1203/991
f 813/1080/834 994/1082/872 993/1081/871 832/1078/870
f 814/1041/833 995/1119/909 994/1121/872 813/1042/834
f 815/1044/836 996/1117/907 995/1119/909 814/1041/833
f 816/1046/838 997/1115/905 996/1117/907 815/1044/836
f 817/1048/840 998/1113/903 997/1115/905 816/1046/838
f 818/1050/842 999/1111/901 998/1113/903 817/1048/840
f 819/1052/844 1000/1109/899 999/1111/901 818/1050/842
f 820/1054/846 1001/1107/897 1000/1109/899 819/1052/844
f 821/1056/848 1002/1105/895 1001/1107/897 820/1054/846
f 822/1058/850 1003/1103/893 1002/1105/895 821/1056/848
f 823/1060/852 1004/1101/891 1003/1103/893 822/1058/850
f 824/1062/854 1005/1099/889 1004/1101/891 823/1060/852
f 825/1064/856 1006/1097/887 1005/1099/889 824/1062/854
f 826/1066/858 1007/1095/885 1006/1097/887 825/1064/856
f 827/1068/860 1008/1093/883 1007/1095/885 826/1066/858
f 828/1070/862 1009/1091/881 1008/1093/883 827/1068/860
f 829/1072/864 1010/1089/879 1009/1091/881 828/1070/862
f 830/1074/866 1011/1087/877 1010/1089/879 829/1072/864
f 831/1076/868 1012/1085/875 1011/1087/877 830/1074/866
f 832/1078/870 993/1081/871 1012/1085/875 831/1076/868
s 28
f 1013/1310/1093 1014/1311/1094 1022/1312/1095 1021/1313/1096
f 1014/1311/1094 1015/1314/1097 1023/1315/1098 1022/1312/1095
f 1015/1314/1097 1016/1316/1099 1024/1317/1100 1023/1315/1098
f 1016/1316/1099 1017/1318/1101 1025/1319/1102 1024/1317/1100
f 1017/1318/1101 1018/1320/1103 1026/1321/1104 1025/1319/1102
f 1018/1320/1103 1019/1322/1105 1027/1323/1106 1026/1321/1104
f 1019/1322/1105 1020/1324/1107 1028/1325/1108 1027/1323/1106
f 1020/1324/1107 1013/1326/1093 1021/1327/1096 1028/1325/1108
f 1021/1313/1096 1022/1312/1095 1030/1328/1109 1029/1329/1110
f 1022/1312/1095 1023/1315/1098 1031/1330/1111 1030/1328/1109
f 1023/1315/1098 1024/1317/1100 1032/1331/1112 1031/1330/1111
f 1024/1317/1100 1025/1319/1102 1033/1332/1113 1032/1331/1112
f 1025/1319/1102 1026/1321/1104 1034/1333/1114 1033/1332/1113
f 1026/1321/1104 1027/1323/1106 1035/1334/1115 1034/1333/1114
f 1027/1323/1106 1028/1325/1108 1036/1335/1116 1035/1334/1115
f 1028/1325/1108 1021/1327/1096 1029/1336/1110 1036/1335/1116
f 1029/1329/1110 1030/1328/1109 1038/1337/1117 1037/1338/1118
f 1030/1328/1109 1031/1330/1111 1039/1339/1119 1038/1337/1117
f 1031/1330/1111 1032/1331/1112 1040/1340/1120 1039/1339/1119
f 1032/1331/1112 1033/1332/1113 1041/1341/1121 1040/1340/1120
f 1033/1332/1113 1034/1333/1114 1042/1342/1122 1041/1341/1121
f 1034/1333/1114 1035/1334/1115 1043/1343/1123 1042/1342/1122
f 1035/1334/1115 1036/1335/1116 1044/1344/1124 1043/1343/1123
f 1036/1335/1116 1029/1336/1110 1037/1345/1118 1044/1344/1124
f 1037/1338/1118 1038/1337/1117 1046/1346/1125 1045/1347/1126
f 1038/1337/1117 1039/1339/1119 1047/1348/1127 1046/1346/1125
f 1039/1339/1119 1040/1340/1120 1048/1349/1128 1047/1348/1127
f 1040/1340/1120 1041/1341/1121 1049/1350/1129 1048/1349/1128
f 1041/1341/1121 1042/1342/1122 1050/1351/1130 1049/1350/1129
f 1042/1342/1122 1043/1343/1123 1051/1352/1131 1050/1351/1130
f 1043/1343/1123 1044/1344/1124 1052/1353/1132 1051/1352/1131
f 1044/1344/1124 1037/1345/1118 1045/1354/1126 1052/1353/1132
f 1045/1347/1126 1046/1346/1125 1054/1355/1133 1053/1356/1134
f 1046/1346/1125 1047/1348/1127 1055/1357/1135 1054/1355/1133
f 1047/1348/1127 1048/1349/1128 1056/1358/1136 1055/1357/1135
f 1048/1349/1128 1049/1350/1129 1057/1359/1137 1056/1358/1136
f 1049/1350/1129 1050/1351/1130 1058/1360/1138 1057/1359/1137
f 1050/1351/1130 1051/1352/1131 1059/1361/1139 1058/1360/1138
f 1051/1352/1131 1052/1353/1132 1060/1362/1140 1059/1361/1139
f 1052/1353/1132 1045/1354/1126 1053/1363/1134 1060/1362/1140
f 1053/1356/1134 1054/1355/1133 1062/1364/1141 1061/1365/1142
f 1054/1355/1133 1055/1357/1135 1063/1366/1143 1062/1364/1141
f 1055/1357/1135 1056/1358/1136 1064/1367/1144 1063/1366/1143
f 1056/1358/1136 1057/1359/1137 1065/1368/1145 1064/1367/1144
f 1057/1359/1137 1058/1360/1138 1066/1369/1146 1065/1368/1145
f 1058/1360/1138 1059/1361/1139 1067/1370/1147 1066/1369/1146
f 1059/1361/1139 1060/1362/1140 1068/1371/1148 1067/1370/1147
f 1060/1362/1140 1053/1363/1134 1061/1372/1142 1068/1371/1148
f 1014/1311/1094 1013/1310/1093 1069/1373/1149
f 1015/1314/1097 1014/1311/1094 1069/1374/1149
f 1016/1316/1099 1015/1314/1097 1069/1375/1149
f 1017/1318/1101 1016/1316/1099 1069/1376/1149
f 1018/1320/1103 1017/1318/1101 1069/1377/1149
f 1019/1322/1105 1018/1320/1103 1069/1378/1149
f 1020/1324/1107 1019/1322/1105 1069/1379/1149
f 1013/1326/1093 1020/1324/1107 1069/1380/1149
f 1061/1365/1142 1062/1364/1141 1070/1381/1150
f 1062/1364/1141 1063/1366/1143 1070/1382/1150
f 1063/1366/1143 1064/1367/1144 1070/1383/1150
f 1064/1367/1144 1065/1368/1145 1070/1384/1150
f 1065/1368/1145 1066/1369/1146 1070/1385/1150
f 1066/1369/1146 1067/1370/1147 1070/1386/1150
f 1067/1370/1147 1068/1371/1148 1070/1387/1150
f 1068/1371/1148 1061/1372/1142 1070/1388/1150
s 29
f 1071/1389/1151 1072/1390/1152 1077/1391/1153 1076/1392/1154
f 1073/1393/1155 1074/1394/1156 1079/1395/1157 1078/1396/1158
f 1074/1394/1156 1075/1397/1159 1080/1398/1160 1079/1395/1157
f 1075/1397/1159 1071/1399/1151 1076/1400/1154 1080/1398/1160
f 1076/1392/1154 1077/1391/1153 1082/1401/1161 1081/1402/1162
f 1078/1396/1158 1079/1395/1157 1084/1403/1163 1083/1404/1164
f 1079/1395/1157 1080/1398/1160 1085/1405/1165 1084/1403/1163
f 1080/1398/1160 1076/1400/1154 1081/1406/1162 1085/1405/1165
f 1081/1402/1162 1082/1401/1161 1087/1407/1166 1086/1408/1167
f 1083/1404/1164 1084/1403/1163 1089/1409/1168 1088/1410/1169
f 1084/1403/1163 1085/1405/1165 1090/1411/1170 1089/1409/1168
f 1085/1405/1165 1081/1406/1162 1086/1412/1167 1090/1411/1170
f 1086/1408/1167 1087/1407/1166 1092/1413/1171 1091/1414/1172
f 1088/1410/1169 1089/1409/1168 1094/1415/1173 1093/1416/1174
f 1089/1409/1168 1090/1411/1170 1095/1417/1175 1094/1415/1173
f 1090/1411/1170 1086/1412/1167 1091/1418/1172 1095/1417/1175
f 1091/1414/1172 1092/1413/1171 1097/1419/1176 1096/1420/1177
f 1093/1416/1174 1094/1415/1173 1099/1421/1178 1098/1422/1179
f 1094/1415/1173 1095/1417/1175 1100/1423/1180 1099/1421/1178
f 1095/1417/1175 1091/1418/1172 1096/1424/1177 1100/1423/1180
f 1096/1420/1177 1097/1419/1176 1102/1425/1181 1101/1426/1182
f 1098/1422/1179 1099/1421/1178 1104/1427/1183 1103/1428/1184
f 1099/1421/1178 1100/1423/1180 1105/1429/1185 1104/1427/1183
f 1100/1423/1180 1096/1424/1177 1101/1430/1182 1105/1429/1185
f 1072/1390/1152 1071/1389/1151 1106/1431/1186
f 1074/1394/1156 1073/1393/1155 1106/1432/1186
f 1075/1397/1159 1074/1394/1156 1106/1433/1186
f 1071/1399/1151 1075/1397/1159 1106/1434/1186
f 1101/1426/1182 1102/1425/1181 1107/1435/1187
f 1103/1428/1184 1104/1427/1183 1107/1436/1187
f 1104/1427/1183 1105/1429/1185 1107/1437/1187
f 1105/1429/1185 1101/1430/1182 1107/1438/1187
s 31
f 1102/1425/1188 1097/1419/1189 1098/1422/1190 1103/1428/1191
f 1097/1419/1189 1092/1413/1192 1093/1416/1193 1098/1422/1190
f 1092/1413/1192 1087/1407/1194 1088/1410/1195 1093/1416/1193
f 1087/1407/1194 1082/1401/1196 1083/1404/1197 1088/1410/1195
f 1082/1401/1196 1077/1391/1198 1078/1396/1199 1083/1404/1197
f 1077/1391/1198 1072/1390/1200 1073/1393/1201 1078/1396/1199
f 1072/1390/1200 1106/1432/1202 1073/1393/1201
f 1107/1435/1203 1102/1425/1188 1103/1428/1191
s 32
f 1108/1439/1204 1116/1440/1205 1117/1441/1206 1109/1442/1207
f 1109/1442/1207 1117/1441/1206 1118/1443/1208 1110/1444/1209
f 1110/1444/1209 1118/1443/1208 1119/1445/1210 1111/1446/1211
f 1111/1446/1211 1119/1445/1210 1120/1447/1212 1112/1448/1213
f 1112/1448/1213 1120/1447/1212 1121/1449/1214 1113/1450/1215
f 1113/1450/1215 1121/1449/1214 1122/1451/1216 1114/1452/1217
f 1114/1452/1217 1122/1451/1216 1123/1453/1218 1115/1454/1219
f 1115/1454/1219 1123/1453/1218 1116/1455/1205 1108/1456/1204
f 1116/1440/1205 1124/1457/1220 1125/1458/1221 1117/1441/1206
f 1117/1441/1206 1125/1458/1221 1126/1459/1222 1118/1443/1208
f 1118/1443/1208 1126/1459/1222 1127/1460/1223 1119/1445/1210
f 1119/1445/1210 1127/1460/1223 1128/1461/1224 1120/1447/1212
f 1120/1447/1212 1128/1461/1224 1129/1462/1225 1121/1449/1214
f 1121/1449/1214 1129/1462/1225 1130/1463/1226 1122/1451/1216
f 1122/1451/1216 1130/1463/1226 1131/1464/1227 1123/1453/1218
f 1123/1453/1218 1131/1464/1227 1124/1465/1220 1116/1455/1205
f 1124/1457/1220 1132/1466/1228 1133/1467/1229 1125/1458/1221
f 1125/1458/1221 1133/1467/1229 1134/1468/1230 1126/1459/1222
f 1126/1459/1222 1134/1468/1230 1135/1469/1231 1127/1460/1223
f 1127/1460/1223 1135/1469/1231 1136/1470/1232 1128/1461/1224
f 1128/1461/1224 1136/1470/1232 1137/1471/1233 1129/1462/1225
f 1129/1462/1225 1137/1471/1233 1138/1472/1234 1130/1463/1226
f 1130/1463/1226 1138/1472/1234 1139/1473/1235 1131/1464/1227
f 1131/1464/1227 1139/1473/1235 1132/1474/1228 1124/1465/1220
f 1132/1466/1228 1140/1475/1236 1141/1476/1237 1133/1467/1229
f 1133/1467/1229 1141/1476/1237 1142/1477/1238 1134/1468/1230
f 1134/1468/1230 1142/1477/1238 1143/1478/1239 1135/1469/1231
f 1135/1469/1231 1143/1478/1239 1144/1479/1240 1136/1470/1232
f 1136/1470/1232 1144/1479/1240 1145/1480/1241 1137/1471/1233
f 1137/1471/1233 1145/1480/1241 1146/1481/1242 1138/1472/1234
f 1138/1472/1234 1146/1481/1242 1147/1482/1243 1139/1473/1235
f 1139/1473/1235 1147/1482/1243 1140/1483/1236 1132/1474/1228
f 1140/1475/1236 1148/1484/1244 1149/1485/1245 1141/1476/1237
f 1141/1476/1237 1149/1485/1245 1150/1486/1246 1142/1477/1238
f 1142/1477/1238 1150/1486/1246 1151/1487/1247 1143/1478/1239
f 1143/1478/1239 1151/1487/1247 1152/1488/1248 1144/1479/1240
f 1144/1479/1240 1152/1488/1248 1153/1489/1249 1145/1480/1241
f 1145/1480/1241 1153/1489/1249 1154/1490/1250 1146/1481/1242
f 1146/1481/1242 1154/1490/1250 1155/1491/1251 1147/1482/1243
f 1147/1482/1243 1155/1491/1251 1148/1492/1244 1140/1483/1236
f 1148/1484/1244 1156/1493/1252 1157/1494/1253 1149/1485/1245
f 1149/1485/1245 1157/1494/1253 1158/1495/1254 1150/1486/1246
f 1150/1486/1246 1158/1495/1254 1159/1496/1255 1151/1487/1247
f 1151/1487/1247 1159/1496/1255 1160/1497/1256 1152/1488/1248
f 1152/1488/1248 1160/1497/1256 1161/1498/1257 1153/1489/1249
f 1153/1489/1249 1161/1498/1257 1162/1499/1258 1154/1490/1250
f 1154/1490/1250 1162/1499/1258 1163/1500/1259 1155/1491/1251
f 1155/1491/1251 1163/1500/1259 1156/1501/1252 1148/1492/1244
f 1109/1442/1207 1164/1502/1260 1108/1439/1204
f 1110/1444/1209 1164/1503/1260 1109/1442/1207
f 1111/1446/1211 1164/1504/1260 1110/1444/1209
f 1112/1448/1213 1164/1505/1260 1111/1446/1211
f 1113/1450/1215 1164/1506/1260 1112/1448/1213
f 1114/1452/1217 1164/1507/1260 1113/1450/1215
f 1115/1454/1219 1164/1508/1260 1114/1452/1217
f 1108/1456/1204 1164/1509/1260 1115/1454/1219
f 1156/1493/1252 1165/1510/1261 1157/1494/1253
f 1157/1494/1253 1165/1511/1261 1158/1495/1254
f 1158/1495/1254 1165/1512/1261 1159/1496/1255
f 1159/1496/1255 1165/1513/1261 1160/1497/1256
f 1160/1497/1256 1165/1514/1261 1161/1498/1257
f 1161/1498/1257 1165/1515/1261 1162/1499/1258
f 1162/1499/1258 1165/1516/1261 1163/1500/1259
f 1163/1500/1259 1165/1517/1261 1156/1501/1252
s 33
f 1168/1518/1262 1289/1519/1263 1288/1520/1264 1171/1521/1265
f 1171/1521/1265 1288/1520/1264 1307/1522/1266 1174/1523/1267
f 1174/1523/1267 1307/1522/1266 1306/1524/1268 1177/1525/1269
f 1177/1525/1269 1306/1524/1268 1305/1526/1270 1180/1527/1271
f 1180/1527/1271 1305/1526/1270 1304/1528/1272 1183/1529/1273
f 1183/1529/1273 1304/1528/1272 1303/1530/1274 1186/1531/1275
f 1186/1531/1275 1303/1530/1274 1302/1532/1276 1189/1533/1277
f 1189/1533/1277 1302/1532/1276 1301/1534/1278 1192/1535/1279
f 1192/1535/1279 1301/1534/1278 1300/1536/1280 1195/1537/1281
f 1195/1537/1281 1300/1536/1280 1299/1538/1282 1198/1539/1283
f 1198/1539/1283 1299/1538/1282 1298/1540/1284 1201/1541/1285
f 1201/1541/1285 1298/1540/1284 1297/1542/1286 1204/1543/1287
f 1204/1543/1287 1297/1542/1286 1296/1544/1288 1207/1545/1289
f 1207/1545/1289 1296/1544/1288 1295/1546/1290 1210/1547/1291
f 1210/1547/1291 1295/1546/1290 1294/1548/1292 1213/1549/1293
f 1213/1549/1293 1294/1548/1292 1293/1550/1294 1216/1551/1295
f 1216/1551/1295 1293/1550/1294 1292/1552/1296 1219/1553/1297
f 1219/1553/1297 1292/1552/1296 1291/1554/1298 1222/1555/1299
f 1222/1555/1299 1291/1554/1298 1290/1556/1300 1225/1557/1301
f 1225/1557/1301 1290/1556/1300 1289/1558/1263 1168/1559/1262
s 34
f 1173/1560/1302 1166/1561/1303 1170/1562/1304
f 1176/1563/1305 1166/1561/1303 1173/1560/1302
f 1179/1564/1306 1166/1561/1303 1176/1563/1305
f 1182/1565/1307 1166/1561/1303 1179/1564/1306
f 1185/1566/1308 1166/1561/1303 1182/1565/1307
f 1188/1567/1309 1166/1561/1303 1185/1566/1308
f 1191/1568/1310 1166/1561/1303 1188/1567/1309
f 1194/1569/1311 1166/1561/1303 1191/1568/1310
f 1197/1570/1312 1166/1561/1303 1194/1569/1311
f 1200/1571/1313 1166/1561/1303 1197/1570/1312
f 1203/1572/1314 1166/1561/1303 1200/1571/1313
f 1206/1573/1315 1166/1561/1303 1203/1572/1314
f 1209/1574/1316 1166/1561/1303 1206/1573/1315
f 1212/1575/1317 1166/1561/1303 1209/1574/1316
f 1215/1576/1318 1166/1561/1303 1212/1575/1317
f 1218/1577/1319 1166/1561/1303 1215/1576/1318
f 1221/1578/1320 1166/1561/1303 1218/1577/1319
f 1224/1579/1321 1166/1561/1303 1221/1578/1320
f 1227/1580/1322 1166/1561/1303 1224/1579/1321
f 1170/1562/1304 1166/1561/1303 1227/1580/1322
s 35
f 1230/1581/1323 1167/1582/1324 1233/1583/1325
f 1233/1583/1325 1167/1582/1324 1236/1584/1326
f 1236/1584/1326 1167/1582/1324 1239/1585/1327
f 1239/1585/1327 1167/1582/1324 1242/1586/1328
f 1242/1586/1328 1167/1582/1324 1245/1587/1329
f 1245/1587/1329 1167/1582/1324 1248/1588/1330
f 1248/1588/1330 1167/1582/1324 1251/1589/1331
f 1251/1589/1331 1167/1582/1324 1254/1590/1332
f 1254/1590/1332 1167/1582/1324 1257/1591/1333
f 1257/1591/1333 1167/1582/1324 1260/1592/1334
f 1260/1592/1334 1167/1582/1324 1263/1593/1335
f 1263/1593/1335 1167/1582/1324 1266/1594/1336
f 1266/1594/1336 1167/1582/1324 1269/1595/1337
f 1269/1595/1337 1167/1582/1324 1272/1596/1338
f 1272/1596/1338 1167/1582/1324 1275/1597/1339
f 1275/1597/1339 1167/1582/1324 1278/1598/1340
f 1278/1598/1340 1167/1582/1324 1281/1599/1341
f 1281/1599/1341 1167/1582/1324 1284/1600/1342
f 1284/1600/1342 1167/1582/1324 1287/1601/1343
f 1287/1601/1343 1167/1582/1324 1230/1581/1323
s 33
f 1168/1518/1262 1171/1521/1265 1172/1602/1344 1169/1603/1345
s 34
f 1169/1604/1346 1172/1605/1347 1173/1560/1302 1170/1562/1304
s 33
f 1171/1521/1265 1174/1523/1267 1175/1606/1348 1172/1602/1344
s 34
f 1172/1605/1347 1175/1607/1349 1176/1563/1305 1173/1560/1302
s 33
f 1174/1523/1267 1177/1525/1269 1178/1608/1350 1175/1606/1348
s 34
f 1175/1607/1349 1178/1609/1351 1179/1564/1306 1176/1563/1305
s 33
f 1177/1525/1269 1180/1527/1271 1181/1610/1352 1178/1608/1350
s 34
f 1178/1609/1351 1181/1611/1353 1182/1565/1307 1179/1564/1306
s 33
f 1180/1527/1271 1183/1529/1273 1184/1612/1354 1181/1610/1352
s 34
f 1181/1611/1353 1184/1613/1355 1185/1566/1308 1182/1565/1307
s 33
f 1183/1529/1273 1186/1531/1275 1187/1614/1356 1184/1612/1354
s 34
f 1184/1613/1355 1187/1615/1357 1188/1567/1309 1185/1566/1308
s 33
f 1186/1531/1275 1189/1533/1277 1190/1616/1358 1187/1614/1356
s 34
f 1187/1615/1357 1190/1617/1359 1191/1568/1310 1188/1567/1309
s 33
f 1189/1533/1277 1192/1535/1279 1193/1618/1360 1190/1616/1358
s 34
f 1190/1617/1359 1193/1619/1361 1194/1569/1311 1191/1568/1310
s 33
f 1192/1535/1279 1195/1537/1281 1196/1620/1362 1193/1618/1360
s 34
f 1193/1619/1361 1196/1621/1363 1197/1570/1312 1194/1569/1311
s 33
f 1195/1537/1281 1198/1539/1283 1199/1622/1364 1196/1620/1362
s 34
f 1196/1621/1363 1199/1623/1365 1200/1571/1313 1197/1570/1312
s 33
f 1198/1539/1283 1201/1541/1285 1202/1624/1366 1199/1622/1364
s 34
f 1199/1623/1365 1202/1625/1367 1203/1572/1314 1200/1571/1313
s 33
f 1201/1541/1285 1204/1543/1287 1205/1626/1368 1202/1624/1366
s 34
f 1202/1625/1367 1205/1627/1369 1206/1573/1315 1203/1572/1314
s 33
f 1204/1543/1287 1207/1545/1289 1208/1628/1370 1205/1626/1368
s 34
f 1205/1627/1369 1208/1629/1371 1209/1574/1316 1206/1573/1315
s 33
f 1207/1545/1289 1210/1547/1291 1211/1630/1372 1208/1628/1370
s 34
f 1208/1629/1371 1211/1631/1373 1212/1575/1317 1209/1574/1316
s 33
f 1210/1547/1291 1213/1549/1293 1214/1632/1374 1211/1630/1372
s 34
f 1211/1631/1373 1214/1633/1375 1215/1576/1318 1212/1575/1317
s 33
f 1213/1549/1293 1216/1551/1295 1217/1634/1376 1214/1632/1374
s 34
f 1214/1633/1375 1217/1635/1377 1218/1577/1319 1215/1576/1318
s 33
f 1216/1551/1295 1219/1553/1297 1220/1636/1378 1217/1634/1376
s 34
f 1217/1635/1377 1220/1637/1379 1221/1578/1320 1218/1577/1319
s 33
f 1219/1553/1297 1222/1555/1299 1223/1638/1380 1220/1636/1378
s 34
f 1220/1637/1379 1223/1639/1381 1224/1579/1321 1221/1578/1320
s 33
f 1222/1555/1299 1225/1557/1301 1226/1640/1382 1223/1638/1380
s 34
f 1223/1639/1381 1226/1641/1383 1227/1580/1322 1224/1579/1321
f 1170/1562/1304 1227/1580/1322 1226/1641/1383 1169/1604/1346
s 33
f 1169/1642/1345 1226/1640/1382 1225/1557/1301 1168/1559/1262
f 1228/1643/1384 1285/1644/1385 1286/1645/1386 1229/1646/1387
s 35
f 1229/1647/1388 1286/1648/1389 1287/1601/1343 1230/1581/1323
f 1230/1581/1323 1233/1583/1325 1232/1649/1390 1229/1647/1388
s 33
f 1229/1650/1387 1232/1651/1391 1231/1652/1392 1228/1653/1384
s 35
f 1233/1583/1325 1236/1584/1326 1235/1654/1393 1232/1649/1390
s 33
f 1232/1651/1391 1235/1655/1394 1234/1656/1395 1231/1652/1392
s 35
f 1236/1584/1326 1239/1585/1327 1238/1657/1396 1235/1654/1393
s 33
f 1235/1655/1394 1238/1658/1397 1237/1659/1398 1234/1656/1395
s 35
f 1239/1585/1327 1242/1586/1328 1241/1660/1399 1238/1657/1396
s 33
f 1238/1658/1397 1241/1661/1400 1240/1662/1401 1237/1659/1398
s 35
f 1242/1586/1328 1245/1587/1329 1244/1663/1402 1241/1660/1399
s 33
f 1241/1661/1400 1244/1664/1403 1243/1665/1404 1240/1662/1401
s 35
f 1245/1587/1329 1248/1588/1330 1247/1666/1405 1244/1663/1402
s 33
f 1244/1664/1403 1247/1667/1406 1246/1668/1407 1243/1665/1404
s 35
f 1248/1588/1330 1251/1589/1331 1250/1669/1408 1247/1666/1405
s 33
f 1247/1667/1406 1250/1670/1409 1249/1671/1410 1246/1668/1407
s 35
f 1251/1589/1331 1254/1590/1332 1253/1672/1411 1250/1669/1408
s 33
f 1250/1670/1409 1253/1673/1412 1252/1674/1413 1249/1671/1410
s 35
f 1254/1590/1332 1257/1591/1333 1256/1675/1414 1253/1672/1411
s 33
f 1253/1673/1412 1256/1676/1415 1255/1677/1416 1252/1674/1413
s 35
f 1257/1591/1333 1260/1592/1334 1259/1678/1417 1256/1675/1414
s 33
f 1256/1676/1415 1259/1679/1418 1258/1680/1419 1255/1677/1416
s 35
f 1260/1592/1334 1263/1593/1335 1262/1681/1420 1259/1678/1417
s 33
f 1259/1679/1418 1262/1682/1421 1261/1683/1422 1258/1680/1419
s 35
f 1263/1593/1335 1266/1594/1336 1265/1684/1423 1262/1681/1420
s 33
f 1262/1682/1421 1265/1685/1424 1264/1686/1425 1261/1683/1422
s 35
f 1266/1594/1336 1269/1595/1337 1268/1687/1426 1265/1684/1423
s 33
f 1265/1685/1424 1268/1688/1427 1267/1689/1428 1264/1686/1425
s 35
f 1269/1595/1337 1272/1596/1338 1271/1690/1429 1268/1687/1426
s 33
f 1268/1688/1427 1271/1691/1430 1270/1692/1431 1267/1689/1428
s 35
f 1272/1596/1338 1275/1597/1339 1274/1693/1432 1271/1690/1429
s 33
f 1271/1691/1430 1274/1694/1433 1273/1695/1434 1270/1692/1431
s 35
f 1275/1597/1339 1278/1598/1340 1277/1696/1435 1274/1693/1432
s 33
f 1274/1694/1433 1277/1697/1436 1276/1698/1437 1273/1695/1434
s 35
f 1278/1598/1340 1281/1599/1341 1280/1699/1438 1277/1696/1435
s 33
f 1277/1697/1436 1280/1700/1439 1279/1701/1440 1276/1698/1437
s 35
f 1281/1599/1341 1284/1600/1342 1283/1702/1441 1280/1699/1438
s 33
f 1280/1700/1439 1283/1703/1442 1282/1704/1443 1279/1701/1440
s 35
f 1284/1600/1342 1287/1601/1343 1286/1648/1389 1283/1702/1441
s 33
f 1283/1703/1442 1286/1645/1386 1285/1644/1385 1282/1704/1443
f 1289/1519/1263 1309/1705/1444 1308/1706/1445 1288/1520/1264
f 1290/1556/1300 1310/1707/1446 1309/1708/1444 1289/1558/1263
f 1291/1554/1298 1311/1709/1447 1310/1707/1446 1290/1556/1300
f 1292/1552/1296 1312/1710/1448 1311/1709/1447 1291/1554/1298
f 1293/1550/1294 1313/1711/1449 1312/1710/1448 1292/1552/1296
f 1294/1548/1292 1314/1712/1450 1313/1711/1449 1293/1550/1294
f 1295/1546/1290 1315/1713/1451 1314/1712/1450 1294/1548/1292
f 1296/1544/1288 1316/1714/1452 1315/1713/1451 1295/1546/1290
f 1297/1542/1286 1317/1715/1453 1316/1714/1452 1296/1544/1288
f 1298/1540/1284 1318/1716/1454 1317/1715/1453 1297/1542/1286
f 1299/1538/1282 1319/1717/1455 1318/1716/1454 1298/1540/1284
f 1300/1536/1280 1320/1718/1456 1319/1717/1455 1299/1538/1282
f 1301/1534/1278 1321/1719/1457 1320/1718/1456 1300/1536/1280
f 1302/1532/1276 1322/1720/1458 1321/1719/1457 1301/1534/1278
f 1303/1530/1274 1323/1721/1459 1322/1720/1458 1302/1532/1276
f 1304/1528/1272 1324/1722/1460 1323/1721/1459 1303/1530/1274
f 1305/1526/1270 1325/1723/1461 1324/1722/1460 1304/1528/1272
f 1306/1524/1268 1326/1724/1462 1325/1723/1461 1305/1526/1270
f 1307/1522/1266 1327/1725/1463 1326/1724/1462 1306/1524/1268
f 1288/1520/1264 1308/1706/1445 1327/1725/1463 1307/1522/1266
f 1309/1705/1444 1329/1726/1464 1328/1727/1465 1308/1706/1445
f 1310/1707/1446 1330/1728/1466 1329/1729/1464 1309/1708/1444
f 1311/1709/1447 1331/1730/1467 1330/1728/1466 1310/1707/1446
f 1312/1710/1448 1332/1731/1468 1331/1730/1467 1311/1709/1447
f 1313/1711/1449 1333/1732/1469 1332/1731/1468 1312/1710/1448
f 1314/1712/1450 1334/1733/1470 1333/1732/1469 1313/1711/1449
f 1315/1713/1451 1335/1734/1471 1334/1733/1470 1314/1712/1450
f 1316/1714/1452 1336/1735/1472 1335/1734/1471 1315/1713/1451
f 1317/1715/1453 1337/1736/1473 1336/1735/1472 1316/1714/1452
f 1318/1716/1454 1338/1737/1474 1337/1736/1473 1317/1715/1453
f 1319/1717/1455 1339/1738/1475 1338/1737/1474 1318/1716/1454
f 1320/1718/1456 1340/1739/1476 1339/1738/1475 1319/1717/1455
f 1321/1719/1457 1341/1740/1477 1340/1739/1476 1320/1718/1456
f 1322/1720/1458 1342/1741/1478 1341/1740/1477 1321/1719/1457
f 1323/1721/1459 1343/1742/1479 1342/1741/1478 1322/1720/1458
f 1324/1722/1460 1344/1743/1480 1343/1742/1479 1323/1721/1459
f 1325/1723/1461 1345/1744/1481 1344/1743/1480 1324/1722/1460
f 1326/1724/1462 1346/1745/1482 1345/1744/1481 1325/1723/1461
f 1327/1725/1463 1347/1746/1483 1346/1745/1482 1326/1724/1462
f 1308/1706/1445 1328/1727/1465 1347/1746/1483 1327/1725/1463
f 1329/1726/1464 1228/1653/1384 1231/1652/1392 1328/1727/1465
f 1330/1728/1466 1285/1644/1385 1228/1643/1384 1329/1729/1464
f 1331/1730/1467 1282/1704/1443 1285/1644/1385 1330/1728/1466
f 1332/1731/1468 1279/1701/1440 1282/1704/1443 1331/1730/1467
f 1333/1732/1469 1276/1698/1437 1279/1701/1440 1332/1731/1468
f 1334/1733/1470 1273/1695/1434 1276/1698/1437 1333/1732/1469
f 1335/1734/1471 1270/1692/1431 1273/1695/1434 1334/1733/1470
f 1336/1735/1472 1267/1689/1428 1270/1692/1431 1335/1734/1471
f 1337/1736/1473 1264/1686/1425 1267/1689/1428 1336/1735/1472
f 1338/1737/1474 1261/1683/1422 1264/1686/1425 1337/1736/1473
f 1339/1738/1475 1258/1680/1419 1261/1683/1422 1338/1737/1474
f 1340/1739/1476 1255/1677/1416 1258/1680/1419 1339/1738/1475
f 1341/1740/1477 1252/1674/1413 1255/1677/1416 1340/1739/1476
f 1342/1741/1478 1249/1671/1410 1252/1674/1413 1341/1740/1477
f 1343/1742/1479 1246/1668/1407 1249/1671/1410 1342/1741/1478
f 1344/1743/1480 1243/1665/1404 1246/1668/1407 1343/1742/1479
f 1345/1744/1481 1240/1662/1401 1243/1665/1404 1344/1743/1480
f 1346/1745/1482 1237/1659/1398 1240/1662/1401 1345/1744/1481
f 1347/1746/1483 1234/1656/1395 1237/1659/1398 1346/1745/1482
f 1328/1727/1465 1231/1652/1392 1234/1656/1395 1347/1746/1483
s 37
f 1348/1747/1484 1356/1748/1485 1357/1749/1486 1349/1750/1487
f 1349/1750/1487 1357/1749/1486 1358/1751/1488 1350/1752/1489
f 1350/1752/1489 1358/1751/1488 1359/1753/1490 1351/1754/1491
f 1351/1754/1491 1359/1753/1490 1360/1755/1492 1352/1756/1493
f 1352/1756/1493 1360/1755/1492 1361/1757/1494 1353/1758/1495
f 1353/1758/1495 1361/1757/1494 1362/1759/1496 1354/1760/1497
f 1354/1760/1497 1362/1759/1496 1363/1761/1498 1355/1762/1499
f 1355/1762/1499 1363/1761/1498 1356/1763/1485 1348/1764/1484
f 1356/1748/1485 1364/1765/1500 1365/1766/1501 1357/1749/1486
f 1357/1749/1486 1365/1766/1501 1366/1767/1502 1358/1751/1488
f 1358/1751/1488 1366/1767/1502 1367/1768/1503 1359/1753/1490
f 1359/1753/1490 1367/1768/1503 1368/1769/1504 1360/1755/1492
f 1360/1755/1492 1368/1769/1504 1369/1770/1505 1361/1757/1494
f 1361/1757/1494 1369/1770/1505 1370/1771/1506 1362/1759/1496
f 1362/1759/1496 1370/1771/1506 1371/1772/1507 1363/1761/1498
f 1363/1761/1498 1371/1772/1507 1364/1773/1500 1356/1763/1485
f 1364/1765/1500 1372/1774/1508 1373/1775/1509 1365/1766/1501
f 1365/1766/1501 1373/1775/1509 1374/1776/1510 1366/1767/1502
f 1366/1767/1502 1374/1776/1510 1375/1777/1511 1367/1768/1503
f 1367/1768/1503 1375/1777/1511 1376/1778/1512 1368/1769/1504
f 1368/1769/1504 1376/1778/1512 1377/1779/1513 1369/1770/1505
f 1369/1770/1505 1377/1779/1513 1378/1780/1514 1370/1771/1506
f 1370/1771/1506 1378/1780/1514 1379/1781/1515 1371/1772/1507
f 1371/1772/1507 1379/1781/1515 1372/1782/1508 1364/1773/1500
f 1372/1774/1508 1380/1783/1516 1381/1784/1517 1373/1775/1509
f 1373/1775/1509 1381/1784/1517 1382/1785/1518 1374/1776/1510
f 1374/1776/1510 1382/1785/1518 1383/1786/1519 1375/1777/1511
f 1375/1777/1511 1383/1786/1519 1384/1787/1520 1376/1778/1512
f 1376/1778/1512 1384/1787/1520 1385/1788/1521 1377/1779/1513
f 1377/1779/1513 1385/1788/1521 1386/1789/1522 1378/1780/1514
f 1378/1780/1514 1386/1789/1522 1387/1790/1523 1379/1781/1515
f 1379/1781/1515 1387/1790/1523 1380/1791/1516 1372/1782/1508
f 1380/1783/1516 1388/1792/1524 1389/1793/1525 1381/1784/1517
f 1381/1784/1517 1389/1793/1525 1390/1794/1526 1382/1785/1518
f 1382/1785/1518 1390/1794/1526 1391/1795/1527 1383/1786/1519
f 1383/1786/1519 1391/1795/1527 1392/1796/1528 1384/1787/1520
f 1384/1787/1520 1392/1796/1528 1393/1797/1529 1385/1788/1521
f 1385/1788/1521 1393/1797/1529 1394/1798/1530 1386/1789/1522
f 1386/1789/1522 1394/1798/1530 1395/1799/1531 1387/1790/1523
f 1387/1790/1523 1395/1799/1531 1388/1800/1524 1380/1791/1516
f 1388/1792/1524 1396/1801/1532 1397/1802/1533 1389/1793/1525
f 1389/1793/1525 1397/1802/1533 1398/1803/1534 1390/1794/1526
f 1390/1794/1526 1398/1803/1534 1399/1804/1535 1391/1795/1527
f 1391/1795/1527 1399/1804/1535 1400/1805/1536 1392/1796/1528
f 1392/1796/1528 1400/1805/1536 1401/1806/1537 1393/1797/1529
f 1393/1797/1529 1401/1806/1537 1402/1807/1538 1394/1798/1530
f 1394/1798/1530 1402/1807/1538 1403/1808/1539 1395/1799/1531
f 1395/1799/1531 1403/1808/1539 1396/1809/1532 1388/1800/1524
f 1349/1750/1487 1404/1810/1540 1348/1747/1484
f 1350/1752/1489 1404/1811/1540 1349/1750/1487
f 1351/1754/1491 1404/1812/1540 1350/1752/1489
f 1352/1756/1493 1404/1813/1540 1351/1754/1491
f 1353/1758/1495 1404/1814/1540 1352/1756/1493
f 1354/1760/1497 1404/1815/1540 1353/1758/1495
f 1355/1762/1499 1404/1816/1540 1354/1760/1497
f 1348/1764/1484 1404/1817/1540 1355/1762/1499
f 1396/1801/1532 1405/1818/1541 1397/1802/1533
f 1397/1802/1533 1405/1819/1541 1398/1803/1534
f 1398/1803/1534 1405/1820/1541 1399/1804/1535
f 1399/1804/1535 1405/1821/1541 1400/1805/1536
f 1400/1805/1536 1405/1822/1541 1401/1806/1537
f 1401/1806/1537 1405/1823/1541 1402/1807/1538
f 1402/1807/1538 1405/1824/1541 1403/1808/1539
f 1403/1808/1539 1405/1825/1541 1396/1809/1532
s 38
f 1568/1826/1542 1428/1827/1543 1429/1828/1544 1569/1829/1545
f 1569/1829/1545 1429/1828/1544 1430/1830/1546 1570/1831/1547
f 1570/1831/1547 1430/1830/1546 1431/1832/1548 1571/1833/1549
f 1571/1833/1549 1431/1832/1548 1432/1834/1550 1572/1835/1551
f 1572/1835/1551 1432/1834/1550 1433/1836/1552 1573/1837/1553
f 1573/1837/1553 1433/1836/1552 1434/1838/1554 1574/1839/1555
f 1574/1839/1555 1434/1838/1554 1435/1840/1556 1575/1841/1557
f 1575/1841/1557 1435/1840/1556 1436/1842/1558 1576/1843/1559
f 1576/1843/1559 1436/1842/1558 1437/1844/1560 1577/1845/1561
f 1577/1845/1561 1437/1844/1560 1438/1846/1562 1578/1847/1563
f 1578/1847/1563 1438/1846/1562 1439/1848/1564 1579/1849/1565
f 1579/1849/1565 1439/1848/1564 1440/1850/1566 1580/1851/1567
f 1580/1851/1567 1440/1850/1566 1441/1852/1568 1581/1853/1569
f 1581/1853/1569 1441/1852/1568 1442/1854/1570 1582/1855/1571
f 1582/1855/1571 1442/1854/1570 1443/1856/1572 1583/1857/1573
f 1583/1857/1573 1443/1856/1572 1444/1858/1574 1584/1859/1575
f 1584/1859/1575 1444/1858/1574 1445/1860/1576 1585/1861/1577
f 1585/1861/1577 1445/1860/1576 1446/1862/1578 1586/1863/1579
f 1586/1863/1579 1446/1862/1578 1447/1864/1580 1587/1865/1581
f 1587/1865/1581 1447/1864/1580 1428/1866/1543 1568/1867/1542
f 1608/1868/1582 1451/1869/1583 1448/1870/1584 1609/1871/1585
f 1627/1872/1586 1454/1873/1587 1451/1869/1583 1608/1868/1582
f 1626/1874/1588 1457/1875/1589 1454/1873/1587 1627/1872/1586
f 1625/1876/1590 1460/1877/1591 1457/1875/1589 1626/1874/1588
f 1624/1878/1592 1463/1879/1593 1460/1877/1591 1625/1876/1590
f 1623/1880/1594 1466/1881/1595 1463/1879/1593 1624/1878/1592
f 1622/1882/1596 1469/1883/1597 1466/1881/1595 1623/1880/1594
f 1621/1884/1598 1472/1885/1599 1469/1883/1597 1622/1882/1596
f 1620/1886/1600 1475/1887/1601 1472/1885/1599 1621/1884/1598
f 1619/1888/1602 1478/1889/1603 1475/1887/1601 1620/1886/1600
f 1618/1890/1604 1481/1891/1605 1478/1889/1603 1619/1888/1602
f 1617/1892/1606 1484/1893/1607 1481/1891/1605 1618/1890/1604
f 1616/1894/1608 1487/1895/1609 1484/1893/1607 1617/1892/1606
f 1615/1896/1610 1490/1897/1611 1487/1895/1609 1616/1894/1608
f 1614/1898/1612 1493/1899/1613 1490/1897/1611 1615/1896/1610
f 1613/1900/1614 1496/1901/1615 1493/1899/1613 1614/1898/1612
f 1612/1902/1616 1499/1903/1617 1496/1901/1615 1613/1900/1614
f 1611/1904/1618 1502/1905/1619 1499/1903/1617 1612/1902/1616
f 1610/1906/1620 1505/1907/1621 1502/1905/1619 1611/1904/1618
f 1609/1908/1585 1448/1909/1584 1505/1907/1621 1610/1906/1620
s 40
f 1453/1910/1622 1406/1911/1623 1450/1912/1624
f 1456/1913/1625 1406/1911/1623 1453/1910/1622
f 1459/1914/1626 1406/1911/1623 1456/1913/1625
f 1462/1915/1627 1406/1911/1623 1459/1914/1626
f 1465/1916/1628 1406/1911/1623 1462/1915/1627
f 1468/1917/1629 1406/1911/1623 1465/1916/1628
f 1471/1918/1630 1406/1911/1623 1468/1917/1629
f 1474/1919/1631 1406/1911/1623 1471/1918/1630
f 1477/1920/1632 1406/1911/1623 1474/1919/1631
f 1480/1921/1633 1406/1911/1623 1477/1920/1632
f 1483/1922/1634 1406/1911/1623 1480/1921/1633
f 1486/1923/1635 1406/1911/1623 1483/1922/1634
f 1489/1924/1636 1406/1911/1623 1486/1923/1635
f 1492/1925/1637 1406/1911/1623 1489/1924/1636
f 1495/1926/1638 1406/1911/1623 1492/1925/1637
f 1498/1927/1639 1406/1911/1623 1495/1926/1638
f 1501/1928/1640 1406/1911/1623 1498/1927/1639
f 1504/1929/1641 1406/1911/1623 1501/1928/1640
f 1507/1930/1642 1406/1911/1623 1504/1929/1641
f 1450/1912/1624 1406/1911/1623 1507/1930/1642
s 41
f 1508/1931/1643 1407/1932/1644 1511/1933/1645
f 1511/1933/1645 1407/1932/1644 1514/1934/1646
f 1514/1934/1646 1407/1932/1644 1517/1935/1647
f 1517/1935/1647 1407/1932/1644 1520/1936/1648
f 1520/1936/1648 1407/1932/1644 1523/1937/1649
f 1523/1937/1649 1407/1932/1644 1526/1938/1650
f 1526/1938/1650 1407/1932/1644 1529/1939/1651
f 1529/1939/1651 1407/1932/1644 1532/1940/1652
f 1532/1940/1652 1407/1932/1644 1535/1941/1653
f 1535/1941/1653 1407/1932/1644 1538/1942/1654
f 1538/1942/1654 1407/1932/1644 1541/1943/1655
f 1541/1943/1655 1407/1932/1644 1544/1944/1656
f 1544/1944/1656 1407/1932/1644 1547/1945/1657
f 1547/1945/1657 1407/1932/1644 1550/1946/1658
f 1550/1946/1658 1407/1932/1644 1553/1947/1659
f 1553/1947/1659 1407/1932/1644 1556/1948/1660
f 1556/1948/1660 1407/1932/1644 1559/1949/1661
f 1559/1949/1661 1407/1932/1644 1562/1950/1662
f 1562/1950/1662 1407/1932/1644 1565/1951/1663
f 1565/1951/1663 1407/1932/1644 1508/1931/1643
s 38
f 1409/1952/1664 1567/1953/1665 1510/1954/1666 1408/1955/1667
f 1410/1956/1668 1564/1957/1669 1567/1953/1665 1409/1952/1664
f 1411/1958/1670 1561/1959/1671 1564/1957/1669 1410/1956/1668
f 1412/1960/1672 1558/1961/1673 1561/1959/1671 1411/1958/1670
f 1413/1962/1674 1555/1963/1675 1558/1961/1673 1412/1960/1672
f 1414/1964/1676 1552/1965/1677 1555/1963/1675 1413/1962/1674
f 1415/1966/1678 1549/1967/1679 1552/1965/1677 1414/1964/1676
f 1416/1968/1680 1546/1969/1681 1549/1967/1679 1415/1966/1678
f 1417/1970/1682 1543/1971/1683 1546/1969/1681 1416/1968/1680
f 1418/1972/1684 1540/1973/1685 1543/1971/1683 1417/1970/1682
f 1419/1974/1686 1537/1975/1687 1540/1973/1685 1418/1972/1684
f 1420/1976/1688 1534/1977/1689 1537/1975/1687 1419/1974/1686
f 1421/1978/1690 1531/1979/1691 1534/1977/1689 1420/1976/1688
f 1422/1980/1692 1528/1981/1693 1531/1979/1691 1421/1978/1690
f 1423/1982/1694 1525/1983/1695 1528/1981/1693 1422/1980/1692
f 1424/1984/1696 1522/1985/1697 1525/1983/1695 1423/1982/1694
f 1425/1986/1698 1519/1987/1699 1522/1985/1697 1424/1984/1696
f 1426/1988/1700 1516/1989/1701 1519/1987/1699 1425/1986/1698
f 1427/1990/1702 1513/1991/1703 1516/1989/1701 1426/1988/1700
f 1408/1992/1667 1510/1993/1666 1513/1991/1703 1427/1990/1702
f 1448/1870/1584 1451/1869/1583 1452/1994/1704 1449/1995/1705
s 40
f 1449/1996/1706 1452/1997/1707 1453/1910/1622 1450/1912/1624
s 38
f 1451/1869/1583 1454/1873/1587 1455/1998/1708 1452/1994/1704
s 40
f 1452/1997/1707 1455/1999/1709 1456/1913/1625 1453/1910/1622
s 38
f 1454/1873/1587 1457/1875/1589 1458/2000/1710 1455/1998/1708
s 40
f 1455/1999/1709 1458/2001/1711 1459/1914/1626 1456/1913/1625
s 38
f 1457/1875/1589 1460/1877/1591 1461/2002/1712 1458/2000/1710
s 40
f 1458/2001/1711 1461/2003/1713 1462/1915/1627 1459/1914/1626
s 38
f 1460/1877/1591 1463/1879/1593 1464/2004/1714 1461/2002/1712
s 40
f 1461/2003/1713 1464/2005/1715 1465/1916/1628 1462/1915/1627
s 38
f 1463/1879/1593 1466/1881/1595 1467/2006/1716 1464/2004/1714
s 40
f 1464/2005/1715 1467/2007/1717 1468/1917/1629 1465/1916/1628
s 38
f 1466/1881/1595 1469/1883/1597 1470/2008/1718 1467/2006/1716
s 40
f 1467/2007/1717 1470/2009/1719 1471/1918/1630 1468/1917/1629
s 38
f 1469/1883/1597 1472/1885/1599 1473/2010/1720 1470/2008/1718
s 40
f 1470/2009/1719 1473/2011/1721 1474/1919/1631 1471/1918/1630
s 38
f 1472/1885/1599 1475/1887/1601 1476/2012/1722 1473/2010/1720
s 40
f 1473/2011/1721 1476/2013/1723 1477/1920/1632 1474/1919/1631
s 38
f 1475/1887/1601 1478/1889/1603 1479/2014/1724 1476/2012/1722
s 40
f 1476/2013/1723 1479/2015/1725 1480/1921/1633 1477/1920/1632
s 38
f 1478/1889/1603 1481/1891/1605 1482/2016/1726 1479/2014/1724
s 40
f 1479/2015/1725 1482/2017/1727 1483/1922/1634 1480/1921/1633
s 38
f 1481/1891/1605 1484/1893/1607 1485/2018/1728 1482/2016/1726
s 40
f 1482/2017/1727 1485/2019/1729 1486/1923/1635 1483/1922/1634
s 38
f 1484/1893/1607 1487/1895/1609 1488/2020/1730 1485/2018/1728
s 40
f 1485/2019/1729 1488/2021/1731 1489/1924/1636 1486/1923/1635
s 38
f 1487/1895/1609 1490/1897/1611 1491/2022/1732 1488/2020/1730
s 40
f 1488/2021/1731 1491/2023/1733 1492/1925/1637 1489/1924/1636
s 38
f 1490/1897/1611 1493/1899/1613 1494/2024/1734 1491/2022/1732
s 40
f 1491/2023/1733 1494/2025/1735 1495/1926/1638 1492/1925/1637
s 38
f 1493/1899/1613 1496/1901/1615 1497/2026/1736 1494/2024/1734
s 40
f 1494/2025/1735 1497/2027/1737 1498/1927/1639 1495/1926/1638
s 38
f 1496/1901/1615 1499/1903/1617 1500/2028/1738 1497/2026/1736
s 40
f 1497/2027/1737 1500/2029/1739 1501/1928/1640 1498/1927/1639
s 38
f 1499/1903/1617 1502/1905/1619 1503/2030/1740 1500/2028/1738
s 40
f 1500/2029/1739 1503/2031/1741 1504/1929/1641 1501/1928/1640
s 38
f 1502/1905/1619 1505/1907/1621 1506/2032/1742 1503/2030/1740
s 40
f 1503/2031/1741 1506/2033/1743 1507/1930/1642 1504/1929/1641
f 1450/1912/1624 1507/1930/1642 1506/2033/1743 1449/1996/1706
s 38
f 1449/2034/1705 1506/2032/1742 1505/1907/1621 1448/1909/1584
s 41
f 1508/1931/1643 1511/1933/1645 1512/2035/1744 1509/2036/1745
s 38
f 1509/2037/1746 1512/2038/1747 1513/1991/1703 1510/1993/1666
s 41
f 1511/1933/1645 1514/1934/1646 1515/2039/1748 1512/2035/1744
s 38
f 1512/2038/1747 1515/2040/1749 1516/1989/1701 1513/1991/1703
s 41
f 1514/1934/1646 1517/1935/1647 1518/2041/1750 1515/2039/1748
s 38
f 1515/2040/1749 1518/2042/1751 1519/1987/1699 1516/1989/1701
s 41
f 1517/1935/1647 1520/1936/1648 1521/2043/1752 1518/2041/1750
s 38
f 1518/2042/1751 1521/2044/1753 1522/1985/1697 1519/1987/1699
s 41
f 1520/1936/1648 1523/1937/1649 1524/2045/1754 1521/2043/1752
s 38
f 1521/2044/1753 1524/2046/1755 1525/1983/1695 1522/1985/1697
s 41
f 1523/1937/1649 1526/1938/1650 1527/2047/1756 1524/2045/1754
s 38
f 1524/2046/1755 1527/2048/1757 1528/1981/1693 1525/1983/1695
s 41
f 1526/1938/1650 1529/1939/1651 1530/2049/1758 1527/2047/1756
s 38
f 1527/2048/1757 1530/2050/1759 1531/1979/1691 1528/1981/1693
s 41
f 1529/1939/1651 1532/1940/1652 1533/2051/1760 1530/2049/1758
s 38
f 1530/2050/1759 1533/2052/1761 1534/1977/1689 1531/1979/1691
s 41
f 1532/1940/1652 1535/1941/1653 1536/2053/1762 1533/2051/1760
s 38
f 1533/2052/1761 1536/2054/1763 1537/1975/1687 1534/1977/1689
s 41
f 1535/1941/1653 1538/1942/1654 1539/2055/1764 1536/2053/1762
s 38
f 1536/2054/1763 1539/2056/1765 1540/1973/1685 1537/1975/1687
s 41
f 1538/1942/1654 1541/1943/1655 1542/2057/1766 1539/2055/1764
s 38
f 1539/2056/1765 1542/2058/1767 1543/1971/1683 1540/1973/1685
s 41
f 1541/1943/1655 1544/1944/1656 1545/2059/1768 1542/2057/1766
s 38
f 1542/2058/1767 1545/2060/1769 1546/1969/1681 1543/1971/1683
s 41
f 1544/1944/1656 1547/1945/1657 1548/2061/1770 1545/2059/1768
s 38
f 1545/2060/1769 1548/2062/1771 1549/1967/1679 1546/1969/1681
s 41
f 1547/1945/1657 1550/1946/1658 1551/2063/1772 1548/2061/1770
s 38
f 1548/2062/1771 1551/2064/1773 1552/1965/1677 1549/1967/1679
s 41
f 1550/1946/1658 1553/1947/1659 1554/2065/1774 1551/2063/1772
s 38
f 1551/2064/1773 1554/2066/1775 1555/1963/1675 1552/1965/1677
s 41
f 1553/1947/1659 1556/1948/1660 1557/2067/1776 1554/2065/1774
s 38
f 1554/2066/1775 1557/2068/1777 1558/1961/1673 1555/1963/1675
s 41
f 1556/1948/1660 1559/1949/1661 1560/2069/1778 1557/2067/1776
s 38
f 1557/2068/1777 1560/2070/1779 1561/1959/1671 1558/1961/1673
s 41
f 1559/1949/1661 1562/1950/1662 1563/2071/1780 1560/2069/1778
s 38
f 1560/2070/1779 1563/2072/1781 1564/1957/1669 1561/1959/1671
s 41
f 1562/1950/1662 1565/1951/1663 1566/2073/1782 1563/2071/1780
s 38
f 1563/2072/1781 1566/2074/1783 1567/1953/1665 1564/1957/1669
f 1510/1954/1666 1567/1953/1665 1566/2074/1783 1509/2075/1746
s 41
f 1509/2036/1745 1566/2073/1782 1565/1951/1663 1508/1931/1643
s 38
f 1588/2076/1784 1568/1826/1542 1569/1829/1545 1589/2077/1785
f 1589/2077/1785 1569/1829/1545 1570/1831/1547 1590/2078/1786
f 1590/2078/1786 1570/1831/1547 1571/1833/1549 1591/2079/1787
f 1591/2079/1787 1571/1833/1549 1572/1835/1551 1592/2080/1788
f 1592/2080/1788 1572/1835/1551 1573/1837/1553 1593/2081/1789
f 1593/2081/1789 1573/1837/1553 1574/1839/1555 1594/2082/1790
f 1594/2082/1790 1574/1839/1555 1575/1841/1557 1595/2083/1791
f 1595/2083/1791 1575/1841/1557 1576/1843/1559 1596/2084/1792
f 1596/2084/1792 1576/1843/1559 1577/1845/1561 1597/2085/1793
f 1597/2085/1793 1577/1845/1561 1578/1847/1563 1598/2086/1794
f 1598/2086/1794 1578/1847/1563 1579/1849/1565 1599/2087/1795
f 1599/2087/1795 1579/1849/1565 1580/1851/1567 1600/2088/1796
f 1600/2088/1796 1580/1851/1567 1581/1853/1569 1601/2089/1797
f 1601/2089/1797 1581/1853/1569 1582/1855/1571 1602/2090/1798
f 1602/2090/1798 1582/1855/1571 1583/1857/1573 1603/2091/1799
f 1603/2091/1799 1583/1857/1573 1584/1859/1575 1604/2092/1800
f 1604/2092/1800 1584/1859/1575 1585/1861/1577 1605/2093/1801
f 1605/2093/1801 1585/1861/1577 1586/1863/1579 1606/2094/1802
f 1606/2094/1802 1586/1863/1579 1587/1865/1581 1607/2095/1803
f 1607/2095/1803 1587/1865/1581 1568/1867/1542 1588/2096/1784
f 1409/1952/1664 1408/1955/1667 1588/2076/1784 1589/2077/1785
f 1410/1956/1668 1409/1952/1664 1589/2077/1785 1590/2078/1786
f 1411/1958/1670 1410/1956/1668 1590/2078/1786 1591/2079/1787
f 1412/1960/1672 1411/1958/1670 1591/2079/1787 1592/2080/1788
f 1413/1962/1674 1412/1960/1672 1592/2080/1788 1593/2081/1789
f 1414/1964/1676 1413/1962/1674 1593/2081/1789 1594/2082/1790
f 1415/1966/1678 1414/1964/1676 1594/2082/1790 1595/2083/1791
f 1416/1968/1680 1415/1966/1678 1595/2083/1791 1596/2084/1792
f 1417/1970/1682 1416/1968/1680 1596/2084/1792 1597/2085/1793
f 1418/1972/1684 1417/1970/1682 1597/2085/1793 1598/2086/1794
f 1419/1974/1686 1418/1972/1684 1598/2086/1794 1599/2087/1795
f 1420/1976/1688 1419/1974/1686 1599/2087/1795 1600/2088/1796
f 1421/1978/1690 1420/1976/1688 1600/2088/1796 1601/2089/1797
f 1422/1980/1692 1421/1978/1690 1601/2089/1797 1602/2090/1798
f 1423/1982/1694 1422/1980/1692 1602/2090/1798 1603/2091/1799
f 1424/1984/1696 1423/1982/1694 1603/2091/1799 1604/2092/1800
f 1425/1986/1698 1424/1984/1696 1604/2092/1800 1605/2093/1801
f 1426/1988/1700 1425/1986/1698 1605/2093/1801 1606/2094/1802
f 1427/1990/1702 1426/1988/1700 1606/2094/1802 1607/2095/1803
f 1408/1992/1667 1427/1990/1702 1607/2095/1803 1588/2096/1784
f 1428/1866/1543 1447/1864/1580 1608/1868/1582 1609/1871/1585
f 1429/1828/1544 1428/1827/1543 1609/1908/1585 1610/1906/1620
f 1430/1830/1546 1429/1828/1544 1610/1906/1620 1611/1904/1618
f 1431/1832/1548 1430/1830/1546 1611/1904/1618 1612/1902/1616
f 1432/1834/1550 1431/1832/1548 1612/1902/1616 1613/1900/1614
f 1433/1836/1552 1432/1834/1550 1613/1900/1614 1614/1898/1612
f 1434/1838/1554 1433/1836/1552 1614/1898/1612 1615/1896/1610
f 1435/1840/1556 1434/1838/1554 1615/1896/1610 1616/1894/1608
f 1436/1842/1558 1435/1840/1556 1616/1894/1608 1617/1892/1606
f 1437/1844/1560 1436/1842/1558 1617/1892/1606 1618/1890/1604
f 1438/1846/1562 1437/1844/1560 1618/1890/1604 1619/1888/1602
f 1439/1848/1564 1438/1846/1562 1619/1888/1602 1620/1886/1600
f 1440/1850/1566 1439/1848/1564 1620/1886/1600 1621/1884/1598
f 1441/1852/1568 1440/1850/1566 1621/1884/1598 1622/1882/1596
f 1442/1854/1570 1441/1852/1568 1622/1882/1596 1623/1880/1594
f 1443/1856/1572 1442/1854/1570 1623/1880/1594 1624/1878/1592
f 1444/1858/1574 1443/1856/1572 1624/1878/1592 1625/1876/1590
f 1445/1860/1576 1444/1858/1574 1625/1876/1590 1626/1874/1588
f 1446/1862/1578 1445/1860/1576 1626/1874/1588 1627/1872/1586
f 1447/1864/1580 1446/1862/1578 1627/1872/1586 1608/1868/1582
s 43
f 1628/2097/1804 1636/2098/1805 1637/2099/1806 1629/2100/1807
f 1629/2100/1807 1637/2099/1806 1638/2101/1808 1630/2102/1809
f 1630/2102/1809 1638/2101/1808 1639/2103/1810 1631/2104/1811
f 1631/2104/1811 1639/2103/1810 1640/2105/1812 1632/2106/1813
f 1632/2106/1813 1640/2105/1812 1641/2107/1814 1633/2108/1815
f 1633/2108/1815 1641/2107/1814 1642/2109/1816 1634/2110/1817
f 1634/2110/1817 1642/2109/1816 1643/2111/1818 1635/2112/1819
f 1635/2112/1819 1643/2111/1818 1636/2113/1805 1628/2114/1804
f 1636/2098/1805 1644/2115/1820 1645/2116/1821 1637/2099/1806
f 1637/2099/1806 1645/2116/1821 1646/2117/1822 1638/2101/1808
f 1638/2101/1808 1646/2117/1822 1647/2118/1823 1639/2103/1810
f 1639/2103/1810 1647/2118/1823 1648/2119/1824 1640/2105/1812
f 1640/2105/1812 1648/2119/1824 1649/2120/1825 1641/2107/1814
f 1641/2107/1814 1649/2120/1825 1650/2121/1826 1642/2109/1816
f 1642/2109/1816 1650/2121/1826 1651/2122/1827 1643/2111/1818
f 1643/2111/1818 1651/2122/1827 1644/2123/1820 1636/2113/1805
f 1644/2115/1820 1652/2124/1828 1653/2125/1829 1645/2116/1821
f 1645/2116/1821 1653/2125/1829 1654/2126/1830 1646/2117/1822
f 1646/2117/1822 1654/2126/1830 1655/2127/1831 1647/2118/1823
f 1647/2118/1823 1655/2127/1831 1656/2128/1832 1648/2119/1824
f 1648/2119/1824 1656/2128/1832 1657/2129/1833 1649/2120/1825
f 1649/2120/1825 1657/2129/1833 1658/2130/1834 1650/2121/1826
f 1650/2121/1826 1658/2130/1834 1659/2131/1835 1651/2122/1827
f 1651/2122/1827 1659/2131/1835 1652/2132/1828 1644/2123/1820
f 1652/2124/1828 1660/2133/1836 1661/2134/1837 1653/2125/1829
f 1653/2125/1829 1661/2134/1837 1662/2135/1838 1654/2126/1830
f 1654/2126/1830 1662/2135/1838 1663/2136/1839 1655/2127/1831
f 1655/2127/1831 1663/2136/1839 1664/2137/1840 1656/2128/1832
f 1656/2128/1832 1664/2137/1840 1665/2138/1841 1657/2129/1833
f 1657/2129/1833 1665/2138/1841 1666/2139/1842 1658/2130/1834
f 1658/2130/1834 1666/2139/1842 1667/2140/1843 1659/2131/1835
f 1659/2131/1835 1667/2140/1843 1660/2141/1836 1652/2132/1828
f 1660/2133/1836 1668/2142/1844 1669/2143/1845 1661/2134/1837
f 1661/2134/1837 1669/2143/1845 1670/2144/1846 1662/2135/1838
f 1662/2135/1838 1670/2144/1846 1671/2145/1847 1663/2136/1839
f 1663/2136/1839 1671/2145/1847 1672/2146/1848 1664/2137/1840
f 1664/2137/1840 1672/2146/1848 1673/2147/1849 1665/2138/1841
f 1665/2138/1841 1673/2147/1849 1674/2148/1850 1666/2139/1842
f 1666/2139/1842 1674/2148/1850 1675/2149/1851 1667/2140/1843
f 1667/2140/1843 1675/2149/1851 1668/2150/1844 1660/2141/1836
f 1668/2142/1844 1676/2151/1852 1677/2152/1853 1669/2143/1845
f 1669/2143/1845 1677/2152/1853 1678/2153/1854 1670/2144/1846
f 1670/2144/1846 1678/2153/1854 1679/2154/1855 1671/2145/1847
f 1671/2145/1847 1679/2154/1855 1680/2155/1856 1672/2146/1848
f 1672/2146/1848 1680/2155/1856 1681/2156/1857 1673/2147/1849
f 1673/2147/1849 1681/2156/1857 1682/2157/1858 1674/2148/1850
f 1674/2148/1850 1682/2157/1858 1683/2158/1859 1675/2149/1851
f 1675/2149/1851 1683/2158/1859 1676/2159/1852 1668/2150/1844
f 1629/2100/1807 1684/2160/1860 1628/2097/1804
f 1630/2102/1809 1684/2161/1860 1629/2100/1807
f 1631/2104/1811 1684/2162/1860 1630/2102/1809
f 1632/2106/1813 1684/2163/1860 1631/2104/1811
f 1633/2108/1815 1684/2164/1860 1632/2106/1813
f 1634/2110/1817 1684/2165/1860 1633/2108/1815
f 1635/2112/1819 1684/2166/1860 1634/2110/1817
f 1628/2114/1804 1684/2167/1860 1635/2112/1819
f 1676/2151/1852 1685/2168/1861 1677/2152/1853
f 1677/2152/1853 1685/2169/1861 1678/2153/1854
f 1678/2153/1854 1685/2170/1861 1679/2154/1855
f 1679/2154/1855 1685/2171/1861 1680/2155/1856
f 1680/2155/1856 1685/2172/1861 1681/2156/1857
f 1681/2156/1857 1685/2173/1861 1682/2157/1858
f 1682/2157/1858 1685/2174/1861 1683/2158/1859
f 1683/2158/1859 1685/2175/1861 1676/2159/1852
s 44
f 1686/2176/1862 1691/2177/1863 1692/2178/1864 1687/2179/1865
f 1688/2180/1866 1693/2181/1867 1694/2182/1868 1689/2183/1869
f 1689/2183/1869 1694/2182/1868 1695/2184/1870 1690/2185/1871
f 1690/2185/1871 1695/2184/1870 1691/2186/1863 1686/2187/1862
f 1691/2177/1863 1696/2188/1872 1697/2189/1873 1692/2178/1864
f 1693/2181/1867 1698/2190/1874 1699/2191/1875 1694/2182/1868
f 1694/2182/1868 1699/2191/1875 1700/2192/1876 1695/2184/1870
f 1695/2184/1870 1700/2192/1876 1696/2193/1872 1691/2186/1863
f 1696/2188/1872 1701/2194/1877 1702/2195/1878 1697/2189/1873
f 1698/2190/1874 1703/2196/1879 1704/2197/1880 1699/2191/1875
f 1699/2191/1875 1704/2197/1880 1705/2198/1881 1700/2192/1876
f 1700/2192/1876 1705/2198/1881 1701/2199/1877 1696/2193/1872
f 1701/2194/1877 1706/2200/1882 1707/2201/1883 1702/2195/1878
f 1703/2196/1879 1708/2202/1884 1709/2203/1885 1704/2197/1880
f 1704/2197/1880 1709/2203/1885 1710/2204/1886 1705/2198/1881
f 1705/2198/1881 1710/2204/1886 1706/2205/1882 1701/2199/1877
f 1706/2200/1882 1711/2206/1887 1712/2207/1888 1707/2201/1883
f 1708/2202/1884 1713/2208/1889 1714/2209/1890 1709/2203/1885
f 1709/2203/1885 1714/2209/1890 1715/2210/1891 1710/2204/1886
f 1710/2204/1886 1715/2210/1891 1711/2211/1887 1706/2205/1882
f 1711/2206/1887 1716/2212/1892 1717/2213/1893 1712/2207/1888
f 1713/2208/1889 1718/2214/1894 1719/2215/1895 1714/2209/1890
f 1714/2209/1890 1719/2215/1895 1720/2216/1896 1715/2210/1891
f 1715/2210/1891 1720/2216/1896 1716/2217/1892 1711/2211/1887
f 1687/2179/1865 1721/2218/1897 1686/2176/1862
f 1689/2183/1869 1721/2219/1897 1688/2180/1866
f 1690/2185/1871 1721/2220/1897 1689/2183/1869
f 1686/2187/1862 1721/2221/1897 1690/2185/1871
f 1716/2212/1892 1722/2222/1898 1717/2213/1893
f 1718/2214/1894 1722/2223/1898 1719/2215/1895
f 1719/2215/1895 1722/2224/1898 1720/2216/1896
f 1720/2216/1896 1722/2225/1898 1716/2217/1892
s 46
f 1717/2213/1899 1718/2214/1900 1713/2208/1901 1712/2207/1902
f 1712/2207/1902 1713/2208/1901 1708/2202/1903 1707/2201/1904
f 1707/2201/1904 1708/2202/1903 1703/2196/1905 1702/2195/1906
f 1702/2195/1906 1703/2196/1905 1698/2190/1907 1697/2189/1908
f 1697/2189/1908 1698/2190/1907 1693/2181/1909 1692/2178/1910
f 1692/2178/1910 1693/2181/1909 1688/2180/1911 1687/2179/1912
f 1687/2179/1912 1688/2180/1911 1721/2219/1913
f 1722/2222/1914 1718/2214/1900 1717/2213/1899
s 47
f 1723/2226/1915 1724/2227/1916 1732/2228/1917 1731/2229/1918
f 1724/2227/1916 1725/2230/1919 1733/2231/1920 1732/2228/1917
f 1725/2230/1919 1726/2232/1921 1734/2233/1922 1733/2231/1920
f 1726/2232/1921 1727/2234/1923 1735/2235/1924 1734/2233/1922
f 1727/2234/1923 1728/2236/1925 1736/2237/1926 1735/2235/1924
f 1728/2236/1925 1729/2238/1927 1737/2239/1928 1736/2237/1926
f 1729/2238/1927 1730/2240/1929 1738/2241/1930 1737/2239/1928
f 1730/2240/1929 1723/2242/1915 1731/2243/1918 1738/2241/1930
f 1731/2229/1918 1732/2228/1917 1740/2244/1931 1739/2245/1932
f 1732/2228/1917 1733/2231/1920 1741/2246/1933 1740/2244/1931
f 1733/2231/1920 1734/2233/1922 1742/2247/1934 1741/2246/1933
f 1734/2233/1922 1735/2235/1924 1743/2248/1935 1742/2247/1934
f 1735/2235/1924 1736/2237/1926 1744/2249/1936 1743/2248/1935
f 1736/2237/1926 1737/2239/1928 1745/2250/1937 1744/2249/1936
f 1737/2239/1928 1738/2241/1930 1746/2251/1938 1745/2250/1937
f 1738/2241/1930 1731/2243/1918 1739/2252/1932 1746/2251/1938
f 1739/2245/1932 1740/2244/1931 1748/2253/1939 1747/2254/1940
f 1740/2244/1931 1741/2246/1933 1749/2255/1941 1748/2253/1939
f 1741/2246/1933 1742/2247/1934 1750/2256/1942 1749/2255/1941
f 1742/2247/1934 1743/2248/1935 1751/2257/1943 1750/2256/1942
f 1743/2248/1935 1744/2249/1936 1752/2258/1944 1751/2257/1943
f 1744/2249/1936 1745/2250/1937 1753/2259/1945 1752/2258/1944
f 1745/2250/1937 1746/2251/1938 1754/2260/1946 1753/2259/1945
f 1746/2251/1938 1739/2252/1932 1747/2261/1940 1754/2260/1946
f 1747/2254/1940 1748/2253/1939 1756/2262/1947 1755/2263/1948
f 1748/2253/1939 1749/2255/1941 1757/2264/1949 1756/2262/1947
f 1749/2255/1941 1750/2256/1942 1758/2265/1950 1757/2264/1949
f 1750/2256/1942 1751/2257/1943 1759/2266/1951 1758/2265/1950
f 1751/2257/1943 1752/2258/1944 1760/2267/1952 1759/2266/1951
f 1752/2258/1944 1753/2259/1945 1761/2268/1953 1760/2267/1952
f 1753/2259/1945 1754/2260/1946 1762/2269/1954 1761/2268/1953
f 1754/2260/1946 1747/2261/1940 1755/2270/1948 1762/2269/1954
f 1755/2263/1948 1756/2262/1947 1764/2271/1955 1763/2272/1956
f 1756/2262/1947 1757/2264/1949 1765/2273/1957 1764/2271/1955
f 1757/2264/1949 1758/2265/1950 1766/2274/1958 1765/2273/1957
f 1758/2265/1950 1759/2266/1951 1767/2275/1959 1766/2274/1958
f 1759/2266/1951 1760/2267/1952 1768/2276/1960 1767/2275/1959
f 1760/2267/1952 1761/2268/1953 1769/2277/1961 1768/2276/1960
f 1761/2268/1953 1762/2269/1954 1770/2278/1962 1769/2277/1961
f 1762/2269/1954 1755/2270/1948 1763/2279/1956 1770/2278/1962
f 1763/2272/1956 1764/2271/1955 1772/2280/1963 1771/2281/1964
f 1764/2271/1955 1765/2273/1957 1773/2282/1965 1772/2280/1963
f 1765/2273/1957 1766/2274/1958 1774/2283/1966 1773/2282/1965
f 1766/2274/1958 1767/2275/1959 1775/2284/1967 1774/2283/1966
f 1767/2275/1959 1768/2276/1960 1776/2285/1968 1775/2284/1967
f 1768/2276/1960 1769/2277/1961 1777/2286/1969 1776/2285/1968
f 1769/2277/1961 1770/2278/1962 1778/2287/1970 1777/2286/1969
f 1770/2278/1962 1763/2279/1956 1771/2288/1964 1778/2287/1970
f 1724/2227/1916 1723/2226/1915 1779/2289/1971
f 1725/2230/1919 1724/2227/1916 1779/2290/1971
f 1726/2232/1921 1725/2230/1919 1779/2291/1971
f 1727/2234/1923 1726/2232/1921 1779/2292/1971
f 1728/2236/1925 1727/2234/1923 1779/2293/1971
f 1729/2238/1927 1728/2236/1925 1779/2294/1971
f 1730/2240/1929 1729/2238/1927 1779/2295/1971
f 1723/2242/1915 1730/2240/1929 1779/2296/1971
f 1771/2281/1964 1772/2280/1963 1780/2297/1972
f 1772/2280/1963 1773/2282/1965 1780/2298/1972
f 1773/2282/1965 1774/2283/1966 1780/2299/1972
f 1774/2283/1966 1775/2284/1967 1780/2300/1972
f 1775/2284/1967 1776/2285/1968 1780/2301/1972
f 1776/2285/1968 1777/2286/1969 1780/2302/1972
f 1777/2286/1969 1778/2287/1970 1780/2303/1972
f 1778/2287/1970 1771/2288/1964 1780/2304/1972
s 48
f 1781/2305/1973 1782/2306/1974 1790/2307/1975 1789/2308/1976
f 1782/2306/1974 1783/2309/1977 1791/2310/1978 1790/2307/1975
f 1783/2309/1977 1784/2311/1979 1792/2312/1980 1791/2310/1978
f 1784/2311/1979 1785/2313/1981 1793/2314/1982 1792/2312/1980
f 1785/2313/1981 1786/2315/1983 1794/2316/1984 1793/2314/1982
f 1786/2315/1983 1787/2317/1985 1795/2318/1986 1794/2316/1984
f 1787/2317/1985 1788/2319/1987 1796/2320/1988 1795/2318/1986
f 1788/2319/1987 1781/2321/1973 1789/2322/1976 1796/2320/1988
f 1789/2308/1976 1790/2307/1975 1798/2323/1989 1797/2324/1990
f 1790/2307/1975 1791/2310/1978 1799/2325/1991 1798/2323/1989
f 1791/2310/1978 1792/2312/1980 1800/2326/1992 1799/2325/1991
f 1792/2312/1980 1793/2314/1982 1801/2327/1993 1800/2326/1992
f 1793/2314/1982 1794/2316/1984 1802/2328/1994 1801/2327/1993
f 1794/2316/1984 1795/2318/1986 1803/2329/1995 1802/2328/1994
f 1795/2318/1986 1796/2320/1988 1804/2330/1996 1803/2329/1995
f 1796/2320/1988 1789/2322/1976 1797/2331/1990 1804/2330/1996
f 1797/2324/1990 1798/2323/1989 1806/2332/1997 1805/2333/1998
f 1798/2323/1989 1799/2325/1991 1807/2334/1999 1806/2332/1997
f 1799/2325/1991 1800/2326/1992 1808/2335/2000 1807/2334/1999
f 1800/2326/1992 1801/2327/1993 1809/2336/2001 1808/2335/2000
f 1801/2327/1993 1802/2328/1994 1810/2337/2002 1809/2336/2001
f 1802/2328/1994 1803/2329/1995 1811/2338/2003 1810/2337/2002
f 1803/2329/1995 1804/2330/1996 1812/2339/2004 1811/2338/2003
f 1804/2330/1996 1797/2331/1990 1805/2340/1998 1812/2339/2004
f 1805/2333/1998 1806/2332/1997 1814/2341/2005 1813/2342/2006
f 1806/2332/1997 1807/2334/1999 1815/2343/2007 1814/2341/2005
f 1807/2334/1999 1808/2335/2000 1816/2344/2008 1815/2343/2007
f 1808/2335/2000 1809/2336/2001 1817/2345/2009 1816/2344/2008
f 1809/2336/2001 1810/2337/2002 1818/2346/2010 1817/2345/2009
f 1810/2337/2002 1811/2338/2003 1819/2347/2011 1818/2346/2010
f 1811/2338/2003 1812/2339/2004 1820/2348/2012 1819/2347/2011
f 1812/2339/2004 1805/2340/1998 1813/2349/2006 1820/2348/2012
f 1813/2342/2006 1814/2341/2005 1822/2350/2013 1821/2351/2014
f 1814/2341/2005 1815/2343/2007 1823/2352/2015 1822/2350/2013
f 1815/2343/2007 1816/2344/2008 1824/2353/2016 1823/2352/2015
f 1816/2344/2008 1817/2345/2009 1825/2354/2017 1824/2353/2016
f 1817/2345/2009 1818/2346/2010 1826/2355/2018 1825/2354/2017
f 1818/2346/2010 1819/2347/2011 1827/2356/2019 1826/2355/2018
f 1819/2347/2011 1820/2348/2012 1828/2357/2020 1827/2356/2019
f 1820/2348/2012 1813/2349/2006 1821/2358/2014 1828/2357/2020
f 1821/2351/2014 1822/2350/2013 1830/2359/2021 1829/2360/2022
f 1822/2350/2013 1823/2352/2015 1831/2361/2023 1830/2359/2021
f 1823/2352/2015 1824/2353/2016 1832/2362/2024 1831/2361/2023
f 1824/2353/2016 1825/2354/2017 1833/2363/2025 1832/2362/2024
f 1825/2354/2017 1826/2355/2018 1834/2364/2026 1833/2363/2025
f 1826/2355/2018 1827/2356/2019 1835/2365/2027 1834/2364/2026
f 1827/2356/2019 1828/2357/2020 1836/2366/2028 1835/2365/2027
f 1828/2357/2020 1821/2358/2014 1829/2367/2022 1836/2366/2028
f 1782/2306/1974 1781/2305/1973 1837/2368/2029
f 1783/2309/1977 1782/2306/1974 1837/2369/2029
f 1784/2311/1979 1783/2309/1977 1837/2370/2029
f 1785/2313/1981 1784/2311/1979 1837/2371/2029
f 1786/2315/1983 1785/2313/1981 1837/2372/2029
f 1787/2317/1985 1786/2315/1983 1837/2373/2029
f 1788/2319/1987 1787/2317/1985 1837/2374/2029
f 1781/2321/1973 1788/2319/1987 1837/2375/2029
f 1829/2360/2022 1830/2359/2021 1838/2376/2030
f 1830/2359/2021 1831/2361/2023 1838/2377/2030
f 1831/2361/2023 1832/2362/2024 1838/2378/2030
f 1832/2362/2024 1833/2363/2025 1838/2379/2030
f 1833/2363/2025 1834/2364/2026 1838/2380/2030
f 1834/2364/2026 1835/2365/2027 1838/2381/2030
f 1835/2365/2027 1836/2366/2028 1838/2382/2030
f 1836/2366/2028 1829/2367/2022 1838/2383/2030
s 49
f 1839/2384/2031 1840/2385/2032 1848/2386/2033 1847/2387/2034
f 1840/2385/2032 1841/2388/2035 1849/2389/2036 1848/2386/2033
f 1841/2388/2035 1842/2390/2037 1850/2391/2038 1849/2389/2036
f 1842/2390/2037 1843/2392/2039 1851/2393/2040 1850/2391/2038
f 1843/2392/2039 1844/2394/2041 1852/2395/2042 1851/2393/2040
f 1844/2394/2041 1845/2396/2043 1853/2397/2044 1852/2395/2042
f 1845/2396/2043 1846/2398/2045 1854/2399/2046 1853/2397/2044
f 1846/2398/2045 1839/2400/2031 1847/2401/2034 1854/2399/2046
f 1847/2387/2034 1848/2386/2033 1856/2402/2047 1855/2403/2048
f 1848/2386/2033 1849/2389/2036 1857/2404/2049 1856/2402/2047
f 1849/2389/2036 1850/2391/2038 1858/2405/2050 1857/2404/2049
f 1850/2391/2038 1851/2393/2040 1859/2406/2051 1858/2405/2050
f 1851/2393/2040 1852/2395/2042 1860/2407/2052 1859/2406/2051
f 1852/2395/2042 1853/2397/2044 1861/2408/2053 1860/2407/2052
f 1853/2397/2044 1854/2399/2046 1862/2409/2054 1861/2408/2053
f 1854/2399/2046 1847/2401/2034 1855/2410/2048 1862/2409/2054
f 1855/2403/2048 1856/2402/2047 1864/2411/2055 1863/2412/2056
f 1856/2402/2047 1857/2404/2049 1865/2413/2057 1864/2411/2055
f 1857/2404/2049 1858/2405/2050 1866/2414/2058 1865/2413/2057
f 1858/2405/2050 1859/2406/2051 1867/2415/2059 1866/2414/2058
f 1859/2406/2051 1860/2407/2052 1868/2416/2060 1867/2415/2059
f 1860/2407/2052 1861/2408/2053 1869/2417/2061 1868/2416/2060
f 1861/2408/2053 1862/2409/2054 1870/2418/2062 1869/2417/2061
f 1862/2409/2054 1855/2410/2048 1863/2419/2056 1870/2418/2062
f 1863/2412/2056 1864/2411/2055 1872/2420/2063 1871/2421/2064
f 1864/2411/2055 1865/2413/2057 1873/2422/2065 1872/2420/2063
f 1865/2413/2057 1866/2414/2058 1874/2423/2066 1873/2422/2065
f 1866/2414/2058 1867/2415/2059 1875/2424/2067 1874/2423/2066
f 1867/2415/2059 1868/2416/2060 1876/2425/2068 1875/2424/2067
f 1868/2416/2060 1869/2417/2061 1877/2426/2069 1876/2425/2068
f 1869/2417/2061 1870/2418/2062 1878/2427/2070 1877/2426/2069
f 1870/2418/2062 1863/2419/2056 1871/2428/2064 1878/2427/2070
f 1871/2421/2064 1872/2420/2063 1880/2429/2071 1879/2430/2072
f 1872/2420/2063 1873/2422/2065 1881/2431/2073 1880/2429/2071
f 1873/2422/2065 1874/2423/2066 1882/2432/2074 1881/2431/2073
f 1874/2423/2066 1875/2424/2067 1883/2433/2075 1882/2432/2074
f 1875/2424/2067 1876/2425/2068 1884/2434/2076 1883/2433/2075
f 1876/2425/2068 1877/2426/2069 1885/2435/2077 1884/2434/2076
f 1877/2426/2069 1878/2427/2070 1886/2436/2078 1885/2435/2077
f 1878/2427/2070 1871/2428/2064 1879/2437/2072 1886/2436/2078
f 1879/2430/2072 1880/2429/2071 1888/2438/2079 1887/2439/2080
f 1880/2429/2071 1881/2431/2073 1889/2440/2081 1888/2438/2079
f 1881/2431/2073 1882/2432/2074 1890/2441/2082 1889/2440/2081
f 1882/2432/2074 1883/2433/2075 1891/2442/2083 1890/2441/2082
f 1883/2433/2075 1884/2434/2076 1892/2443/2084 1891/2442/2083
f 1884/2434/2076 1885/2435/2077 1893/2444/2085 1892/2443/2084
f 1885/2435/2077 1886/2436/2078 1894/2445/2086 1893/2444/2085
f 1886/2436/2078 1879/2437/2072 1887/2446/2080 1894/2445/2086
f 1840/2385/2032 1839/2384/2031 1895/2447/2087
f 1841/2388/2035 1840/2385/2032 1895/2448/2087
f 1842/2390/2037 1841/2388/2035 1895/2449/2087
f 1843/2392/2039 1842/2390/2037 1895/2450/2087
f 1844/2394/2041 1843/2392/2039 1895/2451/2087
f 1845/2396/2043 1844/2394/2041 1895/2452/2087
f 1846/2398/2045 1845/2396/2043 1895/2453/2087
f 1839/2400/2031 1846/2398/2045 1895/2454/2087
f 1887/2439/2080 1888/2438/2079 1896/2455/2088
f 1888/2438/2079 1889/2440/2081 1896/2456/2088
f 1889/2440/2081 1890/2441/2082 1896/2457/2088
f 1890/2441/2082 1891/2442/2083 1896/2458/2088
f 1891/2442/2083 1892/2443/2084 1896/2459/2088
f 1892/2443/2084 1893/2444/2085 1896/2460/2088
f 1893/2444/2085 1894/2445/2086 1896/2461/2088
f 1894/2445/2086 1887/2446/2080 1896/2462/2088
s 50
f 1897/2463/2089 1898/2464/2090 1906/2465/2091 1905/2466/2092
f 1898/2464/2090 1899/2467/2093 1907/2468/2094 1906/2465/2091
f 1899/2467/2093 1900/2469/2095 1908/2470/2096 1907/2468/2094
f 1900/2469/2095 1901/2471/2097 1909/2472/2098 1908/2470/2096
f 1901/2471/2097 1902/2473/2099 1910/2474/2100 1909/2472/2098
f 1902/2473/2099 1903/2475/2101 1911/2476/2102 1910/2474/2100
f 1903/2475/2101 1904/2477/2103 1912/2478/2104 1911/2476/2102
f 1904/2477/2103 1897/2479/2089 1905/2480/2092 1912/2478/2104
f 1905/2466/2092 1906/2465/2091 1914/2481/2105 1913/2482/2106
f 1906/2465/2091 1907/2468/2094 1915/2483/2107 1914/2481/2105
f 1907/2468/2094 1908/2470/2096 1916/2484/2108 1915/2483/2107
f 1908/2470/2096 1909/2472/2098 1917/2485/2109 1916/2484/2108
f 1909/2472/2098 1910/2474/2100 1918/2486/2110 1917/2485/2109
f 1910/2474/2100 1911/2476/2102 1919/2487/2111 1918/2486/2110
f 1911/2476/2102 1912/2478/2104 1920/2488/2112 1919/2487/2111
f 1912/2478/2104 1905/2480/2092 1913/2489/2106 1920/2488/2112
f 1913/2482/2106 1914/2481/2105 1922/2490/2113 1921/2491/2114
f 1914/2481/2105 1915/2483/2107 1923/2492/2115 1922/2490/2113
f 1915/2483/2107 1916/2484/2108 1924/2493/2116 1923/2492/2115
f 1916/2484/2108 1917/2485/2109 1925/2494/2117 1924/2493/2116
f 1917/2485/2109 1918/2486/2110 1926/2495/2118 1925/2494/2117
f 1918/2486/2110 1919/2487/2111 1927/2496/2119 1926/2495/2118
f 1919/2487/2111 1920/2488/2112 1928/2497/2120 1927/2496/2119
f 1920/2488/2112 1913/2489/2106 1921/2498/2114 1928/2497/2120
f 1921/2491/2114 1922/2490/2113 1930/2499/2121 1929/2500/2122
f 1922/2490/2113 1923/2492/2115 1931/2501/2123 1930/2499/2121
f 1923/2492/2115 1924/2493/2116 1932/2502/2124 1931/2501/2123
f 1924/2493/2116 1925/2494/2117 1933/2503/2125 1932/2502/2124
f 1925/2494/2117 1926/2495/2118 1934/2504/2126 1933/2503/2125
f 1926/2495/2118 1927/2496/2119 1935/2505/2127 1934/2504/2126
f 1927/2496/2119 1928/2497/2120 1936/2506/2128 1935/2505/2127
f 1928/2497/2120 1921/2498/2114 1929/2507/2122 1936/2506/2128
f 1929/2500/2122 1930/2499/2121 1938/2508/2129 1937/2509/2130
f 1930/2499/2121 1931/2501/2123 1939/2510/2131 1938/2508/2129
f 1931/2501/2123 1932/2502/2124 1940/2511/2132 1939/2510/2131
f 1932/2502/2124 1933/2503/2125 1941/2512/2133 1940/2511/2132
f 1933/2503/2125 1934/2504/2126 1942/2513/2134 1941/2512/2133
f 1934/2504/2126 1935/2505/2127 1943/2514/2135 1942/2513/2134
f 1935/2505/2127 1936/2506/2128 1944/2515/2136 1943/2514/2135
f 1936/2506/2128 1929/2507/2122 1937/2516/2130 1944/2515/2136
f 1937/2509/2130 1938/2508/2129 1946/2517/2137 1945/2518/2138
f 1938/2508/2129 1939/2510/2131 1947/2519/2139 1946/2517/2137
f 1939/2510/2131 1940/2511/2132 1948/2520/2140 1947/2519/2139
f 1940/2511/2132 1941/2512/2133 1949/2521/2141 1948/2520/2140
f 1941/2512/2133 1942/2513/2134 1950/2522/2142 1949/2521/2141
f 1942/2513/2134 1943/2514/2135 1951/2523/2143 1950/2522/2142
f 1943/2514/2135 1944/2515/2136 1952/2524/2144 1951/2523/2143
f 1944/2515/2136 1937/2516/2130 1945/2525/2138 1952/2524/2144
f 1898/2464/2090 1897/2463/2089 1953/2526/2145
f 1899/2467/2093 1898/2464/2090 1953/2527/2145
f 1900/2469/2095 1899/2467/2093 1953/2528/2145
f 1901/2471/2097 1900/2469/2095 1953/2529/2145
f 1902/2473/2099 1901/2471/2097 1953/2530/2145
f 1903/2475/2101 1902/2473/2099 1953/2531/2145
f 1904/2477/2103 1903/2475/2101 1953/2532/2145
f 1897/2479/2089 1904/2477/2103 1953/2533/2145
f 1945/2518/2138 1946/2517/2137 1954/2534/2146
f 1946/2517/2137 1947/2519/2139 1954/2535/2146
f 1947/2519/2139 1948/2520/2140 1954/2536/2146
f 1948/2520/2140 1949/2521/2141 1954/2537/2146
f 1949/2521/2141 1950/2522/2142 1954/2538/2146
f 1950/2522/2142 1951/2523/2143 1954/2539/2146
f 1951/2523/2143 1952/2524/2144 1954/2540/2146
f 1952/2524/2144 1945/2525/2138 1954/2541/2146
s 51
f 1955/2542/2147 1956/2543/2148 1989/2544/2149 1979/2545/2150
f 1956/2543/2148 1957/2546/2151 1988/2547/2152 1989/2544/2149
f 1957/2546/2151 1958/2548/2153 1987/2549/2154 1988/2547/2152
f 1958/2548/2153 1959/2550/2155 1986/2551/2156 1987/2549/2154
f 1959/2550/2155 1960/2552/2157 1985/2553/2158 1986/2551/2156
f 1960/2552/2157 1961/2554/2159 1984/2555/2160 1985/2553/2158
f 1961/2554/2159 1962/2556/2161 1983/2557/2162 1984/2555/2160
f 1962/2556/2161 1963/2558/2163 1982/2559/2164 1983/2557/2162
f 1963/2558/2163 1964/2560/2165 1981/2561/2166 1982/2559/2164
f 1965/2562/2167 1955/2563/2147 1979/2564/2150 1980/2565/2168
f 1956/2566/2148 1955/2567/2147 1977/2568/2169
f 1957/2569/2151 1956/2566/2148 1977/2568/2169
f 1958/2570/2153 1957/2569/2151 1977/2568/2169
f 1959/2571/2155 1958/2570/2153 1977/2568/2169
f 1960/2572/2157 1959/2571/2155 1977/2568/2169
f 1961/2573/2159 1960/2572/2157 1977/2568/2169
f 1962/2574/2161 1961/2573/2159 1977/2568/2169
f 1963/2575/2163 1962/2574/2161 1977/2568/2169
f 1964/2576/2165 1963/2575/2163 1977/2568/2169
f 1955/2567/2147 1965/2577/2167 1977/2568/2169
f 1966/2578/2170 1967/2579/2171 2042/2580/2172 2043/2581/2173
f 1967/2579/2171 1968/2582/2174 2041/2583/2175 2042/2580/2172
f 1968/2582/2174 1969/2584/2176 2040/2585/2177 2041/2583/2175
f 1969/2584/2176 1970/2586/2178 2039/2587/2179 2040/2585/2177
f 1970/2586/2178 1971/2588/2180 2038/2589/2181 2039/2587/2179
f 1971/2588/2180 1972/2590/2182 2037/2591/2183 2038/2589/2181
f 1972/2590/2182 1973/2592/2184 2036/2593/2185 2037/2591/2183
f 1973/2592/2184 1974/2594/2186 2035/2595/2187 2036/2593/2185
f 1974/2594/2186 1975/2596/2188 2034/2597/2189 2035/2595/2187
f 1976/2598/2190 1966/2578/2170 2043/2581/2173 2044/2599/2191
f 1980/2565/2168 1979/2564/2150 1990/2600/2192 1991/2601/2193
f 1982/2559/2164 1981/2561/2166 1992/2602/2194 1993/2603/2195
f 1983/2557/2162 1982/2559/2164 1993/2603/2195 1994/2604/2196
f 1984/2555/2160 1983/2557/2162 1994/2604/2196 1995/2605/2197
f 1985/2553/2158 1984/2555/2160 1995/2605/2197 1996/2606/2198
f 1986/2551/2156 1985/2553/2158 1996/2606/2198 1997/2607/2199
f 1987/2549/2154 1986/2551/2156 1997/2607/2199 1998/2608/2200
f 1988/2547/2152 1987/2549/2154 1998/2608/2200 1999/2609/2201
f 1989/2544/2149 1988/2547/2152 1999/2609/2201 2000/2610/2202
f 1979/2545/2150 1989/2544/2149 2000/2610/2202 1990/2611/2192
f 1991/2601/2193 1990/2600/2192 2001/2612/2203 2002/2613/2204
f 1993/2603/2195 1992/2602/2194 2003/2614/2205 2004/2615/2206
f 1994/2604/2196 1993/2603/2195 2004/2615/2206 2005/2616/2207
f 1995/2605/2197 1994/2604/2196 2005/2616/2207 2006/2617/2208
f 1996/2606/2198 1995/2605/2197 2006/2617/2208 2007/2618/2209
f 1997/2607/2199 1996/2606/2198 2007/2618/2209 2008/2619/2210
f 1998/2608/2200 1997/2607/2199 2008/2619/2210 2009/2620/2211
f 1999/2609/2201 1998/2608/2200 2009/2620/2211 2010/2621/2212
f 2000/2610/2202 1999/2609/2201 2010/2621/2212 2011/2622/2213
f 1990/2611/2192 2000/2610/2202 2011/2622/2213 2001/2623/2203
f 2002/2613/2204 2001/2612/2203 2012/2624/2214 2013/2625/2215
f 2004/2615/2206 2003/2614/2205 2014/2626/2216 2015/2627/2217
f 2005/2616/2207 2004/2615/2206 2015/2627/2217 2016/2628/2218
f 2006/2617/2208 2005/2616/2207 2016/2628/2218 2017/2629/2219
f 2007/2618/2209 2006/2617/2208 2017/2629/2219 2018/2630/2220
f 2008/2619/2210 2007/2618/2209 2018/2630/2220 2019/2631/2221
f 2009/2620/2211 2008/2619/2210 2019/2631/2221 2020/2632/2222
f 2010/2621/2212 2009/2620/2211 2020/2632/2222 2021/2633/2223
f 2011/2622/2213 2010/2621/2212 2021/2633/2223 2022/2634/2224
f 2001/2623/2203 2011/2622/2213 2022/2634/2224 2012/2635/2214
f 2013/2625/2215 2012/2624/2214 2023/2636/2225 2024/2637/2226
f 2015/2627/2217 2014/2626/2216 2025/2638/2227 2026/2639/2228
f 2016/2628/2218 2015/2627/2217 2026/2639/2228 2027/2640/2229
f 2017/2629/2219 2016/2628/2218 2027/2640/2229 2028/2641/2230
f 2018/2630/2220 2017/2629/2219 2028/2641/2230 2029/2642/2231
f 2019/2631/2221 2018/2630/2220 2029/2642/2231 2030/2643/2232
f 2020/2632/2222 2019/2631/2221 2030/2643/2232 2031/2644/2233
f 2021/2633/2223 2020/2632/2222 2031/2644/2233 2032/2645/2234
f 2022/2634/2224 2021/2633/2223 2032/2645/2234 2033/2646/2235
f 2012/2635/2214 2022/2634/2224 2033/2646/2235 2023/2647/2225
f 2024/2637/2226 2023/2636/2225 2054/2648/2236 2055/2649/2237
f 2026/2639/2228 2025/2638/2227 2045/2650/2238 2046/2651/2239
f 2027/2640/2229 2026/2639/2228 2046/2651/2239 2047/2652/2240
f 2028/2641/2230 2027/2640/2229 2047/2652/2240 2048/2653/2241
f 2029/2642/2231 2028/2641/2230 2048/2653/2241 2049/2654/2242
f 2030/2643/2232 2029/2642/2231 2049/2654/2242 2050/2655/2243
f 2031/2644/2233 2030/2643/2232 2050/2655/2243 2051/2656/2244
f 2032/2645/2234 2031/2644/2233 2051/2656/2244 2052/2657/2245
f 2033/2646/2235 2032/2645/2234 2052/2657/2245 2053/2658/2246
f 2023/2647/2225 2033/2646/2235 2053/2658/2246 2054/2659/2236
f 2035/2595/2187 2034/2597/2189 1978/2660/2247
f 2036/2593/2185 2035/2595/2187 1978/2660/2247
f 2037/2591/2183 2036/2593/2185 1978/2660/2247
f 2038/2589/2181 2037/2591/2183 1978/2660/2247
f 2039/2587/2179 2038/2589/2181 1978/2660/2247
f 2040/2585/2177 2039/2587/2179 1978/2660/2247
f 2041/2583/2175 2040/2585/2177 1978/2660/2247
f 2042/2580/2172 2041/2583/2175 1978/2660/2247
f 2043/2581/2173 2042/2580/2172 1978/2660/2247
f 2044/2599/2191 2043/2581/2173 1978/2660/2247
f 2046/2651/2239 2045/2650/2238 1975/2596/2188 1974/2661/2186
f 2047/2652/2240 2046/2651/2239 1974/2661/2186 1973/2662/2184
f 2048/2653/2241 2047/2652/2240 1973/2662/2184 1972/2663/2182
f 2049/2654/2242 2048/2653/2241 1972/2663/2182 1971/2664/2180
f 2050/2655/2243 2049/2654/2242 1971/2664/2180 1970/2665/2178
f 2051/2656/2244 2050/2655/2243 1970/2665/2178 1969/2666/2176
f 2052/2657/2245 2051/2656/2244 1969/2666/2176 1968/2667/2174
f 2053/2658/2246 2052/2657/2245 1968/2667/2174 1967/2668/2171
f 2054/2659/2236 2053/2658/2246 1967/2668/2171 1966/2669/2170
f 2055/2649/2237 2054/2648/2236 1966/2670/2170 1976/2598/2190
s 53
f 1981/2561/2248 1964/2560/2249 1965/2562/2250 1980/2565/2251
f 1980/2565/2251 1991/2601/2252 1992/2602/2253 1981/2561/2248
f 1991/2601/2252 2002/2613/2254 2003/2614/2255 1992/2602/2253
f 2002/2613/2254 2013/2625/2256 2014/2626/2257 2003/2614/2255
f 2013/2625/2256 2024/2637/2258 2025/2638/2259 2014/2626/2257
f 2024/2637/2258 2055/2649/2260 2045/2650/2261 2025/2638/2259
f 1975/2596/2262 2045/2650/2261 2055/2649/2260 1976/2598/2263
f 2034/2597/2264 1975/2596/2262 1976/2598/2263 2044/2599/2265
f 1978/2660/2266 2034/2597/2264 2044/2599/2265
s 54
f 2056/2671/2267 2057/2672/2268 2065/2673/2269 2064/2674/2270
f 2057/2672/2268 2058/2675/2271 2066/2676/2272 2065/2673/2269
f 2058/2675/2271 2059/2677/2273 2067/2678/2274 2066/2676/2272
f 2059/2677/2273 2060/2679/2275 2068/2680/2276 2067/2678/2274
f 2060/2679/2275 2061/2681/2277 2069/2682/2278 2068/2680/2276
f 2061/2681/2277 2062/2683/2279 2070/2684/2280 2069/2682/2278
f 2062/2683/2279 2063/2685/2281 2071/2686/2282 2070/2684/2280
f 2063/2685/2281 2056/2687/2267 2064/2688/2270 2071/2686/2282
f 2064/2674/2270 2065/2673/2269 2073/2689/2283 2072/2690/2284
f 2065/2673/2269 2066/2676/2272 2074/2691/2285 2073/2689/2283
f 2066/2676/2272 2067/2678/2274 2075/2692/2286 2074/2691/2285
f 2067/2678/2274 2068/2680/2276 2076/2693/2287 2075/2692/2286
f 2068/2680/2276 2069/2682/2278 2077/2694/2288 2076/2693/2287
f 2069/2682/2278 2070/2684/2280 2078/2695/2289 2077/2694/2288
f 2070/2684/2280 2071/2686/2282 2079/2696/2290 2078/2695/2289
f 2071/2686/2282 2064/2688/2270 2072/2697/2284 2079/2696/2290
f 2072/2690/2284 2073/2689/2283 2081/2698/2291 2080/2699/2292
f 2073/2689/2283 2074/2691/2285 2082/2700/2293 2081/2698/2291
f 2074/2691/2285 2075/2692/2286 2083/2701/2294 2082/2700/2293
f 2075/2692/2286 2076/2693/2287 2084/2702/2295 2083/2701/2294
f 2076/2693/2287 2077/2694/2288 2085/2703/2296 2084/2702/2295
f 2077/2694/2288 2078/2695/2289 2086/2704/2297 2085/2703/2296
f 2078/2695/2289 2079/2696/2290 2087/2705/2298 2086/2704/2297
f 2079/2696/2290 2072/2697/2284 2080/2706/2292 2087/2705/2298
f 2080/2699/2292 2081/2698/2291 2089/2707/2299 2088/2708/2300
f 2081/2698/2291 2082/2700/2293 2090/2709/2301 2089/2707/2299
f 2082/2700/2293 2083/2701/2294 2091/2710/2302 2090/2709/2301
f 2083/2701/2294 2084/2702/2295 2092/2711/2303 2091/2710/2302
f 2084/2702/2295 2085/2703/2296 2093/2712/2304 2092/2711/2303
f 2085/2703/2296 2086/2704/2297 2094/2713/2305 2093/2712/2304
f 2086/2704/2297 2087/2705/2298 2095/2714/2306 2094/2713/2305
f 2087/2705/2298 2080/2706/2292 2088/2715/2300 2095/2714/2306
f 2088/2708/2300 2089/2707/2299 2097/2716/2307 2096/2717/2308
f 2089/2707/2299 2090/2709/2301 2098/2718/2309 2097/2716/2307
f 2090/2709/2301 2091/2710/2302 2099/2719/2310 2098/2718/2309
f 2091/2710/2302 2092/2711/2303 2100/2720/2311 2099/2719/2310
f 2092/2711/2303 2093/2712/2304 2101/2721/2312 2100/2720/2311
f 2093/2712/2304 2094/2713/2305 2102/2722/2313 2101/2721/2312
f 2094/2713/2305 2095/2714/2306 2103/2723/2314 2102/2722/2313
f 2095/2714/2306 2088/2715/2300 2096/2724/2308 2103/2723/2314
f 2096/2717/2308 2097/2716/2307 2105/2725/2315 2104/2726/2316
f 2097/2716/2307 2098/2718/2309 2106/2727/2317 2105/2725/2315
f 2098/2718/2309 2099/2719/2310 2107/2728/2318 2106/2727/2317
f 2099/2719/2310 2100/2720/2311 2108/2729/2319 2107/2728/2318
f 2100/2720/2311 2101/2721/2312 2109/2730/2320 2108/2729/2319
f 2101/2721/2312 2102/2722/2313 2110/2731/2321 2109/2730/2320
f 2102/2722/2313 2103/2723/2314 2111/2732/2322 2110/2731/2321
f 2103/2723/2314 2096/2724/2308 2104/2733/2316 2111/2732/2322
f 2057/2672/2268 2056/2671/2267 2112/2734/2323
f 2058/2675/2271 2057/2672/2268 2112/2735/2323
f 2059/2677/2273 2058/2675/2271 2112/2736/2323
f 2060/2679/2275 2059/2677/2273 2112/2737/2323
f 2061/2681/2277 2060/2679/2275 2112/2738/2323
f 2062/2683/2279 2061/2681/2277 2112/2739/2323
f 2063/2685/2281 2062/2683/2279 2112/2740/2323
f 2056/2687/2267 2063/2685/2281 2112/2741/2323
f 2104/2726/2316 2105/2725/2315 2113/2742/2324
f 2105/2725/2315 2106/2727/2317 2113/2743/2324
f 2106/2727/2317 2107/2728/2318 2113/2744/2324
f 2107/2728/2318 2108/2729/2319 2113/2745/2324
f 2108/2729/2319 2109/2730/2320 2113/2746/2324
f 2109/2730/2320 2110/2731/2321 2113/2747/2324
f 2110/2731/2321 2111/2732/2322 2113/2748/2324
f 2111/2732/2322 2104/2733/2316 2113/2749/2324
s 55
f 2296/2750/2325 2136/2751/2326 2137/2752/2327 2297/2753/2328
f 2297/2753/2328 2137/2752/2327 2138/2754/2329 2298/2755/2330
f 2298/2755/2330 2138/2754/2329 2139/2756/2331 2299/2757/2332
f 2299/2757/2332 2139/2756/2331 2140/2758/2333 2300/2759/2334
f 2300/2759/2334 2140/2758/2333 2141/2760/2335 2301/2761/2336
f 2301/2761/2336 2141/2760/2335 2142/2762/2337 2302/2763/2338
f 2302/2763/2338 2142/2762/2337 2143/2764/2339 2303/2765/2340
f 2303/2765/2340 2143/2764/2339 2144/2766/2341 2304/2767/2342
f 2304/2767/2342 2144/2766/2341 2145/2768/2343 2305/2769/2344
f 2305/2769/2344 2145/2768/2343 2146/2770/2345 2306/2771/2346
f 2306/2771/2346 2146/2770/2345 2147/2772/2347 2307/2773/2348
f 2307/2773/2348 2147/2772/2347 2148/2774/2349 2308/2775/2350
f 2308/2775/2350 2148/2774/2349 2149/2776/2351 2309/2777/2352
f 2309/2777/2352 2149/2776/2351 2150/2778/2353 2310/2779/2354
f 2310/2779/2354 2150/2778/2353 2151/2780/2355 2311/2781/2356
f 2311/2781/2356 2151/2780/2355 2152/2782/2357 2312/2783/2358
f 2312/2783/2358 2152/2782/2357 2153/2784/2359 2313/2785/2360
f 2313/2785/2360 2153/2784/2359 2154/2786/2361 2314/2787/2362
f 2314/2787/2362 2154/2786/2361 2155/2788/2363 2315/2789/2364
f 2315/2789/2364 2155/2788/2363 2136/2790/2326 2296/2791/2325
f 2157/2792/2365 2137/2752/2327 2136/2751/2326 2156/2793/2366
f 2158/2794/2367 2138/2754/2329 2137/2752/2327 2157/2792/2365
f 2159/2795/2368 2139/2756/2331 2138/2754/2329 2158/2794/2367
f 2160/2796/2369 2140/2758/2333 2139/2756/2331 2159/2795/2368
f 2161/2797/2370 2141/2760/2335 2140/2758/2333 2160/2796/2369
f 2162/2798/2371 2142/2762/2337 2141/2760/2335 2161/2797/2370
f 2163/2799/2372 2143/2764/2339 2142/2762/2337 2162/2798/2371
f 2164/2800/2373 2144/2766/2341 2143/2764/2339 2163/2799/2372
f 2165/2801/2374 2145/2768/2343 2144/2766/2341 2164/2800/2373
f 2166/2802/2375 2146/2770/2345 2145/2768/2343 2165/2801/2374
f 2167/2803/2376 2147/2772/2347 2146/2770/2345 2166/2802/2375
f 2168/2804/2377 2148/2774/2349 2147/2772/2347 2167/2803/2376
f 2169/2805/2378 2149/2776/2351 2148/2774/2349 2168/2804/2377
f 2170/2806/2379 2150/2778/2353 2149/2776/2351 2169/2805/2378
f 2171/2807/2380 2151/2780/2355 2150/2778/2353 2170/2806/2379
f 2172/2808/2381 2152/2782/2357 2151/2780/2355 2171/2807/2380
f 2173/2809/2382 2153/2784/2359 2152/2782/2357 2172/2808/2381
f 2174/2810/2383 2154/2786/2361 2153/2784/2359 2173/2809/2382
f 2175/2811/2384 2155/2788/2363 2154/2786/2361 2174/2810/2383
f 2156/2812/2366 2136/2790/2326 2155/2788/2363 2175/2811/2384
f 2176/2813/2385 2156/2812/2366 2175/2811/2384 2179/2814/2386
f 2179/2814/2386 2175/2811/2384 2174/2810/2383 2182/2815/2387
f 2182/2815/2387 2174/2810/2383 2173/2809/2382 2185/2816/2388
f 2185/2816/2388 2173/2809/2382 2172/2808/2381 2188/2817/2389
f 2188/2817/2389 2172/2808/2381 2171/2807/2380 2191/2818/2390
f 2191/2818/2390 2171/2807/2380 2170/2806/2379 2194/2819/2391
f 2194/2819/2391 2170/2806/2379 2169/2805/2378 2197/2820/2392
f 2197/2820/2392 2169/2805/2378 2168/2804/2377 2200/2821/2393
f 2200/2821/2393 2168/2804/2377 2167/2803/2376 2203/2822/2394
f 2203/2822/2394 2167/2803/2376 2166/2802/2375 2206/2823/2395
f 2206/2823/2395 2166/2802/2375 2165/2801/2374 2209/2824/2396
f 2209/2824/2396 2165/2801/2374 2164/2800/2373 2212/2825/2397
f 2212/2825/2397 2164/2800/2373 2163/2799/2372 2215/2826/2398
f 2215/2826/2398 2163/2799/2372 2162/2798/2371 2218/2827/2399
f 2218/2827/2399 2162/2798/2371 2161/2797/2370 2221/2828/2400
f 2221/2828/2400 2161/2797/2370 2160/2796/2369 2224/2829/2401
f 2224/2829/2401 2160/2796/2369 2159/2795/2368 2227/2830/2402
f 2227/2830/2402 2159/2795/2368 2158/2794/2367 2230/2831/2403
f 2230/2831/2403 2158/2794/2367 2157/2792/2365 2233/2832/2404
f 2233/2832/2404 2157/2792/2365 2156/2793/2366 2176/2833/2385
s 56
f 2181/2834/2405 2114/2835/2406 2178/2836/2407
f 2184/2837/2408 2114/2835/2406 2181/2834/2405
f 2187/2838/2409 2114/2835/2406 2184/2837/2408
f 2190/2839/2410 2114/2835/2406 2187/2838/2409
f 2193/2840/2411 2114/2835/2406 2190/2839/2410
f 2196/2841/2412 2114/2835/2406 2193/2840/2411
f 2199/2842/2413 2114/2835/2406 2196/2841/2412
f 2202/2843/2414 2114/2835/2406 2199/2842/2413
f 2205/2844/2415 2114/2835/2406 2202/2843/2414
f 2208/2845/2416 2114/2835/2406 2205/2844/2415
f 2211/2846/2417 2114/2835/2406 2208/2845/2416
f 2214/2847/2418 2114/2835/2406 2211/2846/2417
f 2217/2848/2419 2114/2835/2406 2214/2847/2418
f 2220/2849/2420 2114/2835/2406 2217/2848/2419
f 2223/2850/2421 2114/2835/2406 2220/2849/2420
f 2226/2851/2422 2114/2835/2406 2223/2850/2421
f 2229/2852/2423 2114/2835/2406 2226/2851/2422
f 2232/2853/2424 2114/2835/2406 2229/2852/2423
f 2235/2854/2425 2114/2835/2406 2232/2853/2424
f 2178/2836/2407 2114/2835/2406 2235/2854/2425
s 57
f 2236/2855/2426 2115/2856/2427 2239/2857/2428
f 2239/2857/2428 2115/2856/2427 2242/2858/2429
f 2242/2858/2429 2115/2856/2427 2245/2859/2430
f 2245/2859/2430 2115/2856/2427 2248/2860/2431
f 2248/2860/2431 2115/2856/2427 2251/2861/2432
f 2251/2861/2432 2115/2856/2427 2254/2862/2433
f 2254/2862/2433 2115/2856/2427 2257/2863/2434
f 2257/2863/2434 2115/2856/2427 2260/2864/2435
f 2260/2864/2435 2115/2856/2427 2263/2865/2436
f 2263/2865/2436 2115/2856/2427 2266/2866/2437
f 2266/2866/2437 2115/2856/2427 2269/2867/2438
f 2269/2867/2438 2115/2856/2427 2272/2868/2439
f 2272/2868/2439 2115/2856/2427 2275/2869/2440
f 2275/2869/2440 2115/2856/2427 2278/2870/2441
f 2278/2870/2441 2115/2856/2427 2281/2871/2442
f 2281/2871/2442 2115/2856/2427 2284/2872/2443
f 2284/2872/2443 2115/2856/2427 2287/2873/2444
f 2287/2873/2444 2115/2856/2427 2290/2874/2445
f 2290/2874/2445 2115/2856/2427 2293/2875/2446
f 2293/2875/2446 2115/2856/2427 2236/2855/2426
s 55
f 2117/2876/2447 2295/2877/2448 2238/2878/2449 2116/2879/2450
f 2118/2880/2451 2292/2881/2452 2295/2877/2448 2117/2876/2447
f 2119/2882/2453 2289/2883/2454 2292/2881/2452 2118/2880/2451
f 2120/2884/2455 2286/2885/2456 2289/2883/2454 2119/2882/2453
f 2121/2886/2457 2283/2887/2458 2286/2885/2456 2120/2884/2455
f 2122/2888/2459 2280/2889/2460 2283/2887/2458 2121/2886/2457
f 2123/2890/2461 2277/2891/2462 2280/2889/2460 2122/2888/2459
f 2124/2892/2463 2274/2893/2464 2277/2891/2462 2123/2890/2461
f 2125/2894/2465 2271/2895/2466 2274/2893/2464 2124/2892/2463
f 2126/2896/2467 2268/2897/2468 2271/2895/2466 2125/2894/2465
f 2127/2898/2469 2265/2899/2470 2268/2897/2468 2126/2896/2467
f 2128/2900/2471 2262/2901/2472 2265/2899/2470 2127/2898/2469
f 2129/2902/2473 2259/2903/2474 2262/2901/2472 2128/2900/2471
f 2130/2904/2475 2256/2905/2476 2259/2903/2474 2129/2902/2473
f 2131/2906/2477 2253/2907/2478 2256/2905/2476 2130/2904/2475
f 2132/2908/2479 2250/2909/2480 2253/2907/2478 2131/2906/2477
f 2133/2910/2481 2247/2911/2482 2250/2909/2480 2132/2908/2479
f 2134/2912/2483 2244/2913/2484 2247/2911/2482 2133/2910/2481
f 2135/2914/2485 2241/2915/2486 2244/2913/2484 2134/2912/2483
f 2116/2916/2450 2238/2917/2449 2241/2915/2486 2135/2914/2485
f 2176/2813/2385 2179/2814/2386 2180/2918/2487 2177/2919/2488
s 56
f 2177/2920/2489 2180/2921/2490 2181/2834/2405 2178/2836/2407
s 55
f 2179/2814/2386 2182/2815/2387 2183/2922/2491 2180/2918/2487
s 56
f 2180/2921/2490 2183/2923/2492 2184/2837/2408 2181/2834/2405
s 55
f 2182/2815/2387 2185/2816/2388 2186/2924/2493 2183/2922/2491
s 56
f 2183/2923/2492 2186/2925/2494 2187/2838/2409 2184/2837/2408
s 55
f 2185/2816/2388 2188/2817/2389 2189/2926/2495 2186/2924/2493
s 56
f 2186/2925/2494 2189/2927/2496 2190/2839/2410 2187/2838/2409
s 55
f 2188/2817/2389 2191/2818/2390 2192/2928/2497 2189/2926/2495
s 56
f 2189/2927/2496 2192/2929/2498 2193/2840/2411 2190/2839/2410
s 55
f 2191/2818/2390 2194/2819/2391 2195/2930/2499 2192/2928/2497
s 56
f 2192/2929/2498 2195/2931/2500 2196/2841/2412 2193/2840/2411
s 55
f 2194/2819/2391 2197/2820/2392 2198/2932/2501 2195/2930/2499
s 56
f 2195/2931/2500 2198/2933/2502 2199/2842/2413 2196/2841/2412
s 55
f 2197/2820/2392 2200/2821/2393 2201/2934/2503 2198/2932/2501
s 56
f 2198/2933/2502 2201/2935/2504 2202/2843/2414 2199/2842/2413
s 55
f 2200/2821/2393 2203/2822/2394 2204/2936/2505 2201/2934/2503
s 56
f 2201/2935/2504 2204/2937/2506 2205/2844/2415 2202/2843/2414
s 55
f 2203/2822/2394 2206/2823/2395 2207/2938/2507 2204/2936/2505
s 56
f 2204/2937/2506 2207/2939/2508 2208/2845/2416 2205/2844/2415
s 55
f 2206/2823/2395 2209/2824/2396 2210/2940/2509 2207/2938/2507
s 56
f 2207/2939/2508 2210/2941/2510 2211/2846/2417 2208/2845/2416
s 55
f 2209/2824/2396 2212/2825/2397 2213/2942/2511 2210/2940/2509
s 56
f 2210/2941/2510 2213/2943/2512 2214/2847/2418 2211/2846/2417
s 55
f 2212/2825/2397 2215/2826/2398 2216/2944/2513 2213/2942/2511
s 56
f 2213/2943/2512 2216/2945/2514 2217/2848/2419 2214/2847/2418
s 55
f 2215/2826/2398 2218/2827/2399 2219/2946/2515 2216/2944/2513
s 56
f 2216/2945/2514 2219/2947/2516 2220/2849/2420 2217/2848/2419
s 55
f 2218/2827/2399 2221/2828/2400 2222/2948/2517 2219/2946/2515
s 56
f 2219/2947/2516 2222/2949/2518 2223/2850/2421 2220/2849/2420
s 55
f 2221/2828/2400 2224/2829/2401 2225/2950/2519 2222/2948/2517
s 56
f 2222/2949/2518 2225/2951/2520 2226/2851/2422 2223/2850/2421
s 55
f 2224/2829/2401 2227/2830/2402 2228/2952/2521 2225/2950/2519
s 56
f 2225/2951/2520 2228/2953/2522 2229/2852/2423 2226/2851/2422
s 55
f 2227/2830/2402 2230/2831/2403 2231/2954/2523 2228/2952/2521
s 56
f 2228/2953/2522 2231/2955/2524 2232/2853/2424 2229/2852/2423
s 55
f 2230/2831/2403 2233/2832/2404 2234/2956/2525 2231/2954/2523
s 56
f 2231/2955/2524 2234/2957/2526 2235/2854/2425 2232/2853/2424
f 2178/2836/2407 2235/2854/2425 2234/2957/2526 2177/2920/2489
s 55
f 2177/2958/2488 2234/2956/2525 2233/2832/2404 2176/2833/2385
s 57
f 2236/2855/2426 2239/2857/2428 2240/2959/2527 2237/2960/2528
s 55
f 2237/2961/2529 2240/2962/2530 2241/2915/2486 2238/2917/2449
s 57
f 2239/2857/2428 2242/2858/2429 2243/2963/2531 2240/2959/2527
s 55
f 2240/2962/2530 2243/2964/2532 2244/2913/2484 2241/2915/2486
s 57
f 2242/2858/2429 2245/2859/2430 2246/2965/2533 2243/2963/2531
s 55
f 2243/2964/2532 2246/2966/2534 2247/2911/2482 2244/2913/2484
s 57
f 2245/2859/2430 2248/2860/2431 2249/2967/2535 2246/2965/2533
s 55
f 2246/2966/2534 2249/2968/2536 2250/2909/2480 2247/2911/2482
s 57
f 2248/2860/2431 2251/2861/2432 2252/2969/2537 2249/2967/2535
s 55
f 2249/2968/2536 2252/2970/2538 2253/2907/2478 2250/2909/2480
s 57
f 2251/2861/2432 2254/2862/2433 2255/2971/2539 2252/2969/2537
s 55
f 2252/2970/2538 2255/2972/2540 2256/2905/2476 2253/2907/2478
s 57
f 2254/2862/2433 2257/2863/2434 2258/2973/2541 2255/2971/2539
s 55
f 2255/2972/2540 2258/2974/2542 2259/2903/2474 2256/2905/2476
s 57
f 2257/2863/2434 2260/2864/2435 2261/2975/2543 2258/2973/2541
s 55
f 2258/2974/2542 2261/2976/2544 2262/2901/2472 2259/2903/2474
s 57
f 2260/2864/2435 2263/2865/2436 2264/2977/2545 2261/2975/2543
s 55
f 2261/2976/2544 2264/2978/2546 2265/2899/2470 2262/2901/2472
s 57
f 2263/2865/2436 2266/2866/2437 2267/2979/2547 2264/2977/2545
s 55
f 2264/2978/2546 2267/2980/2548 2268/2897/2468 2265/2899/2470
s 57
f 2266/2866/2437 2269/2867/2438 2270/2981/2549 2267/2979/2547
s 55
f 2267/2980/2548 2270/2982/2550 2271/2895/2466 2268/2897/2468
s 57
f 2269/2867/2438 2272/2868/2439 2273/2983/2551 2270/2981/2549
s 55
f 2270/2982/2550 2273/2984/2552 2274/2893/2464 2271/2895/2466
s 57
f 2272/2868/2439 2275/2869/2440 2276/2985/2553 2273/2983/2551
s 55
f 2273/2984/2552 2276/2986/2554 2277/2891/2462 2274/2893/2464
s 57
f 2275/2869/2440 2278/2870/2441 2279/2987/2555 2276/2985/2553
s 55
f 2276/2986/2554 2279/2988/2556 2280/2889/2460 2277/2891/2462
s 57
f 2278/2870/2441 2281/2871/2442 2282/2989/2557 2279/2987/2555
s 55
f 2279/2988/2556 2282/2990/2558 2283/2887/2458 2280/2889/2460
s 57
f 2281/2871/2442 2284/2872/2443 2285/2991/2559 2282/2989/2557
s 55
f 2282/2990/2558 2285/2992/2560 2286/2885/2456 2283/2887/2458
s 57
f 2284/2872/2443 2287/2873/2444 2288/2993/2561 2285/2991/2559
s 55
f 2285/2992/2560 2288/2994/2562 2289/2883/2454 2286/2885/2456
s 57
f 2287/2873/2444 2290/2874/2445 2291/2995/2563 2288/2993/2561
s 55
f 2288/2994/2562 2291/2996/2564 2292/2881/2452 2289/2883/2454
s 57
f 2290/2874/2445 2293/2875/2446 2294/2997/2565 2291/2995/2563
s 55
f 2291/2996/2564 2294/2998/2566 2295/2877/2448 2292/2881/2452
f 2238/2878/2449 2295/2877/2448 2294/2998/2566 2237/2999/2529
s 57
f 2237/2960/2528 2294/2997/2565 2293/2875/2446 2236/2855/2426
s 55
f 2316/3000/2567 2296/2750/2325 2297/2753/2328 2317/3001/2568
f 2317/3001/2568 2297/2753/2328 2298/2755/2330 2318/3002/2569
f 2318/3002/2569 2298/2755/2330 2299/2757/2332 2319/3003/2570
f 2319/3003/2570 2299/2757/2332 2300/2759/2334 2320/3004/2571
f 2320/3004/2571 2300/2759/2334 2301/2761/2336 2321/3005/2572
f 2321/3005/2572 2301/2761/2336 2302/2763/2338 2322/3006/2573
f 2322/3006/2573 2302/2763/2338 2303/2765/2340 2323/3007/2574
f 2323/3007/2574 2303/2765/2340 2304/2767/2342 2324/3008/2575
f 2324/3008/2575 2304/2767/2342 2305/2769/2344 2325/3009/2576
f 2325/3009/2576 2305/2769/2344 2306/2771/2346 2326/3010/2577
f 2326/3010/2577 2306/2771/2346 2307/2773/2348 2327/3011/2578
f 2327/3011/2578 2307/2773/2348 2308/2775/2350 2328/3012/2579
f 2328/3012/2579 2308/2775/2350 2309/2777/2352 2329/3013/2580
f 2329/3013/2580 2309/2777/2352 2310/2779/2354 2330/3014/2581
f 2330/3014/2581 2310/2779/2354 2311/2781/2356 2331/3015/2582
f 2331/3015/2582 2311/2781/2356 2312/2783/2358 2332/3016/2583
f 2332/3016/2583 2312/2783/2358 2313/2785/2360 2333/3017/2584
f 2333/3017/2584 2313/2785/2360 2314/2787/2362 2334/3018/2585
f 2334/3018/2585 2314/2787/2362 2315/2789/2364 2335/3019/2586
f 2335/3019/2586 2315/2789/2364 2296/2791/2325 2316/3020/2567
f 2117/2876/2447 2116/2879/2450 2316/3000/2567 2317/3001/2568
f 2118/2880/2451 2117/2876/2447 2317/3001/2568 2318/3002/2569
f 2119/2882/2453 2118/2880/2451 2318/3002/2569 2319/3003/2570
f 2120/2884/2455 2119/2882/2453 2319/3003/2570 2320/3004/2571
f 2121/2886/2457 2120/2884/2455 2320/3004/2571 2321/3005/2572
f 2122/2888/2459 2121/2886/2457 2321/3005/2572 2322/3006/2573
f 2123/2890/2461 2122/2888/2459 2322/3006/2573 2323/3007/2574
f 2124/2892/2463 2123/2890/2461 2323/3007/2574 2324/3008/2575
f 2125/2894/2465 2124/2892/2463 2324/3008/2575 2325/3009/2576
f 2126/2896/2467 2125/2894/2465 2325/3009/2576 2326/3010/2577
f 2127/2898/2469 2126/2896/2467 2326/3010/2577 2327/3011/2578
f 2128/2900/2471 2127/2898/2469 2327/3011/2578 2328/3012/2579
f 2129/2902/2473 2128/2900/2471 2328/3012/2579 2329/3013/2580
f 2130/2904/2475 2129/2902/2473 2329/3013/2580 2330/3014/2581
f 2131/2906/2477 2130/2904/2475 2330/3014/2581 2331/3015/2582
f 2132/2908/2479 2131/2906/2477 2331/3015/2582 2332/3016/2583
f 2133/2910/2481 2132/2908/2479 2332/3016/2583 2333/3017/2584
f 2134/2912/2483 2133/2910/2481 2333/3017/2584 2334/3018/2585
f 2135/2914/2485 2134/2912/2483 2334/3018/2585 2335/3019/2586
f 2116/2916/2450 2135/2914/2485 2335/3019/2586 2316/3020/2567
s 59
f 2339/3021/2587 2539/3022/2588 2538/3023/2589 2338/3024/2590
f 2340/3025/2591 2540/3026/2592 2539/3022/2588 2339/3021/2587
f 2341/3027/2593 2541/3028/2594 2540/3026/2592 2340/3025/2591
f 2342/3029/2595 2542/3030/2596 2541/3028/2594 2341/3027/2593
f 2343/3031/2597 2543/3032/2598 2542/3030/2596 2342/3029/2595
f 2344/3033/2599 2544/3034/2600 2543/3032/2598 2343/3031/2597
f 2345/3035/2601 2545/3036/2602 2544/3034/2600 2344/3033/2599
f 2346/3037/2603 2546/3038/2604 2545/3036/2602 2345/3035/2601
f 2347/3039/2605 2547/3040/2606 2546/3038/2604 2346/3037/2603
f 2348/3041/2607 2548/3042/2608 2547/3040/2606 2347/3039/2605
f 2349/3043/2609 2549/3044/2610 2548/3042/2608 2348/3041/2607
f 2350/3045/2611 2550/3046/2612 2549/3044/2610 2349/3043/2609
f 2351/3047/2613 2551/3048/2614 2550/3046/2612 2350/3045/2611
f 2352/3049/2615 2552/3050/2616 2551/3048/2614 2351/3047/2613
f 2353/3051/2617 2553/3052/2618 2552/3050/2616 2352/3049/2615
f 2354/3053/2619 2554/3054/2620 2553/3052/2618 2353/3051/2617
f 2355/3055/2621 2555/3056/2622 2554/3054/2620 2354/3053/2619
f 2356/3057/2623 2556/3058/2624 2555/3056/2622 2355/3055/2621
f 2357/3059/2625 2557/3060/2626 2556/3058/2624 2356/3057/2623
f 2338/3061/2590 2538/3062/2589 2557/3060/2626 2357/3059/2625
f 2359/3063/2627 2339/3021/2587 2338/3024/2590 2358/3064/2628
f 2360/3065/2629 2340/3025/2591 2339/3021/2587 2359/3063/2627
f 2361/3066/2630 2341/3027/2593 2340/3025/2591 2360/3065/2629
f 2362/3067/2631 2342/3029/2595 2341/3027/2593 2361/3066/2630
f 2363/3068/2632 2343/3031/2597 2342/3029/2595 2362/3067/2631
f 2364/3069/2633 2344/3033/2599 2343/3031/2597 2363/3068/2632
f 2365/3070/2634 2345/3035/2601 2344/3033/2599 2364/3069/2633
f 2366/3071/2635 2346/3037/2603 2345/3035/2601 2365/3070/2634
f 2367/3072/2636 2347/3039/2605 2346/3037/2603 2366/3071/2635
f 2368/3073/2637 2348/3041/2607 2347/3039/2605 2367/3072/2636
f 2369/3074/2638 2349/3043/2609 2348/3041/2607 2368/3073/2637
f 2370/3075/2639 2350/3045/2611 2349/3043/2609 2369/3074/2638
f 2371/3076/2640 2351/3047/2613 2350/3045/2611 2370/3075/2639
f 2372/3077/2641 2352/3049/2615 2351/3047/2613 2371/3076/2640
f 2373/3078/2642 2353/3051/2617 2352/3049/2615 2372/3077/2641
f 2374/3079/2643 2354/3053/2619 2353/3051/2617 2373/3078/2642
f 2375/3080/2644 2355/3055/2621 2354/3053/2619 2374/3079/2643
f 2376/3081/2645 2356/3057/2623 2355/3055/2621 2375/3080/2644
f 2377/3082/2646 2357/3059/2625 2356/3057/2623 2376/3081/2645
f 2358/3083/2628 2338/3061/2590 2357/3059/2625 2377/3082/2646
f 2379/3084/2647 2359/3063/2627 2358/3064/2628 2378/3085/2648
f 2380/3086/2649 2360/3065/2629 2359/3063/2627 2379/3084/2647
f 2381/3087/2650 2361/3066/2630 2360/3065/2629 2380/3086/2649
f 2382/3088/2651 2362/3067/2631 2361/3066/2630 2381/3087/2650
f 2383/3089/2652 2363/3068/2632 2362/3067/2631 2382/3088/2651
f 2384/3090/2653 2364/3069/2633 2363/3068/2632 2383/3089/2652
f 2385/3091/2654 2365/3070/2634 2364/3069/2633 2384/3090/2653
f 2386/3092/2655 2366/3071/2635 2365/3070/2634 2385/3091/2654
f 2387/3093/2656 2367/3072/2636 2366/3071/2635 2386/3092/2655
f 2388/3094/2657 2368/3073/2637 2367/3072/2636 2387/3093/2656
f 2389/3095/2658 2369/3074/2638 2368/3073/2637 2388/3094/2657
f 2390/3096/2659 2370/3075/2639 2369/3074/2638 2389/3095/2658
f 2391/3097/2660 2371/3076/2640 2370/3075/2639 2390/3096/2659
f 2392/3098/2661 2372/3077/2641 2371/3076/2640 2391/3097/2660
f 2393/3099/2662 2373/3078/2642 2372/3077/2641 2392/3098/2661
f 2394/3100/2663 2374/3079/2643 2373/3078/2642 2393/3099/2662
f 2395/3101/2664 2375/3080/2644 2374/3079/2643 2394/3100/2663
f 2396/3102/2665 2376/3081/2645 2375/3080/2644 2395/3101/2664
f 2397/3103/2666 2377/3082/2646 2376/3081/2645 2396/3102/2665
f 2378/3104/2648 2358/3083/2628 2377/3082/2646 2397/3103/2666
f 2399/3105/2667 2379/3084/2647 2378/3085/2648 2398/3106/2668
f 2400/3107/2669 2380/3086/2649 2379/3084/2647 2399/3105/2667
f 2401/3108/2670 2381/3087/2650 2380/3086/2649 2400/3107/2669
f 2402/3109/2671 2382/3088/2651 2381/3087/2650 2401/3108/2670
f 2403/3110/2672 2383/3089/2652 2382/3088/2651 2402/3109/2671
f 2404/3111/2673 2384/3090/2653 2383/3089/2652 2403/3110/2672
f 2405/3112/2674 2385/3091/2654 2384/3090/2653 2404/3111/2673
f 2406/3113/2675 2386/3092/2655 2385/3091/2654 2405/3112/2674
f 2407/3114/2676 2387/3093/2656 2386/3092/2655 2406/3113/2675
f 2408/3115/2677 2388/3094/2657 2387/3093/2656 2407/3114/2676
f 2409/3116/2678 2389/3095/2658 2388/3094/2657 2408/3115/2677
f 2410/3117/2679 2390/3096/2659 2389/3095/2658 2409/3116/2678
f 2411/3118/2680 2391/3097/2660 2390/3096/2659 2410/3117/2679
f 2412/3119/2681 2392/3098/2661 2391/3097/2660 2411/3118/2680
f 2413/3120/2682 2393/3099/2662 2392/3098/2661 2412/3119/2681
f 2414/3121/2683 2394/3100/2663 2393/3099/2662 2413/3120/2682
f 2415/3122/2684 2395/3101/2664 2394/3100/2663 2414/3121/2683
f 2416/3123/2685 2396/3102/2665 2395/3101/2664 2415/3122/2684
f 2417/3124/2686 2397/3103/2666 2396/3102/2665 2416/3123/2685
f 2398/3125/2668 2378/3104/2648 2397/3103/2666 2417/3124/2686
f 2418/3126/2687 2398/3125/2668 2417/3124/2686 2421/3127/2688
f 2421/3127/2688 2417/3124/2686 2416/3123/2685 2424/3128/2689
f 2424/3128/2689 2416/3123/2685 2415/3122/2684 2427/3129/2690
f 2427/3129/2690 2415/3122/2684 2414/3121/2683 2430/3130/2691
f 2430/3130/2691 2414/3121/2683 2413/3120/2682 2433/3131/2692
f 2433/3131/2692 2413/3120/2682 2412/3119/2681 2436/3132/2693
f 2436/3132/2693 2412/3119/2681 2411/3118/2680 2439/3133/2694
f 2439/3133/2694 2411/3118/2680 2410/3117/2679 2442/3134/2695
f 2442/3134/2695 2410/3117/2679 2409/3116/2678 2445/3135/2696
f 2445/3135/2696 2409/3116/2678 2408/3115/2677 2448/3136/2697
f 2448/3136/2697 2408/3115/2677 2407/3114/2676 2451/3137/2698
f 2451/3137/2698 2407/3114/2676 2406/3113/2675 2454/3138/2699
f 2454/3138/2699 2406/3113/2675 2405/3112/2674 2457/3139/2700
f 2457/3139/2700 2405/3112/2674 2404/3111/2673 2460/3140/2701
f 2460/3140/2701 2404/3111/2673 2403/3110/2672 2463/3141/2702
f 2463/3141/2702 2403/3110/2672 2402/3109/2671 2466/3142/2703
f 2466/3142/2703 2402/3109/2671 2401/3108/2670 2469/3143/2704
f 2469/3143/2704 2401/3108/2670 2400/3107/2669 2472/3144/2705
f 2472/3144/2705 2400/3107/2669 2399/3105/2667 2475/3145/2706
f 2475/3145/2706 2399/3105/2667 2398/3106/2668 2418/3146/2687
s 60
f 2423/3147/2707 2336/3148/2708 2420/3149/2709
f 2426/3150/2710 2336/3148/2708 2423/3147/2707
f 2429/3151/2711 2336/3148/2708 2426/3150/2710
f 2432/3152/2712 2336/3148/2708 2429/3151/2711
f 2435/3153/2713 2336/3148/2708 2432/3152/2712
f 2438/3154/2714 2336/3148/2708 2435/3153/2713
f 2441/3155/2715 2336/3148/2708 2438/3154/2714
f 2444/3156/2716 2336/3148/2708 2441/3155/2715
f 2447/3157/2717 2336/3148/2708 2444/3156/2716
f 2450/3158/2718 2336/3148/2708 2447/3157/2717
f 2453/3159/2719 2336/3148/2708 2450/3158/2718
f 2456/3160/2720 2336/3148/2708 2453/3159/2719
f 2459/3161/2721 2336/3148/2708 2456/3160/2720
f 2462/3162/2722 2336/3148/2708 2459/3161/2721
f 2465/3163/2723 2336/3148/2708 2462/3162/2722
f 2468/3164/2724 2336/3148/2708 2465/3163/2723
f 2471/3165/2725 2336/3148/2708 2468/3164/2724
f 2474/3166/2726 2336/3148/2708 2471/3165/2725
f 2477/3167/2727 2336/3148/2708 2474/3166/2726
f 2420/3149/2709 2336/3148/2708 2477/3167/2727
s 61
f 2478/3168/2728 2337/3169/2729 2481/3170/2730
f 2481/3170/2730 2337/3169/2729 2484/3171/2731
f 2484/3171/2731 2337/3169/2729 2487/3172/2732
f 2487/3172/2732 2337/3169/2729 2490/3173/2733
f 2490/3173/2733 2337/3169/2729 2493/3174/2734
f 2493/3174/2734 2337/3169/2729 2496/3175/2735
f 2496/3175/2735 2337/3169/2729 2499/3176/2736
f 2499/3176/2736 2337/3169/2729 2502/3177/2737
f 2502/3177/2737 2337/3169/2729 2505/3178/2738
f 2505/3178/2738 2337/3169/2729 2508/3179/2739
f 2508/3179/2739 2337/3169/2729 2511/3180/2740
f 2511/3180/2740 2337/3169/2729 2514/3181/2741
f 2514/3181/2741 2337/3169/2729 2517/3182/2742
f 2517/3182/2742 2337/3169/2729 2520/3183/2743
f 2520/3183/2743 2337/3169/2729 2523/3184/2744
f 2523/3184/2744 2337/3169/2729 2526/3185/2745
f 2526/3185/2745 2337/3169/2729 2529/3186/2746
f 2529/3186/2746 2337/3169/2729 2532/3187/2747
f 2532/3187/2747 2337/3169/2729 2535/3188/2748
f 2535/3188/2748 2337/3169/2729 2478/3168/2728
s 59
f 2418/3126/2687 2421/3127/2688 2422/3189/2749 2419/3190/2750
s 60
f 2419/3191/2751 2422/3192/2752 2423/3147/2707 2420/3149/2709
s 59
f 2421/3127/2688 2424/3128/2689 2425/3193/2753 2422/3189/2749
s 60
f 2422/3192/2752 2425/3194/2754 2426/3150/2710 2423/3147/2707
s 59
f 2424/3128/2689 2427/3129/2690 2428/3195/2755 2425/3193/2753
s 60
f 2425/3194/2754 2428/3196/2756 2429/3151/2711 2426/3150/2710
s 59
f 2427/3129/2690 2430/3130/2691 2431/3197/2757 2428/3195/2755
s 60
f 2428/3196/2756 2431/3198/2758 2432/3152/2712 2429/3151/2711
s 59
f 2430/3130/2691 2433/3131/2692 2434/3199/2759 2431/3197/2757
s 60
f 2431/3198/2758 2434/3200/2760 2435/3153/2713 2432/3152/2712
s 59
f 2433/3131/2692 2436/3132/2693 2437/3201/2761 2434/3199/2759
s 60
f 2434/3200/2760 2437/3202/2762 2438/3154/2714 2435/3153/2713
s 59
f 2436/3132/2693 2439/3133/2694 2440/3203/2763 2437/3201/2761
s 60
f 2437/3202/2762 2440/3204/2764 2441/3155/2715 2438/3154/2714
s 59
f 2439/3133/2694 2442/3134/2695 2443/3205/2765 2440/3203/2763
s 60
f 2440/3204/2764 2443/3206/2766 2444/3156/2716 2441/3155/2715
s 59
f 2442/3134/2695 2445/3135/2696 2446/3207/2767 2443/3205/2765
s 60
f 2443/3206/2766 2446/3208/2768 2447/3157/2717 2444/3156/2716
s 59
f 2445/3135/2696 2448/3136/2697 2449/3209/2769 2446/3207/2767
s 60
f 2446/3208/2768 2449/3210/2770 2450/3158/2718 2447/3157/2717
s 59
f 2448/3136/2697 2451/3137/2698 2452/3211/2771 2449/3209/2769
s 60
f 2449/3210/2770 2452/3212/2772 2453/3159/2719 2450/3158/2718
s 59
f 2451/3137/2698 2454/3138/2699 2455/3213/2773 2452/3211/2771
s 60
f 2452/3212/2772 2455/3214/2774 2456/3160/2720 2453/3159/2719
s 59
f 2454/3138/2699 2457/3139/2700 2458/3215/2775 2455/3213/2773
s 60
f 2455/3214/2774 2458/3216/2776 2459/3161/2721 2456/3160/2720
s 59
f 2457/3139/2700 2460/3140/2701 2461/3217/2777 2458/3215/2775
s 60
f 2458/3216/2776 2461/3218/2778 2462/3162/2722 2459/3161/2721
s 59
f 2460/3140/2701 2463/3141/2702 2464/3219/2779 2461/3217/2777
s 60
f 2461/3218/2778 2464/3220/2780 2465/3163/2723 2462/3162/2722
s 59
f 2463/3141/2702 2466/3142/2703 2467/3221/2781 2464/3219/2779
s 60
f 2464/3220/2780 2467/3222/2782 2468/3164/2724 2465/3163/2723
s 59
f 2466/3142/2703 2469/3143/2704 2470/3223/2783 2467/3221/2781
s 60
f 2467/3222/2782 2470/3224/2784 2471/3165/2725 2468/3164/2724
s 59
f 2469/3143/2704 2472/3144/2705 2473/3225/2785 2470/3223/2783
s 60
f 2470/3224/2784 2473/3226/2786 2474/3166/2726 2471/3165/2725
s 59
f 2472/3144/2705 2475/3145/2706 2476/3227/2787 2473/3225/2785
s 60
f 2473/3226/2786 2476/3228/2788 2477/3167/2727 2474/3166/2726
f 2420/3149/2709 2477/3167/2727 2476/3228/2788 2419/3191/2751
s 59
f 2419/3229/2750 2476/3227/2787 2475/3145/2706 2418/3146/2687
s 61
f 2478/3168/2728 2481/3170/2730 2482/3230/2789 2479/3231/2790
s 59
f 2479/3232/2791 2482/3233/2792 2483/3234/2793 2480/3235/2794
s 61
f 2481/3170/2730 2484/3171/2731 2485/3236/2795 2482/3230/2789
s 59
f 2482/3233/2792 2485/3237/2796 2486/3238/2797 2483/3234/2793
s 61
f 2484/3171/2731 2487/3172/2732 2488/3239/2798 2485/3236/2795
s 59
f 2485/3237/2796 2488/3240/2799 2489/3241/2800 2486/3238/2797
s 61
f 2487/3172/2732 2490/3173/2733 2491/3242/2801 2488/3239/2798
s 59
f 2488/3240/2799 2491/3243/2802 2492/3244/2803 2489/3241/2800
s 61
f 2490/3173/2733 2493/3174/2734 2494/3245/2804 2491/3242/2801
s 59
f 2491/3243/2802 2494/3246/2805 2495/3247/2806 2492/3244/2803
s 61
f 2493/3174/2734 2496/3175/2735 2497/3248/2807 2494/3245/2804
s 59
f 2494/3246/2805 2497/3249/2808 2498/3250/2809 2495/3247/2806
s 61
f 2496/3175/2735 2499/3176/2736 2500/3251/2810 2497/3248/2807
s 59
f 2497/3249/2808 2500/3252/2811 2501/3253/2812 2498/3250/2809
s 61
f 2499/3176/2736 2502/3177/2737 2503/3254/2813 2500/3251/2810
s 59
f 2500/3252/2811 2503/3255/2814 2504/3256/2815 2501/3253/2812
s 61
f 2502/3177/2737 2505/3178/2738 2506/3257/2816 2503/3254/2813
s 59
f 2503/3255/2814 2506/3258/2817 2507/3259/2818 2504/3256/2815
s 61
f 2505/3178/2738 2508/3179/2739 2509/3260/2819 2506/3257/2816
s 59
f 2506/3258/2817 2509/3261/2820 2510/3262/2821 2507/3259/2818
s 61
f 2508/3179/2739 2511/3180/2740 2512/3263/2822 2509/3260/2819
s 59
f 2509/3261/2820 2512/3264/2823 2513/3265/2824 2510/3262/2821
s 61
f 2511/3180/2740 2514/3181/2741 2515/3266/2825 2512/3263/2822
s 59
f 2512/3264/2823 2515/3267/2826 2516/3268/2827 2513/3265/2824
s 61
f 2514/3181/2741 2517/3182/2742 2518/3269/2828 2515/3266/2825
s 59
f 2515/3267/2826 2518/3270/2829 2519/3271/2830 2516/3268/2827
s 61
f 2517/3182/2742 2520/3183/2743 2521/3272/2831 2518/3269/2828
s 59
f 2518/3270/2829 2521/3273/2832 2522/3274/2833 2519/3271/2830
s 61
f 2520/3183/2743 2523/3184/2744 2524/3275/2834 2521/3272/2831
s 59
f 2521/3273/2832 2524/3276/2835 2525/3277/2836 2522/3274/2833
s 61
f 2523/3184/2744 2526/3185/2745 2527/3278/2837 2524/3275/2834
s 59
f 2524/3276/2835 2527/3279/2838 2528/3280/2839 2525/3277/2836
s 61
f 2526/3185/2745 2529/3186/2746 2530/3281/2840 2527/3278/2837
s 59
f 2527/3279/2838 2530/3282/2841 2531/3283/2842 2528/3280/2839
s 61
f 2529/3186/2746 2532/3187/2747 2533/3284/2843 2530/3281/2840
s 59
f 2530/3282/2841 2533/3285/2844 2534/3286/2845 2531/3283/2842
s 61
f 2532/3187/2747 2535/3188/2748 2536/3287/2846 2533/3284/2843
s 59
f 2533/3285/2844 2536/3288/2847 2537/3289/2848 2534/3286/2845
f 2480/3290/2794 2537/3289/2848 2536/3288/2847 2479/3291/2791
s 61
f 2479/3231/2790 2536/3287/2846 2535/3188/2748 2478/3168/2728
s 59
f 2539/3022/2588 2537/3289/2848 2480/3290/2794 2538/3023/2589
f 2540/3026/2592 2534/3286/2845 2537/3289/2848 2539/3022/2588
f 2541/3028/2594 2531/3283/2842 2534/3286/2845 2540/3026/2592
f 2542/3030/2596 2528/3280/2839 2531/3283/2842 2541/3028/2594
f 2543/3032/2598 2525/3277/2836 2528/3280/2839 2542/3030/2596
f 2544/3034/2600 2522/3274/2833 2525/3277/2836 2543/3032/2598
f 2545/3036/2602 2519/3271/2830 2522/3274/2833 2544/3034/2600
f 2546/3038/2604 2516/3268/2827 2519/3271/2830 2545/3036/2602
f 2547/3040/2606 2513/3265/2824 2516/3268/2827 2546/3038/2604
f 2548/3042/2608 2510/3262/2821 2513/3265/2824 2547/3040/2606
f 2549/3044/2610 2507/3259/2818 2510/3262/2821 2548/3042/2608
f 2550/3046/2612 2504/3256/2815 2507/3259/2818 2549/3044/2610
f 2551/3048/2614 2501/3253/2812 2504/3256/2815 2550/3046/2612
f 2552/3050/2616 2498/3250/2809 2501/3253/2812 2551/3048/2614
f 2553/3052/2618 2495/3247/2806 2498/3250/2809 2552/3050/2616
f 2554/3054/2620 2492/3244/2803 2495/3247/2806 2553/3052/2618
f 2555/3056/2622 2489/3241/2800 2492/3244/2803 2554/3054/2620
f 2556/3058/2624 2486/3238/2797 2489/3241/2800 2555/3056/2622
f 2557/3060/2626 2483/3234/2793 2486/3238/2797 2556/3058/2624
f 2538/3062/2589 2480/3235/2794 2483/3234/2793 2557/3060/2626
s 63
f 2558/3292/2849 2566/3293/2850 2567/3294/2851 2559/3295/2852
f 2559/3295/2852 2567/3294/2851 2568/3296/2853 2560/3297/2854
f 2560/3297/2854 2568/3296/2853 2569/3298/2855 2561/3299/2856
f 2561/3299/2856 2569/3298/2855 2570/3300/2857 2562/3301/2858
f 2562/3301/2858 2570/3300/2857 2571/3302/2859 2563/3303/2860
f 2563/3303/2860 2571/3302/2859 2572/3304/2861 2564/3305/2862
f 2564/3305/2862 2572/3304/2861 2573/3306/2863 2565/3307/2864
f 2565/3307/2864 2573/3306/2863 2566/3308/2850 2558/3309/2849
f 2566/3293/2850 2574/3310/2865 2575/3311/2866 2567/3294/2851
f 2567/3294/2851 2575/3311/2866 2576/3312/2867 2568/3296/2853
f 2568/3296/2853 2576/3312/2867 2577/3313/2868 2569/3298/2855
f 2569/3298/2855 2577/3313/2868 2578/3314/2869 2570/3300/2857
f 2570/3300/2857 2578/3314/2869 2579/3315/2870 2571/3302/2859
f 2571/3302/2859 2579/3315/2870 2580/3316/2871 2572/3304/2861
f 2572/3304/2861 2580/3316/2871 2581/3317/2872 2573/3306/2863
f 2573/3306/2863 2581/3317/2872 2574/3318/2865 2566/3308/2850
f 2574/3310/2865 2582/3319/2873 2583/3320/2874 2575/3311/2866
f 2575/3311/2866 2583/3320/2874 2584/3321/2875 2576/3312/2867
f 2576/3312/2867 2584/3321/2875 2585/3322/2876 2577/3313/2868
f 2577/3313/2868 2585/3322/2876 2586/3323/2877 2578/3314/2869
f 2578/3314/2869 2586/3323/2877 2587/3324/2878 2579/3315/2870
f 2579/3315/2870 2587/3324/2878 2588/3325/2879 2580/3316/2871
f 2580/3316/2871 2588/3325/2879 2589/3326/2880 2581/3317/2872
f 2581/3317/2872 2589/3326/2880 2582/3327/2873 2574/3318/2865
f 2582/3319/2873 2590/3328/2881 2591/3329/2882 2583/3320/2874
f 2583/3320/2874 2591/3329/2882 2592/3330/2883 2584/3321/2875
f 2584/3321/2875 2592/3330/2883 2593/3331/2884 2585/3322/2876
f 2585/3322/2876 2593/3331/2884 2594/3332/2885 2586/3323/2877
f 2586/3323/2877 2594/3332/2885 2595/3333/2886 2587/3324/2878
f 2587/3324/2878 2595/3333/2886 2596/3334/2887 2588/3325/2879
f 2588/3325/2879 2596/3334/2887 2597/3335/2888 2589/3326/2880
f 2589/3326/2880 2597/3335/2888 2590/3336/2881 2582/3327/2873
f 2590/3328/2881 2598/3337/2889 2599/3338/2890 2591/3329/2882
f 2591/3329/2882 2599/3338/2890 2600/3339/2891 2592/3330/2883
f 2592/3330/2883 2600/3339/2891 2601/3340/2892 2593/3331/2884
f 2593/3331/2884 2601/3340/2892 2602/3341/2893 2594/3332/2885
f 2594/3332/2885 2602/3341/2893 2603/3342/2894 2595/3333/2886
f 2595/3333/2886 2603/3342/2894 2604/3343/2895 2596/3334/2887
f 2596/3334/2887 2604/3343/2895 2605/3344/2896 2597/3335/2888
f 2597/3335/2888 2605/3344/2896 2598/3345/2889 2590/3336/2881
f 2598/3337/2889 2606/3346/2897 2607/3347/2898 2599/3338/2890
f 2599/3338/2890 2607/3347/2898 2608/3348/2899 2600/3339/2891
f 2600/3339/2891 2608/3348/2899 2609/3349/2900 2601/3340/2892
f 2601/3340/2892 2609/3349/2900 2610/3350/2901 2602/3341/2893
f 2602/3341/2893 2610/3350/2901 2611/3351/2902 2603/3342/2894
f 2603/3342/2894 2611/3351/2902 2612/3352/2903 2604/3343/2895
f 2604/3343/2895 2612/3352/2903 2613/3353/2904 2605/3344/2896
f 2605/3344/2896 2613/3353/2904 2606/3354/2897 2598/3345/2889
f 2559/3295/2852 2614/3355/2905 2558/3292/2849
f 2560/3297/2854 2614/3356/2905 2559/3295/2852
f 2561/3299/2856 2614/3357/2905 2560/3297/2854
f 2562/3301/2858 2614/3358/2905 2561/3299/2856
f 2563/3303/2860 2614/3359/2905 2562/3301/2858
f 2564/3305/2862 2614/3360/2905 2563/3303/2860
f 2565/3307/2864 2614/3361/2905 2564/3305/2862
f 2558/3309/2849 2614/3362/2905 2565/3307/2864
f 2606/3346/2897 2615/3363/2906 2607/3347/2898
f 2607/3347/2898 2615/3364/2906 2608/3348/2899
f 2608/3348/2899 2615/3365/2906 2609/3349/2900
f 2609/3349/2900 2615/3366/2906 2610/3350/2901
f 2610/3350/2901 2615/3367/2906 2611/3351/2902
f 2611/3351/2902 2615/3368/2906 2612/3352/2903
f 2612/3352/2903 2615/3369/2906 2613/3353/2904
f 2613/3353/2904 2615/3370/2906 2606/3354/2897
s 64
f 2616/3371/2907 2624/3372/2908 2625/3373/2909 2617/3374/2910
f 2617/3374/2910 2625/3373/2909 2626/3375/2911 2618/3376/2912
f 2618/3376/2912 2626/3375/2911 2627/3377/2913 2619/3378/2914
f 2619/3378/2914 2627/3377/2913 2628/3379/2915 2620/3380/2916
f 2620/3380/2916 2628/3379/2915 2629/3381/2917 2621/3382/2918
f 2621/3382/2918 2629/3381/2917 2630/3383/2919 2622/3384/2920
f 2622/3384/2920 2630/3383/2919 2631/3385/2921 2623/3386/2922
f 2623/3386/2922 2631/3385/2921 2624/3387/2908 2616/3388/2907
f 2624/3372/2908 2632/3389/2923 2633/3390/2924 2625/3373/2909
f 2625/3373/2909 2633/3390/2924 2634/3391/2925 2626/3375/2911
f 2626/3375/2911 2634/3391/2925 2635/3392/2926 2627/3377/2913
f 2627/3377/2913 2635/3392/2926 2636/3393/2927 2628/3379/2915
f 2628/3379/2915 2636/3393/2927 2637/3394/2928 2629/3381/2917
f 2629/3381/2917 2637/3394/2928 2638/3395/2929 2630/3383/2919
f 2630/3383/2919 2638/3395/2929 2639/3396/2930 2631/3385/2921
f 2631/3385/2921 2639/3396/2930 2632/3397/2923 2624/3387/2908
f 2632/3389/2923 2640/3398/2931 2641/3399/2932 2633/3390/2924
f 2633/3390/2924 2641/3399/2932 2642/3400/2933 2634/3391/2925
f 2634/3391/2925 2642/3400/2933 2643/3401/2934 2635/3392/2926
f 2635/3392/2926 2643/3401/2934 2644/3402/2935 2636/3393/2927
f 2636/3393/2927 2644/3402/2935 2645/3403/2936 2637/3394/2928
f 2637/3394/2928 2645/3403/2936 2646/3404/2937 2638/3395/2929
f 2638/3395/2929 2646/3404/2937 2647/3405/2938 2639/3396/2930
f 2639/3396/2930 2647/3405/2938 2640/3406/2931 2632/3397/2923
f 2640/3398/2931 2648/3407/2939 2649/3408/2940 2641/3399/2932
f 2641/3399/2932 2649/3408/2940 2650/3409/2941 2642/3400/2933
f 2642/3400/2933 2650/3409/2941 2651/3410/2942 2643/3401/2934
f 2643/3401/2934 2651/3410/2942 2652/3411/2943 2644/3402/2935
f 2644/3402/2935 2652/3411/2943 2653/3412/2944 2645/3403/2936
f 2645/3403/2936 2653/3412/2944 2654/3413/2945 2646/3404/2937
f 2646/3404/2937 2654/3413/2945 2655/3414/2946 2647/3405/2938
f 2647/3405/2938 2655/3414/2946 2648/3415/2939 2640/3406/2931
f 2648/3407/2939 2656/3416/2947 2657/3417/2948 2649/3408/2940
f 2649/3408/2940 2657/3417/2948 2658/3418/2949 2650/3409/2941
f 2650/3409/2941 2658/3418/2949 2659/3419/2950 2651/3410/2942
f 2651/3410/2942 2659/3419/2950 2660/3420/2951 2652/3411/2943
f 2652/3411/2943 2660/3420/2951 2661/3421/2952 2653/3412/2944
f 2653/3412/2944 2661/3421/2952 2662/3422/2953 2654/3413/2945
f 2654/3413/2945 2662/3422/2953 2663/3423/2954 2655/3414/2946
f 2655/3414/2946 2663/3423/2954 2656/3424/2947 2648/3415/2939
f 2656/3416/2947 2664/3425/2955 2665/3426/2956 2657/3417/2948
f 2657/3417/2948 2665/3426/2956 2666/3427/2957 2658/3418/2949
f 2658/3418/2949 2666/3427/2957 2667/3428/2958 2659/3419/2950
f 2659/3419/2950 2667/3428/2958 2668/3429/2959 2660/3420/2951
f 2660/3420/2951 2668/3429/2959 2669/3430/2960 2661/3421/2952
f 2661/3421/2952 2669/3430/2960 2670/3431/2961 2662/3422/2953
f 2662/3422/2953 2670/3431/2961 2671/3432/2962 2663/3423/2954
f 2663/3423/2954 2671/3432/2962 2664/3433/2955 2656/3424/2947
f 2617/3374/2910 2672/3434/2963 2616/3371/2907
f 2618/3376/2912 2672/3435/2963 2617/3374/2910
f 2619/3378/2914 2672/3436/2963 2618/3376/2912
f 2620/3380/2916 2672/3437/2963 2619/3378/2914
f 2621/3382/2918 2672/3438/2963 2620/3380/2916
f 2622/3384/2920 2672/3439/2963 2621/3382/2918
f 2623/3386/2922 2672/3440/2963 2622/3384/2920
f 2616/3388/2907 2672/3441/2963 2623/3386/2922
f 2664/3425/2955 2673/3442/2964 2665/3426/2956
f 2665/3426/2956 2673/3443/2964 2666/3427/2957
f 2666/3427/2957 2673/3444/2964 2667/3428/2958
f 2667/3428/2958 2673/3445/2964 2668/3429/2959
f 2668/3429/2959 2673/3446/2964 2669/3430/2960
f 2669/3430/2960 2673/3447/2964 2670/3431/2961
f 2670/3431/2961 2673/3448/2964 2671/3432/2962
f 2671/3432/2962 2673/3449/2964 2664/3433/2955
s 65
f 2674/3450/2965 2698/3451/2966 2708/3452/2967 2675/3453/2968
f 2675/3453/2968 2708/3452/2967 2707/3454/2969 2676/3455/2970
f 2676/3455/2970 2707/3454/2969 2706/3456/2971 2677/3457/2972
f 2677/3457/2972 2706/3456/2971 2705/3458/2973 2678/3459/2974
f 2678/3459/2974 2705/3458/2973 2704/3460/2975 2679/3461/2976
f 2679/3461/2976 2704/3460/2975 2703/3462/2977 2680/3463/2978
f 2680/3463/2978 2703/3462/2977 2702/3464/2979 2681/3465/2980
f 2681/3465/2980 2702/3464/2979 2701/3466/2981 2682/3467/2982
f 2682/3467/2982 2701/3466/2981 2700/3468/2983 2683/3469/2984
f 2684/3470/2985 2699/3471/2986 2698/3472/2966 2674/3473/2965
f 2675/3474/2968 2696/3475/2987 2674/3476/2965
f 2676/3477/2970 2696/3475/2987 2675/3474/2968
f 2677/3478/2972 2696/3475/2987 2676/3477/2970
f 2678/3479/2974 2696/3475/2987 2677/3478/2972
f 2679/3480/2976 2696/3475/2987 2678/3479/2974
f 2680/3481/2978 2696/3475/2987 2679/3480/2976
f 2681/3482/2980 2696/3475/2987 2680/3481/2978
f 2682/3483/2982 2696/3475/2987 2681/3482/2980
f 2683/3484/2984 2696/3475/2987 2682/3483/2982
f 2674/3476/2965 2696/3475/2987 2684/3485/2985
f 2685/3486/2988 2762/3487/2989 2761/3488/2990 2686/3489/2991
f 2686/3489/2991 2761/3488/2990 2760/3490/2992 2687/3491/2993
f 2687/3491/2993 2760/3490/2992 2759/3492/2994 2688/3493/2995
f 2688/3493/2995 2759/3492/2994 2758/3494/2996 2689/3495/2997
f 2689/3495/2997 2758/3494/2996 2757/3496/2998 2690/3497/2999
f 2690/3497/2999 2757/3496/2998 2756/3498/3000 2691/3499/3001
f 2691/3499/3001 2756/3498/3000 2755/3500/3002 2692/3501/3003
f 2692/3501/3003 2755/3500/3002 2754/3502/3004 2693/3503/3005
f 2693/3503/3005 2754/3502/3004 2753/3504/3006 2694/3505/3007
f 2695/3506/3008 2763/3507/3009 2762/3487/2989 2685/3486/2988
f 2699/3471/2986 2710/3508/3010 2709/3509/3011 2698/3472/2966
f 2701/3466/2981 2712/3510/3012 2711/3511/3013 2700/3468/2983
f 2702/3464/2979 2713/3512/3014 2712/3510/3012 2701/3466/2981
f 2703/3462/2977 2714/3513/3015 2713/3512/3014 2702/3464/2979
f 2704/3460/2975 2715/3514/3016 2714/3513/3015 2703/3462/2977
f 2705/3458/2973 2716/3515/3017 2715/3514/3016 2704/3460/2975
f 2706/3456/2971 2717/3516/3018 2716/3515/3017 2705/3458/2973
f 2707/3454/2969 2718/3517/3019 2717/3516/3018 2706/3456/2971
f 2708/3452/2967 2719/3518/3020 2718/3517/3019 2707/3454/2969
f 2698/3451/2966 2709/3519/3011 2719/3518/3020 2708/3452/2967
f 2710/3508/3010 2721/3520/3021 2720/3521/3022 2709/3509/3011
f 2712/3510/3012 2723/3522/3023 2722/3523/3024 2711/3511/3013
f 2713/3512/3014 2724/3524/3025 2723/3522/3023 2712/3510/3012
f 2714/3513/3015 2725/3525/3026 2724/3524/3025 2713/3512/3014
f 2715/3514/3016 2726/3526/3027 2725/3525/3026 2714/3513/3015
f 2716/3515/3017 2727/3527/3028 2726/3526/3027 2715/3514/3016
f 2717/3516/3018 2728/3528/3029 2727/3527/3028 2716/3515/3017
f 2718/3517/3019 2729/3529/3030 2728/3528/3029 2717/3516/3018
f 2719/3518/3020 2730/3530/3031 2729/3529/3030 2718/3517/3019
f 2709/3519/3011 2720/3531/3022 2730/3530/3031 2719/3518/3020
f 2721/3520/3021 2732/3532/3032 2731/3533/3033 2720/3521/3022
f 2723/3522/3023 2734/3534/3034 2733/3535/3035 2722/3523/3024
f 2724/3524/3025 2735/3536/3036 2734/3534/3034 2723/3522/3023
f 2725/3525/3026 2736/3537/3037 2735/3536/3036 2724/3524/3025
f 2726/3526/3027 2737/3538/3038 2736/3537/3037 2725/3525/3026
f 2727/3527/3028 2738/3539/3039 2737/3538/3038 2726/3526/3027
f 2728/3528/3029 2739/3540/3040 2738/3539/3039 2727/3527/3028
f 2729/3529/3030 2740/3541/3041 2739/3540/3040 2728/3528/3029
f 2730/3530/3031 2741/3542/3042 2740/3541/3041 2729/3529/3030
f 2720/3531/3022 2731/3543/3033 2741/3542/3042 2730/3530/3031
f 2732/3532/3032 2743/3544/3043 2742/3545/3044 2731/3533/3033
f 2734/3534/3034 2745/3546/3045 2744/3547/3046 2733/3535/3035
f 2735/3536/3036 2746/3548/3047 2745/3546/3045 2734/3534/3034
f 2736/3537/3037 2747/3549/3048 2746/3548/3047 2735/3536/3036
f 2737/3538/3038 2748/3550/3049 2747/3549/3048 2736/3537/3037
f 2738/3539/3039 2749/3551/3050 2748/3550/3049 2737/3538/3038
f 2739/3540/3040 2750/3552/3051 2749/3551/3050 2738/3539/3039
f 2740/3541/3041 2751/3553/3052 2750/3552/3051 2739/3540/3040
f 2741/3542/3042 2752/3554/3053 2751/3553/3052 2740/3541/3041
f 2731/3543/3033 2742/3555/3044 2752/3554/3053 2741/3542/3042
f 2743/3544/3043 2774/3556/3054 2773/3557/3055 2742/3545/3044
f 2745/3546/3045 2765/3558/3056 2764/3559/3057 2744/3547/3046
f 2746/3548/3047 2766/3560/3058 2765/3558/3056 2745/3546/3045
f 2747/3549/3048 2767/3561/3059 2766/3560/3058 2746/3548/3047
f 2748/3550/3049 2768/3562/3060 2767/3561/3059 2747/3549/3048
f 2749/3551/3050 2769/3563/3061 2768/3562/3060 2748/3550/3049
f 2750/3552/3051 2770/3564/3062 2769/3563/3061 2749/3551/3050
f 2751/3553/3052 2771/3565/3063 2770/3564/3062 2750/3552/3051
f 2752/3554/3053 2772/3566/3064 2771/3565/3063 2751/3553/3052
f 2742/3555/3044 2773/3567/3055 2772/3566/3064 2752/3554/3053
f 2754/3502/3004 2697/3568/3065 2753/3504/3006
f 2755/3500/3002 2697/3568/3065 2754/3502/3004
f 2756/3498/3000 2697/3568/3065 2755/3500/3002
f 2757/3496/2998 2697/3568/3065 2756/3498/3000
f 2758/3494/2996 2697/3568/3065 2757/3496/2998
f 2759/3492/2994 2697/3568/3065 2758/3494/2996
f 2760/3490/2992 2697/3568/3065 2759/3492/2994
f 2761/3488/2990 2697/3568/3065 2760/3490/2992
f 2762/3487/2989 2697/3568/3065 2761/3488/2990
f 2763/3507/3009 2697/3568/3065 2762/3487/2989
f 2765/3558/3056 2693/3569/3005 2694/3505/3007 2764/3559/3057
f 2766/3560/3058 2692/3570/3003 2693/3569/3005 2765/3558/3056
f 2767/3561/3059 2691/3571/3001 2692/3570/3003 2766/3560/3058
f 2768/3562/3060 2690/3572/2999 2691/3571/3001 2767/3561/3059
f 2769/3563/3061 2689/3573/2997 2690/3572/2999 2768/3562/3060
f 2770/3564/3062 2688/3574/2995 2689/3573/2997 2769/3563/3061
f 2771/3565/3063 2687/3575/2993 2688/3574/2995 2770/3564/3062
f 2772/3566/3064 2686/3576/2991 2687/3575/2993 2771/3565/3063
f 2773/3567/3055 2685/3577/2988 2686/3576/2991 2772/3566/3064
f 2774/3556/3054 2695/3506/3008 2685/3578/2988 2773/3557/3055
s 67
f 2700/3468/3066 2699/3471/3067 2684/3470/3068 2683/3469/3069
f 2699/3471/3067 2700/3468/3066 2711/3511/3070 2710/3508/3071
f 2710/3508/3071 2711/3511/3070 2722/3523/3072 2721/3520/3073
f 2721/3520/3073 2722/3523/3072 2733/3535/3074 2732/3532/3075
f 2732/3532/3075 2733/3535/3074 2744/3547/3076 2743/3544/3077
f 2743/3544/3077 2744/3547/3076 2764/3559/3078 2774/3556/3079
f 2694/3505/3080 2695/3506/3081 2774/3556/3079 2764/3559/3078
f 2753/3504/3082 2763/3507/3083 2695/3506/3081 2694/3505/3080
f 2697/3568/3084 2763/3507/3083 2753/3504/3082
s 68
f 2775/3579/3085 2783/3580/3086 2784/3581/3087 2776/3582/3088
f 2776/3582/3088 2784/3581/3087 2785/3583/3089 2777/3584/3090
f 2777/3584/3090 2785/3583/3089 2786/3585/3091 2778/3586/3092
f 2778/3586/3092 2786/3585/3091 2787/3587/3093 2779/3588/3094
f 2779/3588/3094 2787/3587/3093 2788/3589/3095 2780/3590/3096
f 2780/3590/3096 2788/3589/3095 2789/3591/3097 2781/3592/3098
f 2781/3592/3098 2789/3591/3097 2790/3593/3099 2782/3594/3100
f 2782/3594/3100 2790/3593/3099 2783/3595/3086 2775/3596/3085
f 2783/3580/3086 2791/3597/3101 2792/3598/3102 2784/3581/3087
f 2784/3581/3087 2792/3598/3102 2793/3599/3103 2785/3583/3089
f 2785/3583/3089 2793/3599/3103 2794/3600/3104 2786/3585/3091
f 2786/3585/3091 2794/3600/3104 2795/3601/3105 2787/3587/3093
f 2787/3587/3093 2795/3601/3105 2796/3602/3106 2788/3589/3095
f 2788/3589/3095 2796/3602/3106 2797/3603/3107 2789/3591/3097
f 2789/3591/3097 2797/3603/3107 2798/3604/3108 2790/3593/3099
f 2790/3593/3099 2798/3604/3108 2791/3605/3101 2783/3595/3086
f 2791/3597/3101 2799/3606/3109 2800/3607/3110 2792/3598/3102
f 2792/3598/3102 2800/3607/3110 2801/3608/3111 2793/3599/3103
f 2793/3599/3103 2801/3608/3111 2802/3609/3112 2794/3600/3104
f 2794/3600/3104 2802/3609/3112 2803/3610/3113 2795/3601/3105
f 2795/3601/3105 2803/3610/3113 2804/3611/3114 2796/3602/3106
f 2796/3602/3106 2804/3611/3114 2805/3612/3115 2797/3603/3107
f 2797/3603/3107 2805/3612/3115 2806/3613/3116 2798/3604/3108
f 2798/3604/3108 2806/3613/3116 2799/3614/3109 2791/3605/3101
f 2799/3606/3109 2807/3615/3117 2808/3616/3118 2800/3607/3110
f 2800/3607/3110 2808/3616/3118 2809/3617/3119 2801/3608/3111
f 2801/3608/3111 2809/3617/3119 2810/3618/3120 2802/3609/3112
f 2802/3609/3112 2810/3618/3120 2811/3619/3121 2803/3610/3113
f 2803/3610/3113 2811/3619/3121 2812/3620/3122 2804/3611/3114
f 2804/3611/3114 2812/3620/3122 2813/3621/3123 2805/3612/3115
f 2805/3612/3115 2813/3621/3123 2814/3622/3124 2806/3613/3116
f 2806/3613/3116 2814/3622/3124 2807/3623/3117 2799/3614/3109
f 2807/3615/3117 2815/3624/3125 2816/3625/3126 2808/3616/3118
f 2808/3616/3118 2816/3625/3126 2817/3626/3127 2809/3617/3119
f 2809/3617/3119 2817/3626/3127 2818/3627/3128 2810/3618/3120
f 2810/3618/3120 2818/3627/3128 2819/3628/3129 2811/3619/3121
f 2811/3619/3121 2819/3628/3129 2820/3629/3130 2812/3620/3122
f 2812/3620/3122 2820/3629/3130 2821/3630/3131 2813/3621/3123
f 2813/3621/3123 2821/3630/3131 2822/3631/3132 2814/3622/3124
f 2814/3622/3124 2822/3631/3132 2815/3632/3125 2807/3623/3117
f 2815/3624/3125 2823/3633/3133 2824/3634/3134 2816/3625/3126
f 2816/3625/3126 2824/3634/3134 2825/3635/3135 2817/3626/3127
f 2817/3626/3127 2825/3635/3135 2826/3636/3136 2818/3627/3128
f 2818/3627/3128 2826/3636/3136 2827/3637/3137 2819/3628/3129
f 2819/3628/3129 2827/3637/3137 2828/3638/3138 2820/3629/3130
f 2820/3629/3130 2828/3638/3138 2829/3639/3139 2821/3630/3131
f 2821/3630/3131 2829/3639/3139 2830/3640/3140 2822/3631/3132
f 2822/3631/3132 2830/3640/3140 2823/3641/3133 2815/3632/3125
f 2776/3582/3088 2831/3642/3141 2775/3579/3085
f 2777/3584/3090 2831/3643/3141 2776/3582/3088
f 2778/3586/3092 2831/3644/3141 2777/3584/3090
f 2779/3588/3094 2831/3645/3141 2778/3586/3092
f 2780/3590/3096 2831/3646/3141 2779/3588/3094
f 2781/3592/3098 2831/3647/3141 2780/3590/3096
f 2782/3594/3100 2831/3648/3141 2781/3592/3098
f 2775/3596/3085 2831/3649/3141 2782/3594/3100
f 2823/3633/3133 2832/3650/3142 2824/3634/3134
f 2824/3634/3134 2832/3651/3142 2825/3635/3135
f 2825/3635/3135 2832/3652/3142 2826/3636/3136
f 2826/3636/3136 2832/3653/3142 2827/3637/3137
f 2827/3637/3137 2832/3654/3142 2828/3638/3138
f 2828/3638/3138 2832/3655/3142 2829/3639/3139
f 2829/3639/3139 2832/3656/3142 2830/3640/3140
f 2830/3640/3140 2832/3657/3142 2823/3641/3133
s 69
f 3015/3658/3143 3016/3659/3144 2856/3660/3145 2855/3661/3146
f 3016/3659/3144 3017/3662/3147 2857/3663/3148 2856/3660/3145
f 3017/3662/3147 3018/3664/3149 2858/3665/3150 2857/3663/3148
f 3018/3664/3149 3019/3666/3151 2859/3667/3152 2858/3665/3150
f 3019/3666/3151 3020/3668/3153 2860/3669/3154 2859/3667/3152
f 3020/3668/3153 3021/3670/3155 2861/3671/3156 2860/3669/3154
f 3021/3670/3155 3022/3672/3157 2862/3673/3158 2861/3671/3156
f 3022/3672/3157 3023/3674/3159 2863/3675/3160 2862/3673/3158
f 3023/3674/3159 3024/3676/3161 2864/3677/3162 2863/3675/3160
f 3024/3676/3161 3025/3678/3163 2865/3679/3164 2864/3677/3162
f 3025/3678/3163 3026/3680/3165 2866/3681/3166 2865/3679/3164
f 3026/3680/3165 3027/3682/3167 2867/3683/3168 2866/3681/3166
f 3027/3682/3167 3028/3684/3169 2868/3685/3170 2867/3683/3168
f 3028/3684/3169 3029/3686/3171 2869/3687/3172 2868/3685/3170
f 3029/3686/3171 3030/3688/3173 2870/3689/3174 2869/3687/3172
f 3030/3688/3173 3031/3690/3175 2871/3691/3176 2870/3689/3174
f 3031/3690/3175 3032/3692/3177 2872/3693/3178 2871/3691/3176
f 3032/3692/3177 3033/3694/3179 2873/3695/3180 2872/3693/3178
f 3033/3694/3179 3034/3696/3181 2874/3697/3182 2873/3695/3180
f 3034/3696/3181 3015/3698/3143 2855/3699/3146 2874/3697/3182
f 2876/3700/3183 2875/3701/3184 2855/3661/3146 2856/3660/3145
f 2877/3702/3185 2876/3700/3183 2856/3660/3145 2857/3663/3148
f 2878/3703/3186 2877/3702/3185 2857/3663/3148 2858/3665/3150
f 2879/3704/3187 2878/3703/3186 2858/3665/3150 2859/3667/3152
f 2880/3705/3188 2879/3704/3187 2859/3667/3152 2860/3669/3154
f 2881/3706/3189 2880/3705/3188 2860/3669/3154 2861/3671/3156
f 2882/3707/3190 2881/3706/3189 2861/3671/3156 2862/3673/3158
f 2883/3708/3191 2882/3707/3190 2862/3673/3158 2863/3675/3160
f 2884/3709/3192 2883/3708/3191 2863/3675/3160 2864/3677/3162
f 2885/3710/3193 2884/3709/3192 2864/3677/3162 2865/3679/3164
f 2886/3711/3194 2885/3710/3193 2865/3679/3164 2866/3681/3166
f 2887/3712/3195 2886/3711/3194 2866/3681/3166 2867/3683/3168
f 2888/3713/3196 2887/3712/3195 2867/3683/3168 2868/3685/3170
f 2889/3714/3197 2888/3713/3196 2868/3685/3170 2869/3687/3172
f 2890/3715/3198 2889/3714/3197 2869/3687/3172 2870/3689/3174
f 2891/3716/3199 2890/3715/3198 2870/3689/3174 2871/3691/3176
f 2892/3717/3200 2891/3716/3199 2871/3691/3176 2872/3693/3178
f 2893/3718/3201 2892/3717/3200 2872/3693/3178 2873/3695/3180
f 2894/3719/3202 2893/3718/3201 2873/3695/3180 2874/3697/3182
f 2875/3720/3184 2894/3719/3202 2874/3697/3182 2855/3699/3146
f 2895/3721/3203 2898/3722/3204 2894/3719/3202 2875/3720/3184
f 2898/3722/3204 2901/3723/3205 2893/3718/3201 2894/3719/3202
f 2901/3723/3205 2904/3724/3206 2892/3717/3200 2893/3718/3201
f 2904/3724/3206 2907/3725/3207 2891/3716/3199 2892/3717/3200
f 2907/3725/3207 2910/3726/3208 2890/3715/3198 2891/3716/3199
f 2910/3726/3208 2913/3727/3209 2889/3714/3197 2890/3715/3198
f 2913/3727/3209 2916/3728/3210 2888/3713/3196 2889/3714/3197
f 2916/3728/3210 2919/3729/3211 2887/3712/3195 2888/3713/3196
f 2919/3729/3211 2922/3730/3212 2886/3711/3194 2887/3712/3195
f 2922/3730/3212 2925/3731/3213 2885/3710/3193 2886/3711/3194
f 2925/3731/3213 2928/3732/3214 2884/3709/3192 2885/3710/3193
f 2928/3732/3214 2931/3733/3215 2883/3708/3191 2884/3709/3192
f 2931/3733/3215 2934/3734/3216 2882/3707/3190 2883/3708/3191
f 2934/3734/3216 2937/3735/3217 2881/3706/3189 2882/3707/3190
f 2937/3735/3217 2940/3736/3218 2880/3705/3188 2881/3706/3189
f 2940/3736/3218 2943/3737/3219 2879/3704/3187 2880/3705/3188
f 2943/3737/3219 2946/3738/3220 2878/3703/3186 2879/3704/3187
f 2946/3738/3220 2949/3739/3221 2877/3702/3185 2878/3703/3186
f 2949/3739/3221 2952/3740/3222 2876/3700/3183 2877/3702/3185
f 2952/3740/3222 2895/3741/3203 2875/3701/3184 2876/3700/3183
s 70
f 2900/3742/3223 2897/3743/3224 2833/3744/3225
f 2903/3745/3226 2900/3742/3223 2833/3744/3225
f 2906/3746/3227 2903/3745/3226 2833/3744/3225
f 2909/3747/3228 2906/3746/3227 2833/3744/3225
f 2912/3748/3229 2909/3747/3228 2833/3744/3225
f 2915/3749/3230 2912/3748/3229 2833/3744/3225
f 2918/3750/3231 2915/3749/3230 2833/3744/3225
f 2921/3751/3232 2918/3750/3231 2833/3744/3225
f 2924/3752/3233 2921/3751/3232 2833/3744/3225
f 2927/3753/3234 2924/3752/3233 2833/3744/3225
f 2930/3754/3235 2927/3753/3234 2833/3744/3225
f 2933/3755/3236 2930/3754/3235 2833/3744/3225
f 2936/3756/3237 2933/3755/3236 2833/3744/3225
f 2939/3757/3238 2936/3756/3237 2833/3744/3225
f 2942/3758/3239 2939/3757/3238 2833/3744/3225
f 2945/3759/3240 2942/3758/3239 2833/3744/3225
f 2948/3760/3241 2945/3759/3240 2833/3744/3225
f 2951/3761/3242 2948/3760/3241 2833/3744/3225
f 2954/3762/3243 2951/3761/3242 2833/3744/3225
f 2897/3743/3224 2954/3762/3243 2833/3744/3225
s 71
f 2955/3763/3244 2958/3764/3245 2834/3765/3246
f 2958/3764/3245 2961/3766/3247 2834/3765/3246
f 2961/3766/3247 2964/3767/3248 2834/3765/3246
f 2964/3767/3248 2967/3768/3249 2834/3765/3246
f 2967/3768/3249 2970/3769/3250 2834/3765/3246
f 2970/3769/3250 2973/3770/3251 2834/3765/3246
f 2973/3770/3251 2976/3771/3252 2834/3765/3246
f 2976/3771/3252 2979/3772/3253 2834/3765/3246
f 2979/3772/3253 2982/3773/3254 2834/3765/3246
f 2982/3773/3254 2985/3774/3255 2834/3765/3246
f 2985/3774/3255 2988/3775/3256 2834/3765/3246
f 2988/3775/3256 2991/3776/3257 2834/3765/3246
f 2991/3776/3257 2994/3777/3258 2834/3765/3246
f 2994/3777/3258 2997/3778/3259 2834/3765/3246
f 2997/3778/3259 3000/3779/3260 2834/3765/3246
f 3000/3779/3260 3003/3780/3261 2834/3765/3246
f 3003/3780/3261 3006/3781/3262 2834/3765/3246
f 3006/3781/3262 3009/3782/3263 2834/3765/3246
f 3009/3782/3263 3012/3783/3264 2834/3765/3246
f 3012/3783/3264 2955/3763/3244 2834/3765/3246
s 69
f 2836/3784/3265 2835/3785/3266 2957/3786/3267 3014/3787/3268
f 2837/3788/3269 2836/3784/3265 3014/3787/3268 3011/3789/3270
f 2838/3790/3271 2837/3788/3269 3011/3789/3270 3008/3791/3272
f 2839/3792/3273 2838/3790/3271 3008/3791/3272 3005/3793/3274
f 2840/3794/3275 2839/3792/3273 3005/3793/3274 3002/3795/3276
f 2841/3796/3277 2840/3794/3275 3002/3795/3276 2999/3797/3278
f 2842/3798/3279 2841/3796/3277 2999/3797/3278 2996/3799/3280
f 2843/3800/3281 2842/3798/3279 2996/3799/3280 2993/3801/3282
f 2844/3802/3283 2843/3800/3281 2993/3801/3282 2990/3803/3284
f 2845/3804/3285 2844/3802/3283 2990/3803/3284 2987/3805/3286
f 2846/3806/3287 2845/3804/3285 2987/3805/3286 2984/3807/3288
f 2847/3808/3289 2846/3806/3287 2984/3807/3288 2981/3809/3290
f 2848/3810/3291 2847/3808/3289 2981/3809/3290 2978/3811/3292
f 2849/3812/3293 2848/3810/3291 2978/3811/3292 2975/3813/3294
f 2850/3814/3295 2849/3812/3293 2975/3813/3294 2972/3815/3296
f 2851/3816/3297 2850/3814/3295 2972/3815/3296 2969/3817/3298
f 2852/3818/3299 2851/3816/3297 2969/3817/3298 2966/3819/3300
f 2853/3820/3301 2852/3818/3299 2966/3819/3300 2963/3821/3302
f 2854/3822/3303 2853/3820/3301 2963/3821/3302 2960/3823/3304
f 2835/3824/3266 2854/3822/3303 2960/3823/3304 2957/3825/3267
f 2895/3721/3203 2896/3826/3305 2899/3827/3306 2898/3722/3204
s 70
f 2896/3828/3307 2897/3743/3224 2900/3742/3223 2899/3829/3308
s 69
f 2898/3722/3204 2899/3827/3306 2902/3830/3309 2901/3723/3205
s 70
f 2899/3829/3308 2900/3742/3223 2903/3745/3226 2902/3831/3310
s 69
f 2901/3723/3205 2902/3830/3309 2905/3832/3311 2904/3724/3206
s 70
f 2902/3831/3310 2903/3745/3226 2906/3746/3227 2905/3833/3312
s 69
f 2904/3724/3206 2905/3832/3311 2908/3834/3313 2907/3725/3207
s 70
f 2905/3833/3312 2906/3746/3227 2909/3747/3228 2908/3835/3314
s 69
f 2907/3725/3207 2908/3834/3313 2911/3836/3315 2910/3726/3208
s 70
f 2908/3835/3314 2909/3747/3228 2912/3748/3229 2911/3837/3316
s 69
f 2910/3726/3208 2911/3836/3315 2914/3838/3317 2913/3727/3209
s 70
f 2911/3837/3316 2912/3748/3229 2915/3749/3230 2914/3839/3318
s 69
f 2913/3727/3209 2914/3838/3317 2917/3840/3319 2916/3728/3210
s 70
f 2914/3839/3318 2915/3749/3230 2918/3750/3231 2917/3841/3320
s 69
f 2916/3728/3210 2917/3840/3319 2920/3842/3321 2919/3729/3211
s 70
f 2917/3841/3320 2918/3750/3231 2921/3751/3232 2920/3843/3322
s 69
f 2919/3729/3211 2920/3842/3321 2923/3844/3323 2922/3730/3212
s 70
f 2920/3843/3322 2921/3751/3232 2924/3752/3233 2923/3845/3324
s 69
f 2922/3730/3212 2923/3844/3323 2926/3846/3325 2925/3731/3213
s 70
f 2923/3845/3324 2924/3752/3233 2927/3753/3234 2926/3847/3326
s 69
f 2925/3731/3213 2926/3846/3325 2929/3848/3327 2928/3732/3214
s 70
f 2926/3847/3326 2927/3753/3234 2930/3754/3235 2929/3849/3328
s 69
f 2928/3732/3214 2929/3848/3327 2932/3850/3329 2931/3733/3215
s 70
f 2929/3849/3328 2930/3754/3235 2933/3755/3236 2932/3851/3330
s 69
f 2931/3733/3215 2932/3850/3329 2935/3852/3331 2934/3734/3216
s 70
f 2932/3851/3330 2933/3755/3236 2936/3756/3237 2935/3853/3332
s 69
f 2934/3734/3216 2935/3852/3331 2938/3854/3333 2937/3735/3217
s 70
f 2935/3853/3332 2936/3756/3237 2939/3757/3238 2938/3855/3334
s 69
f 2937/3735/3217 2938/3854/3333 2941/3856/3335 2940/3736/3218
s 70
f 2938/3855/3334 2939/3757/3238 2942/3758/3239 2941/3857/3336
s 69
f 2940/3736/3218 2941/3856/3335 2944/3858/3337 2943/3737/3219
s 70
f 2941/3857/3336 2942/3758/3239 2945/3759/3240 2944/3859/3338
s 69
f 2943/3737/3219 2944/3858/3337 2947/3860/3339 2946/3738/3220
s 70
f 2944/3859/3338 2945/3759/3240 2948/3760/3241 2947/3861/3340
s 69
f 2946/3738/3220 2947/3860/3339 2950/3862/3341 2949/3739/3221
s 70
f 2947/3861/3340 2948/3760/3241 2951/3761/3242 2950/3863/3342
s 69
f 2949/3739/3221 2950/3862/3341 2953/3864/3343 2952/3740/3222
s 70
f 2950/3863/3342 2951/3761/3242 2954/3762/3243 2953/3865/3344
f 2897/3743/3224 2896/3828/3307 2953/3865/3344 2954/3762/3243
s 69
f 2896/3866/3305 2895/3741/3203 2952/3740/3222 2953/3864/3343
s 71
f 2955/3763/3244 2956/3867/3345 2959/3868/3346 2958/3764/3245
s 69
f 2956/3869/3347 2957/3825/3267 2960/3823/3304 2959/3870/3348
s 71
f 2958/3764/3245 2959/3868/3346 2962/3871/3349 2961/3766/3247
s 69
f 2959/3870/3348 2960/3823/3304 2963/3821/3302 2962/3872/3350
s 71
f 2961/3766/3247 2962/3871/3349 2965/3873/3351 2964/3767/3248
s 69
f 2962/3872/3350 2963/3821/3302 2966/3819/3300 2965/3874/3352
s 71
f 2964/3767/3248 2965/3873/3351 2968/3875/3353 2967/3768/3249
s 69
f 2965/3874/3352 2966/3819/3300 2969/3817/3298 2968/3876/3354
s 71
f 2967/3768/3249 2968/3875/3353 2971/3877/3355 2970/3769/3250
s 69
f 2968/3876/3354 2969/3817/3298 2972/3815/3296 2971/3878/3356
s 71
f 2970/3769/3250 2971/3877/3355 2974/3879/3357 2973/3770/3251
s 69
f 2971/3878/3356 2972/3815/3296 2975/3813/3294 2974/3880/3358
s 71
f 2973/3770/3251 2974/3879/3357 2977/3881/3359 2976/3771/3252
s 69
f 2974/3880/3358 2975/3813/3294 2978/3811/3292 2977/3882/3360
s 71
f 2976/3771/3252 2977/3881/3359 2980/3883/3361 2979/3772/3253
s 69
f 2977/3882/3360 2978/3811/3292 2981/3809/3290 2980/3884/3362
s 71
f 2979/3772/3253 2980/3883/3361 2983/3885/3363 2982/3773/3254
s 69
f 2980/3884/3362 2981/3809/3290 2984/3807/3288 2983/3886/3364
s 71
f 2982/3773/3254 2983/3885/3363 2986/3887/3365 2985/3774/3255
s 69
f 2983/3886/3364 2984/3807/3288 2987/3805/3286 2986/3888/3366
s 71
f 2985/3774/3255 2986/3887/3365 2989/3889/3367 2988/3775/3256
s 69
f 2986/3888/3366 2987/3805/3286 2990/3803/3284 2989/3890/3368
s 71
f 2988/3775/3256 2989/3889/3367 2992/3891/3369 2991/3776/3257
s 69
f 2989/3890/3368 2990/3803/3284 2993/3801/3282 2992/3892/3370
s 71
f 2991/3776/3257 2992/3891/3369 2995/3893/3371 2994/3777/3258
s 69
f 2992/3892/3370 2993/3801/3282 2996/3799/3280 2995/3894/3372
s 71
f 2994/3777/3258 2995/3893/3371 2998/3895/3373 2997/3778/3259
s 69
f 2995/3894/3372 2996/3799/3280 2999/3797/3278 2998/3896/3374
s 71
f 2997/3778/3259 2998/3895/3373 3001/3897/3375 3000/3779/3260
s 69
f 2998/3896/3374 2999/3797/3278 3002/3795/3276 3001/3898/3376
s 71
f 3000/3779/3260 3001/3897/3375 3004/3899/3377 3003/3780/3261
s 69
f 3001/3898/3376 3002/3795/3276 3005/3793/3274 3004/3900/3378
s 71
f 3003/3780/3261 3004/3899/3377 3007/3901/3379 3006/3781/3262
s 69
f 3004/3900/3378 3005/3793/3274 3008/3791/3272 3007/3902/3380
s 71
f 3006/3781/3262 3007/3901/3379 3010/3903/3381 3009/3782/3263
s 69
f 3007/3902/3380 3008/3791/3272 3011/3789/3270 3010/3904/3382
s 71
f 3009/3782/3263 3010/3903/3381 3013/3905/3383 3012/3783/3264
s 69
f 3010/3904/3382 3011/3789/3270 3014/3787/3268 3013/3906/3384
f 2957/3786/3267 2956/3907/3347 3013/3906/3384 3014/3787/3268
s 71
f 2956/3867/3345 2955/3763/3244 3012/3783/3264 3013/3905/3383
s 69
f 3035/3908/3385 3036/3909/3386 3016/3659/3144 3015/3658/3143
f 3036/3909/3386 3037/3910/3387 3017/3662/3147 3016/3659/3144
f 3037/3910/3387 3038/3911/3388 3018/3664/3149 3017/3662/3147
f 3038/3911/3388 3039/3912/3389 3019/3666/3151 3018/3664/3149
f 3039/3912/3389 3040/3913/3390 3020/3668/3153 3019/3666/3151
f 3040/3913/3390 3041/3914/3391 3021/3670/3155 3020/3668/3153
f 3041/3914/3391 3042/3915/3392 3022/3672/3157 3021/3670/3155
f 3042/3915/3392 3043/3916/3393 3023/3674/3159 3022/3672/3157
f 3043/3916/3393 3044/3917/3394 3024/3676/3161 3023/3674/3159
f 3044/3917/3394 3045/3918/3395 3025/3678/3163 3024/3676/3161
f 3045/3918/3395 3046/3919/3396 3026/3680/3165 3025/3678/3163
f 3046/3919/3396 3047/3920/3397 3027/3682/3167 3026/3680/3165
f 3047/3920/3397 3048/3921/3398 3028/3684/3169 3027/3682/3167
f 3048/3921/3398 3049/3922/3399 3029/3686/3171 3028/3684/3169
f 3049/3922/3399 3050/3923/3400 3030/3688/3173 3029/3686/3171
f 3050/3923/3400 3051/3924/3401 3031/3690/3175 3030/3688/3173
f 3051/3924/3401 3052/3925/3402 3032/3692/3177 3031/3690/3175
f 3052/3925/3402 3053/3926/3403 3033/3694/3179 3032/3692/3177
f 3053/3926/3403 3054/3927/3404 3034/3696/3181 3033/3694/3179
f 3054/3927/3404 3035/3928/3385 3015/3698/3143 3034/3696/3181
f 2836/3784/3265 3036/3909/3386 3035/3908/3385 2835/3785/3266
f 2837/3788/3269 3037/3910/3387 3036/3909/3386 2836/3784/3265
f 2838/3790/3271 3038/3911/3388 3037/3910/3387 2837/3788/3269
f 2839/3792/3273 3039/3912/3389 3038/3911/3388 2838/3790/3271
f 2840/3794/3275 3040/3913/3390 3039/3912/3389 2839/3792/3273
f 2841/3796/3277 3041/3914/3391 3040/3913/3390 2840/3794/3275
f 2842/3798/3279 3042/3915/3392 3041/3914/3391 2841/3796/3277
f 2843/3800/3281 3043/3916/3393 3042/3915/3392 2842/3798/3279
f 2844/3802/3283 3044/3917/3394 3043/3916/3393 2843/3800/3281
f 2845/3804/3285 3045/3918/3395 3044/3917/3394 2844/3802/3283
f 2846/3806/3287 3046/3919/3396 3045/3918/3395 2845/3804/3285
f 2847/3808/3289 3047/3920/3397 3046/3919/3396 2846/3806/3287
f 2848/3810/3291 3048/3921/3398 3047/3920/3397 2847/3808/3289
f 2849/3812/3293 3049/3922/3399 3048/3921/3398 2848/3810/3291
f 2850/3814/3295 3050/3923/3400 3049/3922/3399 2849/3812/3293
f 2851/3816/3297 3051/3924/3401 3050/3923/3400 2850/3814/3295
f 2852/3818/3299 3052/3925/3402 3051/3924/3401 2851/3816/3297
f 2853/3820/3301 3053/3926/3403 3052/3925/3402 2852/3818/3299
f 2854/3822/3303 3054/3927/3404 3053/3926/3403 2853/3820/3301
f 2835/3824/3266 3035/3928/3385 3054/3927/3404 2854/3822/3303
s 73
f 3058/3929/3405 3057/3930/3406 3257/3931/3407 3258/3932/3408
f 3059/3933/3409 3058/3929/3405 3258/3932/3408 3259/3934/3410
f 3060/3935/3411 3059/3933/3409 3259/3934/3410 3260/3936/3412
f 3061/3937/3413 3060/3935/3411 3260/3936/3412 3261/3938/3414
f 3062/3939/3415 3061/3937/3413 3261/3938/3414 3262/3940/3416
f 3063/3941/3417 3062/3939/3415 3262/3940/3416 3263/3942/3418
f 3064/3943/3419 3063/3941/3417 3263/3942/3418 3264/3944/3420
f 3065/3945/3421 3064/3943/3419 3264/3944/3420 3265/3946/3422
f 3066/3947/3423 3065/3945/3421 3265/3946/3422 3266/3948/3424
f 3067/3949/3425 3066/3947/3423 3266/3948/3424 3267/3950/3426
f 3068/3951/3427 3067/3949/3425 3267/3950/3426 3268/3952/3428
f 3069/3953/3429 3068/3951/3427 3268/3952/3428 3269/3954/3430
f 3070/3955/3431 3069/3953/3429 3269/3954/3430 3270/3956/3432
f 3071/3957/3433 3070/3955/3431 3270/3956/3432 3271/3958/3434
f 3072/3959/3435 3071/3957/3433 3271/3958/3434 3272/3960/3436
f 3073/3961/3437 3072/3959/3435 3272/3960/3436 3273/3962/3438
f 3074/3963/3439 3073/3961/3437 3273/3962/3438 3274/3964/3440
f 3075/3965/3441 3074/3963/3439 3274/3964/3440 3275/3966/3442
f 3076/3967/3443 3075/3965/3441 3275/3966/3442 3276/3968/3444
f 3057/3969/3406 3076/3967/3443 3276/3968/3444 3257/3970/3407
f 3078/3971/3445 3077/3972/3446 3057/3930/3406 3058/3929/3405
f 3079/3973/3447 3078/3971/3445 3058/3929/3405 3059/3933/3409
f 3080/3974/3448 3079/3973/3447 3059/3933/3409 3060/3935/3411
f 3081/3975/3449 3080/3974/3448 3060/3935/3411 3061/3937/3413
f 3082/3976/3450 3081/3975/3449 3061/3937/3413 3062/3939/3415
f 3083/3977/3451 3082/3976/3450 3062/3939/3415 3063/3941/3417
f 3084/3978/3452 3083/3977/3451 3063/3941/3417 3064/3943/3419
f 3085/3979/3453 3084/3978/3452 3064/3943/3419 3065/3945/3421
f 3086/3980/3454 3085/3979/3453 3065/3945/3421 3066/3947/3423
f 3087/3981/3455 3086/3980/3454 3066/3947/3423 3067/3949/3425
f 3088/3982/3456 3087/3981/3455 3067/3949/3425 3068/3951/3427
f 3089/3983/3457 3088/3982/3456 3068/3951/3427 3069/3953/3429
f 3090/3984/3458 3089/3983/3457 3069/3953/3429 3070/3955/3431
f 3091/3985/3459 3090/3984/3458 3070/3955/3431 3071/3957/3433
f 3092/3986/3460 3091/3985/3459 3071/3957/3433 3072/3959/3435
f 3093/3987/3461 3092/3986/3460 3072/3959/3435 3073/3961/3437
f 3094/3988/3462 3093/3987/3461 3073/3961/3437 3074/3963/3439
f 3095/3989/3463 3094/3988/3462 3074/3963/3439 3075/3965/3441
f 3096/3990/3464 3095/3989/3463 3075/3965/3441 3076/3967/3443
f 3077/3991/3446 3096/3990/3464 3076/3967/3443 3057/3969/3406
f 3098/3992/3465 3097/3993/3466 3077/3972/3446 3078/3971/3445
f 3099/3994/3467 3098/3992/3465 3078/3971/3445 3079/3973/3447
f 3100/3995/3468 3099/3994/3467 3079/3973/3447 3080/3974/3448
f 3101/3996/3469 3100/3995/3468 3080/3974/3448 3081/3975/3449
f 3102/3997/3470 3101/3996/3469 3081/3975/3449 3082/3976/3450
f 3103/3998/3471 3102/3997/3470 3082/3976/3450 3083/3977/3451
f 3104/3999/3472 3103/3998/3471 3083/3977/3451 3084/3978/3452
f 3105/4000/3473 3104/3999/3472 3084/3978/3452 3085/3979/3453
f 3106/4001/3474 3105/4000/3473 3085/3979/3453 3086/3980/3454
f 3107/4002/3475 3106/4001/3474 3086/3980/3454 3087/3981/3455
f 3108/4003/3476 3107/4002/3475 3087/3981/3455 3088/3982/3456
f 3109/4004/3477 3108/4003/3476 3088/3982/3456 3089/3983/3457
f 3110/4005/3478 3109/4004/3477 3089/3983/3457 3090/3984/3458
f 3111/4006/3479 3110/4005/3478 3090/3984/3458 3091/3985/3459
f 3112/4007/3480 3111/4006/3479 3091/3985/3459 3092/3986/3460
f 3113/4008/3481 3112/4007/3480 3092/3986/3460 3093/3987/3461
f 3114/4009/3482 3113/4008/3481 3093/3987/3461 3094/3988/3462
f 3115/4010/3483 3114/4009/3482 3094/3988/3462 3095/3989/3463
f 3116/4011/3484 3115/4010/3483 3095/3989/3463 3096/3990/3464
f 3097/4012/3466 3116/4011/3484 3096/3990/3464 3077/3991/3446
f 3118/4013/3485 3117/4014/3486 3097/3993/3466 3098/3992/3465
f 3119/4015/3487 3118/4013/3485 3098/3992/3465 3099/3994/3467
f 3120/4016/3488 3119/4015/3487 3099/3994/3467 3100/3995/3468
f 3121/4017/3489 3120/4016/3488 3100/3995/3468 3101/3996/3469
f 3122/4018/3490 3121/4017/3489 3101/3996/3469 3102/3997/3470
f 3123/4019/3491 3122/4018/3490 3102/3997/3470 3103/3998/3471
f 3124/4020/3492 3123/4019/3491 3103/3998/3471 3104/3999/3472
f 3125/4021/3493 3124/4020/3492 3104/3999/3472 3105/4000/3473
f 3126/4022/3494 3125/4021/3493 3105/4000/3473 3106/4001/3474
f 3127/4023/3495 3126/4022/3494 3106/4001/3474 3107/4002/3475
f 3128/4024/3496 3127/4023/3495 3107/4002/3475 3108/4003/3476
f 3129/4025/3497 3128/4024/3496 3108/4003/3476 3109/4004/3477
f 3130/4026/3498 3129/4025/3497 3109/4004/3477 3110/4005/3478
f 3131/4027/3499 3130/4026/3498 3110/4005/3478 3111/4006/3479
f 3132/4028/3500 3131/4027/3499 3111/4006/3479 3112/4007/3480
f 3133/4029/3501 3132/4028/3500 3112/4007/3480 3113/4008/3481
f 3134/4030/3502 3133/4029/3501 3113/4008/3481 3114/4009/3482
f 3135/4031/3503 3134/4030/3502 3114/4009/3482 3115/4010/3483
f 3136/4032/3504 3135/4031/3503 3115/4010/3483 3116/4011/3484
f 3117/4033/3486 3136/4032/3504 3116/4011/3484 3097/4012/3466
f 3137/4034/3505 3140/4035/3506 3136/4032/3504 3117/4033/3486
f 3140/4035/3506 3143/4036/3507 3135/4031/3503 3136/4032/3504
f 3143/4036/3507 3146/4037/3508 3134/4030/3502 3135/4031/3503
f 3146/4037/3508 3149/4038/3509 3133/4029/3501 3134/4030/3502
f 3149/4038/3509 3152/4039/3510 3132/4028/3500 3133/4029/3501
f 3152/4039/3510 3155/4040/3511 3131/4027/3499 3132/4028/3500
f 3155/4040/3511 3158/4041/3512 3130/4026/3498 3131/4027/3499
f 3158/4041/3512 3161/4042/3513 3129/4025/3497 3130/4026/3498
f 3161/4042/3513 3164/4043/3514 3128/4024/3496 3129/4025/3497
f 3164/4043/3514 3167/4044/3515 3127/4023/3495 3128/4024/3496
f 3167/4044/3515 3170/4045/3516 3126/4022/3494 3127/4023/3495
f 3170/4045/3516 3173/4046/3517 3125/4021/3493 3126/4022/3494
f 3173/4046/3517 3176/4047/3518 3124/4020/3492 3125/4021/3493
f 3176/4047/3518 3179/4048/3519 3123/4019/3491 3124/4020/3492
f 3179/4048/3519 3182/4049/3520 3122/4018/3490 3123/4019/3491
f 3182/4049/3520 3185/4050/3521 3121/4017/3489 3122/4018/3490
f 3185/4050/3521 3188/4051/3522 3120/4016/3488 3121/4017/3489
f 3188/4051/3522 3191/4052/3523 3119/4015/3487 3120/4016/3488
f 3191/4052/3523 3194/4053/3524 3118/4013/3485 3119/4015/3487
f 3194/4053/3524 3137/4054/3505 3117/4014/3486 3118/4013/3485
s 74
f 3142/4055/3525 3139/4056/3526 3055/4057/3527
f 3145/4058/3528 3142/4055/3525 3055/4057/3527
f 3148/4059/3529 3145/4058/3528 3055/4057/3527
f 3151/4060/3530 3148/4059/3529 3055/4057/3527
f 3154/4061/3531 3151/4060/3530 3055/4057/3527
f 3157/4062/3532 3154/4061/3531 3055/4057/3527
f 3160/4063/3533 3157/4062/3532 3055/4057/3527
f 3163/4064/3534 3160/4063/3533 3055/4057/3527
f 3166/4065/3535 3163/4064/3534 3055/4057/3527
f 3169/4066/3536 3166/4065/3535 3055/4057/3527
f 3172/4067/3537 3169/4066/3536 3055/4057/3527
f 3175/4068/3538 3172/4067/3537 3055/4057/3527
f 3178/4069/3539 3175/4068/3538 3055/4057/3527
f 3181/4070/3540 3178/4069/3539 3055/4057/3527
f 3184/4071/3541 3181/4070/3540 3055/4057/3527
f 3187/4072/3542 3184/4071/3541 3055/4057/3527
f 3190/4073/3543 3187/4072/3542 3055/4057/3527
f 3193/4074/3544 3190/4073/3543 3055/4057/3527
f 3196/4075/3545 3193/4074/3544 3055/4057/3527
f 3139/4056/3526 3196/4075/3545 3055/4057/3527
s 75
f 3197/4076/3546 3200/4077/3547 3056/4078/3548
f 3200/4077/3547 3203/4079/3549 3056/4078/3548
f 3203/4079/3549 3206/4080/3550 3056/4078/3548
f 3206/4080/3550 3209/4081/3551 3056/4078/3548
f 3209/4081/3551 3212/4082/3552 3056/4078/3548
f 3212/4082/3552 3215/4083/3553 3056/4078/3548
f 3215/4083/3553 3218/4084/3554 3056/4078/3548
f 3218/4084/3554 3221/4085/3555 3056/4078/3548
f 3221/4085/3555 3224/4086/3556 3056/4078/3548
f 3224/4086/3556 3227/4087/3557 3056/4078/3548
f 3227/4087/3557 3230/4088/3558 3056/4078/3548
f 3230/4088/3558 3233/4089/3559 3056/4078/3548
f 3233/4089/3559 3236/4090/3560 3056/4078/3548
f 3236/4090/3560 3239/4091/3561 3056/4078/3548
f 3239/4091/3561 3242/4092/3562 3056/4078/3548
f 3242/4092/3562 3245/4093/3563 3056/4078/3548
f 3245/4093/3563 3248/4094/3564 3056/4078/3548
f 3248/4094/3564 3251/4095/3565 3056/4078/3548
f 3251/4095/3565 3254/4096/3566 3056/4078/3548
f 3254/4096/3566 3197/4076/3546 3056/4078/3548
s 73
f 3137/4034/3505 3138/4097/3567 3141/4098/3568 3140/4035/3506
s 74
f 3138/4099/3569 3139/4056/3526 3142/4055/3525 3141/4100/3570
s 73
f 3140/4035/3506 3141/4098/3568 3144/4101/3571 3143/4036/3507
s 74
f 3141/4100/3570 3142/4055/3525 3145/4058/3528 3144/4102/3572
s 73
f 3143/4036/3507 3144/4101/3571 3147/4103/3573 3146/4037/3508
s 74
f 3144/4102/3572 3145/4058/3528 3148/4059/3529 3147/4104/3574
s 73
f 3146/4037/3508 3147/4103/3573 3150/4105/3575 3149/4038/3509
s 74
f 3147/4104/3574 3148/4059/3529 3151/4060/3530 3150/4106/3576
s 73
f 3149/4038/3509 3150/4105/3575 3153/4107/3577 3152/4039/3510
s 74
f 3150/4106/3576 3151/4060/3530 3154/4061/3531 3153/4108/3578
s 73
f 3152/4039/3510 3153/4107/3577 3156/4109/3579 3155/4040/3511
s 74
f 3153/4108/3578 3154/4061/3531 3157/4062/3532 3156/4110/3580
s 73
f 3155/4040/3511 3156/4109/3579 3159/4111/3581 3158/4041/3512
s 74
f 3156/4110/3580 3157/4062/3532 3160/4063/3533 3159/4112/3582
s 73
f 3158/4041/3512 3159/4111/3581 3162/4113/3583 3161/4042/3513
s 74
f 3159/4112/3582 3160/4063/3533 3163/4064/3534 3162/4114/3584
s 73
f 3161/4042/3513 3162/4113/3583 3165/4115/3585 3164/4043/3514
s 74
f 3162/4114/3584 3163/4064/3534 3166/4065/3535 3165/4116/3586
s 73
f 3164/4043/3514 3165/4115/3585 3168/4117/3587 3167/4044/3515
s 74
f 3165/4116/3586 3166/4065/3535 3169/4066/3536 3168/4118/3588
s 73
f 3167/4044/3515 3168/4117/3587 3171/4119/3589 3170/4045/3516
s 74
f 3168/4118/3588 3169/4066/3536 3172/4067/3537 3171/4120/3590
s 73
f 3170/4045/3516 3171/4119/3589 3174/4121/3591 3173/4046/3517
s 74
f 3171/4120/3590 3172/4067/3537 3175/4068/3538 3174/4122/3592
s 73
f 3173/4046/3517 3174/4121/3591 3177/4123/3593 3176/4047/3518
s 74
f 3174/4122/3592 3175/4068/3538 3178/4069/3539 3177/4124/3594
s 73
f 3176/4047/3518 3177/4123/3593 3180/4125/3595 3179/4048/3519
s 74
f 3177/4124/3594 3178/4069/3539 3181/4070/3540 3180/4126/3596
s 73
f 3179/4048/3519 3180/4125/3595 3183/4127/3597 3182/4049/3520
s 74
f 3180/4126/3596 3181/4070/3540 3184/4071/3541 3183/4128/3598
s 73
f 3182/4049/3520 3183/4127/3597 3186/4129/3599 3185/4050/3521
s 74
f 3183/4128/3598 3184/4071/3541 3187/4072/3542 3186/4130/3600
s 73
f 3185/4050/3521 3186/4129/3599 3189/4131/3601 3188/4051/3522
s 74
f 3186/4130/3600 3187/4072/3542 3190/4073/3543 3189/4132/3602
s 73
f 3188/4051/3522 3189/4131/3601 3192/4133/3603 3191/4052/3523
s 74
f 3189/4132/3602 3190/4073/3543 3193/4074/3544 3192/4134/3604
s 73
f 3191/4052/3523 3192/4133/3603 3195/4135/3605 3194/4053/3524
s 74
f 3192/4134/3604 3193/4074/3544 3196/4075/3545 3195/4136/3606
f 3139/4056/3526 3138/4099/3569 3195/4136/3606 3196/4075/3545
s 73
f 3138/4137/3567 3137/4054/3505 3194/4053/3524 3195/4135/3605
s 75
f 3197/4076/3546 3198/4138/3607 3201/4139/3608 3200/4077/3547
s 73
f 3198/4140/3609 3199/4141/3610 3202/4142/3611 3201/4143/3612
s 75
f 3200/4077/3547 3201/4139/3608 3204/4144/3613 3203/4079/3549
s 73
f 3201/4143/3612 3202/4142/3611 3205/4145/3614 3204/4146/3615
s 75
f 3203/4079/3549 3204/4144/3613 3207/4147/3616 3206/4080/3550
s 73
f 3204/4146/3615 3205/4145/3614 3208/4148/3617 3207/4149/3618
s 75
f 3206/4080/3550 3207/4147/3616 3210/4150/3619 3209/4081/3551
s 73
f 3207/4149/3618 3208/4148/3617 3211/4151/3620 3210/4152/3621
s 75
f 3209/4081/3551 3210/4150/3619 3213/4153/3622 3212/4082/3552
s 73
f 3210/4152/3621 3211/4151/3620 3214/4154/3623 3213/4155/3624
s 75
f 3212/4082/3552 3213/4153/3622 3216/4156/3625 3215/4083/3553
s 73
f 3213/4155/3624 3214/4154/3623 3217/4157/3626 3216/4158/3627
s 75
f 3215/4083/3553 3216/4156/3625 3219/4159/3628 3218/4084/3554
s 73
f 3216/4158/3627 3217/4157/3626 3220/4160/3629 3219/4161/3630
s 75
f 3218/4084/3554 3219/4159/3628 3222/4162/3631 3221/4085/3555
s 73
f 3219/4161/3630 3220/4160/3629 3223/4163/3632 3222/4164/3633
s 75
f 3221/4085/3555 3222/4162/3631 3225/4165/3634 3224/4086/3556
s 73
f 3222/4164/3633 3223/4163/3632 3226/4166/3635 3225/4167/3636
s 75
f 3224/4086/3556 3225/4165/3634 3228/4168/3637 3227/4087/3557
s 73
f 3225/4167/3636 3226/4166/3635 3229/4169/3638 3228/4170/3639
s 75
f 3227/4087/3557 3228/4168/3637 3231/4171/3640 3230/4088/3558
s 73
f 3228/4170/3639 3229/4169/3638 3232/4172/3641 3231/4173/3642
s 75
f 3230/4088/3558 3231/4171/3640 3234/4174/3643 3233/4089/3559
s 73
f 3231/4173/3642 3232/4172/3641 3235/4175/3644 3234/4176/3645
s 75
f 3233/4089/3559 3234/4174/3643 3237/4177/3646 3236/4090/3560
s 73
f 3234/4176/3645 3235/4175/3644 3238/4178/3647 3237/4179/3648
s 75
f 3236/4090/3560 3237/4177/3646 3240/4180/3649 3239/4091/3561
s 73
f 3237/4179/3648 3238/4178/3647 3241/4181/3650 3240/4182/3651
s 75
f 3239/4091/3561 3240/4180/3649 3243/4183/3652 3242/4092/3562
s 73
f 3240/4182/3651 3241/4181/3650 3244/4184/3653 3243/4185/3654
s 75
f 3242/4092/3562 3243/4183/3652 3246/4186/3655 3245/4093/3563
s 73
f 3243/4185/3654 3244/4184/3653 3247/4187/3656 3246/4188/3657
s 75
f 3245/4093/3563 3246/4186/3655 3249/4189/3658 3248/4094/3564
s 73
f 3246/4188/3657 3247/4187/3656 3250/4190/3659 3249/4191/3660
s 75
f 3248/4094/3564 3249/4189/3658 3252/4192/3661 3251/4095/3565
s 73
f 3249/4191/3660 3250/4190/3659 3253/4193/3662 3252/4194/3663
s 75
f 3251/4095/3565 3252/4192/3661 3255/4195/3664 3254/4096/3566
s 73
f 3252/4194/3663 3253/4193/3662 3256/4196/3665 3255/4197/3666
f 3199/4198/3610 3198/4199/3609 3255/4197/3666 3256/4196/3665
s 75
f 3198/4138/3607 3197/4076/3546 3254/4096/3566 3255/4195/3664
s 73
f 3258/3932/3408 3257/3931/3407 3199/4198/3610 3256/4196/3665
f 3259/3934/3410 3258/3932/3408 3256/4196/3665 3253/4193/3662
f 3260/3936/3412 3259/3934/3410 3253/4193/3662 3250/4190/3659
f 3261/3938/3414 3260/3936/3412 3250/4190/3659 3247/4187/3656
f 3262/3940/3416 3261/3938/3414 3247/4187/3656 3244/4184/3653
f 3263/3942/3418 3262/3940/3416 3244/4184/3653 3241/4181/3650
f 3264/3944/3420 3263/3942/3418 3241/4181/3650 3238/4178/3647
f 3265/3946/3422 3264/3944/3420 3238/4178/3647 3235/4175/3644
f 3266/3948/3424 3265/3946/3422 3235/4175/3644 3232/4172/3641
f 3267/3950/3426 3266/3948/3424 3232/4172/3641 3229/4169/3638
f 3268/3952/3428 3267/3950/3426 3229/4169/3638 3226/4166/3635
f 3269/3954/3430 3268/3952/3428 3226/4166/3635 3223/4163/3632
f 3270/3956/3432 3269/3954/3430 3223/4163/3632 3220/4160/3629
f 3271/3958/3434 3270/3956/3432 3220/4160/3629 3217/4157/3626
f 3272/3960/3436 3271/3958/3434 3217/4157/3626 3214/4154/3623
f 3273/3962/3438 3272/3960/3436 3214/4154/3623 3211/4151/3620
f 3274/3964/3440 3273/3962/3438 3211/4151/3620 3208/4148/3617
f 3275/3966/3442 3274/3964/3440 3208/4148/3617 3205/4145/3614
f 3276/3968/3444 3275/3966/3442 3205/4145/3614 3202/4142/3611
f 3257/3970/3407 3276/3968/3444 3202/4142/3611 3199/4141/3610
s 77
f 3277/4200/3667 3278/4201/3668 3286/4202/3669 3285/4203/3670
f 3278/4201/3668 3279/4204/3671 3287/4205/3672 3286/4202/3669
f 3279/4204/3671 3280/4206/3673 3288/4207/3674 3287/4205/3672
f 3280/4206/3673 3281/4208/3675 3289/4209/3676 3288/4207/3674
f 3281/4208/3675 3282/4210/3677 3290/4211/3678 3289/4209/3676
f 3282/4210/3677 3283/4212/3679 3291/4213/3680 3290/4211/3678
f 3283/4212/3679 3284/4214/3681 3292/4215/3682 3291/4213/3680
f 3284/4214/3681 3277/4216/3667 3285/4217/3670 3292/4215/3682
f 3285/4203/3670 3286/4202/3669 3294/4218/3683 3293/4219/3684
f 3286/4202/3669 3287/4205/3672 3295/4220/3685 3294/4218/3683
f 3287/4205/3672 3288/4207/3674 3296/4221/3686 3295/4220/3685
f 3288/4207/3674 3289/4209/3676 3297/4222/3687 3296/4221/3686
f 3289/4209/3676 3290/4211/3678 3298/4223/3688 3297/4222/3687
f 3290/4211/3678 3291/4213/3680 3299/4224/3689 3298/4223/3688
f 3291/4213/3680 3292/4215/3682 3300/4225/3690 3299/4224/3689
f 3292/4215/3682 3285/4217/3670 3293/4226/3684 3300/4225/3690
f 3293/4219/3684 3294/4218/3683 3302/4227/3691 3301/4228/3692
f 3294/4218/3683 3295/4220/3685 3303/4229/3693 3302/4227/3691
f 3295/4220/3685 3296/4221/3686 3304/4230/3694 3303/4229/3693
f 3296/4221/3686 3297/4222/3687 3305/4231/3695 3304/4230/3694
f 3297/4222/3687 3298/4223/3688 3306/4232/3696 3305/4231/3695
f 3298/4223/3688 3299/4224/3689 3307/4233/3697 3306/4232/3696
f 3299/4224/3689 3300/4225/3690 3308/4234/3698 3307/4233/3697
f 3300/4225/3690 3293/4226/3684 3301/4235/3692 3308/4234/3698
f 3301/4228/3692 3302/4227/3691 3310/4236/3699 3309/4237/3700
f 3302/4227/3691 3303/4229/3693 3311/4238/3701 3310/4236/3699
f 3303/4229/3693 3304/4230/3694 3312/4239/3702 3311/4238/3701
f 3304/4230/3694 3305/4231/3695 3313/4240/3703 3312/4239/3702
f 3305/4231/3695 3306/4232/3696 3314/4241/3704 3313/4240/3703
f 3306/4232/3696 3307/4233/3697 3315/4242/3705 3314/4241/3704
f 3307/4233/3697 3308/4234/3698 3316/4243/3706 3315/4242/3705
f 3308/4234/3698 3301/4235/3692 3309/4244/3700 3316/4243/3706
f 3309/4237/3700 3310/4236/3699 3318/4245/3707 3317/4246/3708
f 3310/4236/3699 3311/4238/3701 3319/4247/3709 3318/4245/3707
f 3311/4238/3701 3312/4239/3702 3320/4248/3710 3319/4247/3709
f 3312/4239/3702 3313/4240/3703 3321/4249/3711 3320/4248/3710
f 3313/4240/3703 3314/4241/3704 3322/4250/3712 3321/4249/3711
f 3314/4241/3704 3315/4242/3705 3323/4251/3713 3322/4250/3712
f 3315/4242/3705 3316/4243/3706 3324/4252/3714 3323/4251/3713
f 3316/4243/3706 3309/4244/3700 3317/4253/3708 3324/4252/3714
f 3317/4246/3708 3318/4245/3707 3326/4254/3715 3325/4255/3716
f 3318/4245/3707 3319/4247/3709 3327/4256/3717 3326/4254/3715
f 3319/4247/3709 3320/4248/3710 3328/4257/3718 3327/4256/3717
f 3320/4248/3710 3321/4249/3711 3329/4258/3719 3328/4257/3718
f 3321/4249/3711 3322/4250/3712 3330/4259/3720 3329/4258/3719
f 3322/4250/3712 3323/4251/3713 3331/4260/3721 3330/4259/3720
f 3323/4251/3713 3324/4252/3714 3332/4261/3722 3331/4260/3721
f 3324/4252/3714 3317/4253/3708 3325/4262/3716 3332/4261/3722
f 3278/4201/3668 3277/4200/3667 3333/4263/3723
f 3279/4204/3671 3278/4201/3668 3333/4264/3723
f 3280/4206/3673 3279/4204/3671 3333/4265/3723
f 3281/4208/3675 3280/4206/3673 3333/4266/3723
f 3282/4210/3677 3281/4208/3675 3333/4267/3723
f 3283/4212/3679 3282/4210/3677 3333/4268/3723
f 3284/4214/3681 3283/4212/3679 3333/4269/3723
f 3277/4216/3667 3284/4214/3681 3333/4270/3723
f 3325/4255/3716 3326/4254/3715 3334/4271/3724
f 3326/4254/3715 3327/4256/3717 3334/4272/3724
f 3327/4256/3717 3328/4257/3718 3334/4273/3724
f 3328/4257/3718 3329/4258/3719 3334/4274/3724
f 3329/4258/3719 3330/4259/3720 3334/4275/3724
f 3330/4259/3720 3331/4260/3721 3334/4276/3724
f 3331/4260/3721 3332/4261/3722 3334/4277/3724
f 3332/4261/3722 3325/4262/3716 3334/4278/3724
s 78
f 3335/4279/3725 3336/4280/3726 3369/4281/3727 3359/4282/3728
f 3336/4280/3726 3337/4283/3729 3368/4284/3730 3369/4281/3727
f 3337/4283/3729 3338/4285/3731 3367/4286/3732 3368/4284/3730
f 3338/4285/3731 3339/4287/3733 3366/4288/3734 3367/4286/3732
f 3339/4287/3733 3340/4289/3735 3365/4290/3736 3366/4288/3734
f 3340/4289/3735 3341/4291/3737 3364/4292/3738 3365/4290/3736
f 3341/4291/3737 3342/4293/3739 3363/4294/3740 3364/4292/3738
f 3342/4293/3739 3343/4295/3741 3362/4296/3742 3363/4294/3740
f 3343/4295/3741 3344/4297/3743 3361/4298/3744 3362/4296/3742
f 3345/4299/3745 3335/4300/3725 3359/4301/3728 3360/4302/3746
f 3336/4303/3726 3335/4304/3725 3357/4305/3747
f 3337/4306/3729 3336/4303/3726 3357/4305/3747
f 3338/4307/3731 3337/4306/3729 3357/4305/3747
f 3339/4308/3733 3338/4307/3731 3357/4305/3747
f 3340/4309/3735 3339/4308/3733 3357/4305/3747
f 3341/4310/3737 3340/4309/3735 3357/4305/3747
f 3342/4311/3739 3341/4310/3737 3357/4305/3747
f 3343/4312/3741 3342/4311/3739 3357/4305/3747
f 3344/4313/3743 3343/4312/3741 3357/4305/3747
f 3335/4304/3725 3345/4314/3745 3357/4305/3747
f 3346/4315/3748 3347/4316/3749 3422/4317/3750 3423/4318/3751
f 3347/4316/3749 3348/4319/3752 3421/4320/3753 3422/4317/3750
f 3348/4319/3752 3349/4321/3754 3420/4322/3755 3421/4320/3753
f 3349/4321/3754 3350/4323/3756 3419/4324/3757 3420/4322/3755
f 3350/4323/3756 3351/4325/3758 3418/4326/3759 3419/4324/3757
f 3351/4325/3758 3352/4327/3760 3417/4328/3761 3418/4326/3759
f 3352/4327/3760 3353/4329/3762 3416/4330/3763 3417/4328/3761
f 3353/4329/3762 3354/4331/3764 3415/4332/3765 3416/4330/3763
f 3354/4331/3764 3355/4333/3766 3414/4334/3767 3415/4332/3765
f 3356/4335/3768 3346/4315/3748 3423/4318/3751 3424/4336/3769
f 3360/4302/3746 3359/4301/3728 3370/4337/3770 3371/4338/3771
f 3362/4296/3742 3361/4298/3744 3372/4339/3772 3373/4340/3773
f 3363/4294/3740 3362/4296/3742 3373/4340/3773 3374/4341/3774
f 3364/4292/3738 3363/4294/3740 3374/4341/3774 3375/4342/3775
f 3365/4290/3736 3364/4292/3738 3375/4342/3775 3376/4343/3776
f 3366/4288/3734 3365/4290/3736 3376/4343/3776 3377/4344/3777
f 3367/4286/3732 3366/4288/3734 3377/4344/3777 3378/4345/3778
f 3368/4284/3730 3367/4286/3732 3378/4345/3778 3379/4346/3779
f 3369/4281/3727 3368/4284/3730 3379/4346/3779 3380/4347/3780
f 3359/4282/3728 3369/4281/3727 3380/4347/3780 3370/4348/3770
f 3371/4338/3771 3370/4337/3770 3381/4349/3781 3382/4350/3782
f 3373/4340/3773 3372/4339/3772 3383/4351/3783 3384/4352/3784
f 3374/4341/3774 3373/4340/3773 3384/4352/3784 3385/4353/3785
f 3375/4342/3775 3374/4341/3774 3385/4353/3785 3386/4354/3786
f 3376/4343/3776 3375/4342/3775 3386/4354/3786 3387/4355/3787
f 3377/4344/3777 3376/4343/3776 3387/4355/3787 3388/4356/3788
f 3378/4345/3778 3377/4344/3777 3388/4356/3788 3389/4357/3789
f 3379/4346/3779 3378/4345/3778 3389/4357/3789 3390/4358/3790
f 3380/4347/3780 3379/4346/3779 3390/4358/3790 3391/4359/3791
f 3370/4348/3770 3380/4347/3780 3391/4359/3791 3381/4360/3781
f 3382/4350/3782 3381/4349/3781 3392/4361/3792 3393/4362/3793
f 3384/4352/3784 3383/4351/3783 3394/4363/3794 3395/4364/3795
f 3385/4353/3785 3384/4352/3784 3395/4364/3795 3396/4365/3796
f 3386/4354/3786 3385/4353/3785 3396/4365/3796 3397/4366/3797
f 3387/4355/3787 3386/4354/3786 3397/4366/3797 3398/4367/3798
f 3388/4356/3788 3387/4355/3787 3398/4367/3798 3399/4368/3799
f 3389/4357/3789 3388/4356/3788 3399/4368/3799 3400/4369/3800
f 3390/4358/3790 3389/4357/3789 3400/4369/3800 3401/4370/3801
f 3391/4359/3791 3390/4358/3790 3401/4370/3801 3402/4371/3802
f 3381/4360/3781 3391/4359/3791 3402/4371/3802 3392/4372/3792
f 3393/4362/3793 3392/4361/3792 3403/4373/3803 3404/4374/3804
f 3395/4364/3795 3394/4363/3794 3405/4375/3805 3406/4376/3806
f 3396/4365/3796 3395/4364/3795 3406/4376/3806 3407/4377/3807
f 3397/4366/3797 3396/4365/3796 3407/4377/3807 3408/4378/3808
f 3398/4367/3798 3397/4366/3797 3408/4378/3808 3409/4379/3809
f 3399/4368/3799 3398/4367/3798 3409/4379/3809 3410/4380/3810
f 3400/4369/3800 3399/4368/3799 3410/4380/3810 3411/4381/3811
f 3401/4370/3801 3400/4369/3800 3411/4381/3811 3412/4382/3812
f 3402/4371/3802 3401/4370/3801 3412/4382/3812 3413/4383/3813
f 3392/4372/3792 3402/4371/3802 3413/4383/3813 3403/4384/3803
f 3404/4374/3804 3403/4373/3803 3434/4385/3814 3435/4386/3815
f 3406/4376/3806 3405/4375/3805 3425/4387/3816 3426/4388/3817
f 3407/4377/3807 3406/4376/3806 3426/4388/3817 3427/4389/3818
f 3408/4378/3808 3407/4377/3807 3427/4389/3818 3428/4390/3819
f 3409/4379/3809 3408/4378/3808 3428/4390/3819 3429/4391/3820
f 3410/4380/3810 3409/4379/3809 3429/4391/3820 3430/4392/3821
f 3411/4381/3811 3410/4380/3810 3430/4392/3821 3431/4393/3822
f 3412/4382/3812 3411/4381/3811 3431/4393/3822 3432/4394/3823
f 3413/4383/3813 3412/4382/3812 3432/4394/3823 3433/4395/3824
f 3403/4384/3803 3413/4383/3813 3433/4395/3824 3434/4396/3814
f 3415/4332/3765 3414/4334/3767 3358/4397/3825
f 3416/4330/3763 3415/4332/3765 3358/4397/3825
f 3417/4328/3761 3416/4330/3763 3358/4397/3825
f 3418/4326/3759 3417/4328/3761 3358/4397/3825
f 3419/4324/3757 3418/4326/3759 3358/4397/3825
f 3420/4322/3755 3419/4324/3757 3358/4397/3825
f 3421/4320/3753 3420/4322/3755 3358/4397/3825
f 3422/4317/3750 3421/4320/3753 3358/4397/3825
f 3423/4318/3751 3422/4317/3750 3358/4397/3825
f 3424/4336/3769 3423/4318/3751 3358/4397/3825
f 3426/4388/3817 3425/4387/3816 3355/4333/3766 3354/4398/3764
f 3427/4389/3818 3426/4388/3817 3354/4398/3764 3353/4399/3762
f 3428/4390/3819 3427/4389/3818 3353/4399/3762 3352/4400/3760
f 3429/4391/3820 3428/4390/3819 3352/4400/3760 3351/4401/3758
f 3430/4392/3821 3429/4391/3820 3351/4401/3758 3350/4402/3756
f 3431/4393/3822 3430/4392/3821 3350/4402/3756 3349/4403/3754
f 3432/4394/3823 3431/4393/3822 3349/4403/3754 3348/4404/3752
f 3433/4395/3824 3432/4394/3823 3348/4404/3752 3347/4405/3749
f 3434/4396/3814 3433/4395/3824 3347/4405/3749 3346/4406/3748
f 3435/4386/3815 3434/4385/3814 3346/4407/3748 3356/4335/3768
s 80
f 3361/4298/3826 3344/4297/3827 3345/4299/3828 3360/4302/3829
f 3360/4302/3829 3371/4338/3830 3372/4339/3831 3361/4298/3826
f 3371/4338/3830 3382/4350/3832 3383/4351/3833 3372/4339/3831
f 3382/4350/3832 3393/4362/3834 3394/4363/3835 3383/4351/3833
f 3393/4362/3834 3404/4374/3836 3405/4375/3837 3394/4363/3835
f 3404/4374/3836 3435/4386/3838 3425/4387/3839 3405/4375/3837
f 3355/4333/3840 3425/4387/3839 3435/4386/3838 3356/4335/3841
f 3414/4334/3842 3355/4333/3840 3356/4335/3841 3424/4336/3843
f 3358/4397/3844 3414/4334/3842 3424/4336/3843
s 81
f 3436/4408/3845 3437/4409/3846 3445/4410/3847 3444/4411/3848
f 3437/4409/3846 3438/4412/3849 3446/4413/3850 3445/4410/3847
f 3438/4412/3849 3439/4414/3851 3447/4415/3852 3446/4413/3850
f 3439/4414/3851 3440/4416/3853 3448/4417/3854 3447/4415/3852
f 3440/4416/3853 3441/4418/3855 3449/4419/3856 3448/4417/3854
f 3441/4418/3855 3442/4420/3857 3450/4421/3858 3449/4419/3856
f 3442/4420/3857 3443/4422/3859 3451/4423/3860 3450/4421/3858
f 3443/4422/3859 3436/4424/3845 3444/4425/3848 3451/4423/3860
f 3444/4411/3848 3445/4410/3847 3453/4426/3861 3452/4427/3862
f 3445/4410/3847 3446/4413/3850 3454/4428/3863 3453/4426/3861
f 3446/4413/3850 3447/4415/3852 3455/4429/3864 3454/4428/3863
f 3447/4415/3852 3448/4417/3854 3456/4430/3865 3455/4429/3864
f 3448/4417/3854 3449/4419/3856 3457/4431/3866 3456/4430/3865
f 3449/4419/3856 3450/4421/3858 3458/4432/3867 3457/4431/3866
f 3450/4421/3858 3451/4423/3860 3459/4433/3868 3458/4432/3867
f 3451/4423/3860 3444/4425/3848 3452/4434/3862 3459/4433/3868
f 3452/4427/3862 3453/4426/3861 3461/4435/3869 3460/4436/3870
f 3453/4426/3861 3454/4428/3863 3462/4437/3871 3461/4435/3869
f 3454/4428/3863 3455/4429/3864 3463/4438/3872 3462/4437/3871
f 3455/4429/3864 3456/4430/3865 3464/4439/3873 3463/4438/3872
f 3456/4430/3865 3457/4431/3866 3465/4440/3874 3464/4439/3873
f 3457/4431/3866 3458/4432/3867 3466/4441/3875 3465/4440/3874
f 3458/4432/3867 3459/4433/3868 3467/4442/3876 3466/4441/3875
f 3459/4433/3868 3452/4434/3862 3460/4443/3870 3467/4442/3876
f 3460/4436/3870 3461/4435/3869 3469/4444/3877 3468/4445/3878
f 3461/4435/3869 3462/4437/3871 3470/4446/3879 3469/4444/3877
f 3462/4437/3871 3463/4438/3872 3471/4447/3880 3470/4446/3879
f 3463/4438/3872 3464/4439/3873 3472/4448/3881 3471/4447/3880
f 3464/4439/3873 3465/4440/3874 3473/4449/3882 3472/4448/3881
f 3465/4440/3874 3466/4441/3875 3474/4450/3883 3473/4449/3882
f 3466/4441/3875 3467/4442/3876 3475/4451/3884 3474/4450/3883
f 3467/4442/3876 3460/4443/3870 3468/4452/3878 3475/4451/3884
f 3468/4445/3878 3469/4444/3877 3477/4453/3885 3476/4454/3886
f 3469/4444/3877 3470/4446/3879 3478/4455/3887 3477/4453/3885
f 3470/4446/3879 3471/4447/3880 3479/4456/3888 3478/4455/3887
f 3471/4447/3880 3472/4448/3881 3480/4457/3889 3479/4456/3888
f 3472/4448/3881 3473/4449/3882 3481/4458/3890 3480/4457/3889
f 3473/4449/3882 3474/4450/3883 3482/4459/3891 3481/4458/3890
f 3474/4450/3883 3475/4451/3884 3483/4460/3892 3482/4459/3891
f 3475/4451/3884 3468/4452/3878 3476/4461/3886 3483/4460/3892
f 3476/4454/3886 3477/4453/3885 3485/4462/3893 3484/4463/3894
f 3477/4453/3885 3478/4455/3887 3486/4464/3895 3485/4462/3893
f 3478/4455/3887 3479/4456/3888 3487/4465/3896 3486/4464/3895
f 3479/4456/3888 3480/4457/3889 3488/4466/3897 3487/4465/3896
f 3480/4457/3889 3481/4458/3890 3489/4467/3898 3488/4466/3897
f 3481/4458/3890 3482/4459/3891 3490/4468/3899 3489/4467/3898
f 3482/4459/3891 3483/4460/3892 3491/4469/3900 3490/4468/3899
f 3483/4460/3892 3476/4461/3886 3484/4470/3894 3491/4469/3900
f 3437/4409/3846 3436/4408/3845 3492/4471/3901
f 3438/4412/3849 3437/4409/3846 3492/4472/3901
f 3439/4414/3851 3438/4412/3849 3492/4473/3901
f 3440/4416/3853 3439/4414/3851 3492/4474/3901
f 3441/4418/3855 3440/4416/3853 3492/4475/3901
f 3442/4420/3857 3441/4418/3855 3492/4476/3901
f 3443/4422/3859 3442/4420/3857 3492/4477/3901
f 3436/4424/3845 3443/4422/3859 3492/4478/3901
f 3484/4463/3894 3485/4462/3893 3493/4479/3902
f 3485/4462/3893 3486/4464/3895 3493/4480/3902
f 3486/4464/3895 3487/4465/3896 3493/4481/3902
f 3487/4465/3896 3488/4466/3897 3493/4482/3902
f 3488/4466/3897 3489/4467/3898 3493/4483/3902
f 3489/4467/3898 3490/4468/3899 3493/4484/3902
f 3490/4468/3899 3491/4469/3900 3493/4485/3902
f 3491/4469/3900 3484/4470/3894 3493/4486/3902
s 82
f 3676/4487/3903 3516/4488/3904 3517/4489/3905 3677/4490/3906
f 3677/4490/3906 3517/4489/3905 3518/4491/3907 3678/4492/3908
f 3678/4492/3908 3518/4491/3907 3519/4493/3909 3679/4494/3910
f 3679/4494/3910 3519/4493/3909 3520/4495/3911 3680/4496/3912
f 3680/4496/3912 3520/4495/3911 3521/4497/3913 3681/4498/3914
f 3681/4498/3914 3521/4497/3913 3522/4499/3915 3682/4500/3916
f 3682/4500/3916 3522/4499/3915 3523/4501/3917 3683/4502/3918
f 3683/4502/3918 3523/4501/3917 3524/4503/3919 3684/4504/3920
f 3684/4504/3920 3524/4503/3919 3525/4505/3921 3685/4506/3922
f 3685/4506/3922 3525/4505/3921 3526/4507/3923 3686/4508/3924
f 3686/4508/3924 3526/4507/3923 3527/4509/3925 3687/4510/3926
f 3687/4510/3926 3527/4509/3925 3528/4511/3927 3688/4512/3928
f 3688/4512/3928 3528/4511/3927 3529/4513/3929 3689/4514/3930
f 3689/4514/3930 3529/4513/3929 3530/4515/3931 3690/4516/3932
f 3690/4516/3932 3530/4515/3931 3531/4517/3933 3691/4518/3934
f 3691/4518/3934 3531/4517/3933 3532/4519/3935 3692/4520/3936
f 3692/4520/3936 3532/4519/3935 3533/4521/3937 3693/4522/3938
f 3693/4522/3938 3533/4521/3937 3534/4523/3939 3694/4524/3940
f 3694/4524/3940 3534/4523/3939 3535/4525/3941 3695/4526/3942
f 3695/4526/3942 3535/4525/3941 3516/4527/3904 3676/4528/3903
f 3537/4529/3943 3517/4489/3905 3516/4488/3904 3536/4530/3944
f 3538/4531/3945 3518/4491/3907 3517/4489/3905 3537/4529/3943
f 3539/4532/3946 3519/4493/3909 3518/4491/3907 3538/4531/3945
f 3540/4533/3947 3520/4495/3911 3519/4493/3909 3539/4532/3946
f 3541/4534/3948 3521/4497/3913 3520/4495/3911 3540/4533/3947
f 3542/4535/3949 3522/4499/3915 3521/4497/3913 3541/4534/3948
f 3543/4536/3950 3523/4501/3917 3522/4499/3915 3542/4535/3949
f 3544/4537/3951 3524/4503/3919 3523/4501/3917 3543/4536/3950
f 3545/4538/3952 3525/4505/3921 3524/4503/3919 3544/4537/3951
f 3546/4539/3953 3526/4507/3923 3525/4505/3921 3545/4538/3952
f 3547/4540/3954 3527/4509/3925 3526/4507/3923 3546/4539/3953
f 3548/4541/3955 3528/4511/3927 3527/4509/3925 3547/4540/3954
f 3549/4542/3956 3529/4513/3929 3528/4511/3927 3548/4541/3955
f 3550/4543/3957 3530/4515/3931 3529/4513/3929 3549/4542/3956
f 3551/4544/3958 3531/4517/3933 3530/4515/3931 3550/4543/3957
f 3552/4545/3959 3532/4519/3935 3531/4517/3933 3551/4544/3958
f 3553/4546/3960 3533/4521/3937 3532/4519/3935 3552/4545/3959
f 3554/4547/3961 3534/4523/3939 3533/4521/3937 3553/4546/3960
f 3555/4548/3962 3535/4525/3941 3534/4523/3939 3554/4547/3961
f 3536/4549/3944 3516/4527/3904 3535/4525/3941 3555/4548/3962
f 3556/4550/3963 3536/4549/3944 3555/4548/3962 3559/4551/3964
f 3559/4551/3964 3555/4548/3962 3554/4547/3961 3562/4552/3965
f 3562/4552/3965 3554/4547/3961 3553/4546/3960 3565/4553/3966
f 3565/4553/3966 3553/4546/3960 3552/4545/3959 3568/4554/3967
f 3568/4554/3967 3552/4545/3959 3551/4544/3958 3571/4555/3968
f 3571/4555/3968 3551/4544/3958 3550/4543/3957 3574/4556/3969
f 3574/4556/3969 3550/4543/3957 3549/4542/3956 3577/4557/3970
f 3577/4557/3970 3549/4542/3956 3548/4541/3955 3580/4558/3971
f 3580/4558/3971 3548/4541/3955 3547/4540/3954 3583/4559/3972
f 3583/4559/3972 3547/4540/3954 3546/4539/3953 3586/4560/3973
f 3586/4560/3973 3546/4539/3953 3545/4538/3952 3589/4561/3974
f 3589/4561/3974 3545/4538/3952 3544/4537/3951 3592/4562/3975
f 3592/4562/3975 3544/4537/3951 3543/4536/3950 3595/4563/3976
f 3595/4563/3976 3543/4536/3950 3542/4535/3949 3598/4564/3977
f 3598/4564/3977 3542/4535/3949 3541/4534/3948 3601/4565/3978
f 3601/4565/3978 3541/4534/3948 3540/4533/3947 3604/4566/3979
f 3604/4566/3979 3540/4533/3947 3539/4532/3946 3607/4567/3980
f 3607/4567/3980 3539/4532/3946 3538/4531/3945 3610/4568/3981
f 3610/4568/3981 3538/4531/3945 3537/4529/3943 3613/4569/3982
f 3613/4569/3982 3537/4529/3943 3536/4530/3944 3556/4570/3963
s 83
f 3561/4571/3983 3494/4572/3984 3558/4573/3985
f 3564/4574/3986 3494/4572/3984 3561/4571/3983
f 3567/4575/3987 3494/4572/3984 3564/4574/3986
f 3570/4576/3988 3494/4572/3984 3567/4575/3987
f 3573/4577/3989 3494/4572/3984 3570/4576/3988
f 3576/4578/3990 3494/4572/3984 3573/4577/3989
f 3579/4579/3991 3494/4572/3984 3576/4578/3990
f 3582/4580/3992 3494/4572/3984 3579/4579/3991
f 3585/4581/3993 3494/4572/3984 3582/4580/3992
f 3588/4582/3994 3494/4572/3984 3585/4581/3993
f 3591/4583/3995 3494/4572/3984 3588/4582/3994
f 3594/4584/3996 3494/4572/3984 3591/4583/3995
f 3597/4585/3997 3494/4572/3984 3594/4584/3996
f 3600/4586/3998 3494/4572/3984 3597/4585/3997
f 3603/4587/3999 3494/4572/3984 3600/4586/3998
f 3606/4588/4000 3494/4572/3984 3603/4587/3999
f 3609/4589/4001 3494/4572/3984 3606/4588/4000
f 3612/4590/4002 3494/4572/3984 3609/4589/4001
f 3615/4591/4003 3494/4572/3984 3612/4590/4002
f 3558/4573/3985 3494/4572/3984 3615/4591/4003
s 84
f 3616/4592/4004 3495/4593/4005 3619/4594/4006
f 3619/4594/4006 3495/4593/4005 3622/4595/4007
f 3622/4595/4007 3495/4593/4005 3625/4596/4008
f 3625/4596/4008 3495/4593/4005 3628/4597/4009
f 3628/4597/4009 3495/4593/4005 3631/4598/4010
f 3631/4598/4010 3495/4593/4005 3634/4599/4011
f 3634/4599/4011 3495/4593/4005 3637/4600/4012
f 3637/4600/4012 3495/4593/4005 3640/4601/4013
f 3640/4601/4013 3495/4593/4005 3643/4602/4014
f 3643/4602/4014 3495/4593/4005 3646/4603/4015
f 3646/4603/4015 3495/4593/4005 3649/4604/4016
f 3649/4604/4016 3495/4593/4005 3652/4605/4017
f 3652/4605/4017 3495/4593/4005 3655/4606/4018
f 3655/4606/4018 3495/4593/4005 3658/4607/4019
f 3658/4607/4019 3495/4593/4005 3661/4608/4020
f 3661/4608/4020 3495/4593/4005 3664/4609/4021
f 3664/4609/4021 3495/4593/4005 3667/4610/4022
f 3667/4610/4022 3495/4593/4005 3670/4611/4023
f 3670/4611/4023 3495/4593/4005 3673/4612/4024
f 3673/4612/4024 3495/4593/4005 3616/4592/4004
s 82
f 3497/4613/4025 3675/4614/4026 3618/4615/4027 3496/4616/4028
f 3498/4617/4029 3672/4618/4030 3675/4614/4026 3497/4613/4025
f 3499/4619/4031 3669/4620/4032 3672/4618/4030 3498/4617/4029
f 3500/4621/4033 3666/4622/4034 3669/4620/4032 3499/4619/4031
f 3501/4623/4035 3663/4624/4036 3666/4622/4034 3500/4621/4033
f 3502/4625/4037 3660/4626/4038 3663/4624/4036 3501/4623/4035
f 3503/4627/4039 3657/4628/4040 3660/4626/4038 3502/4625/4037
f 3504/4629/4041 3654/4630/4042 3657/4628/4040 3503/4627/4039
f 3505/4631/4043 3651/4632/4044 3654/4630/4042 3504/4629/4041
f 3506/4633/4045 3648/4634/4046 3651/4632/4044 3505/4631/4043
f 3507/4635/4047 3645/4636/4048 3648/4634/4046 3506/4633/4045
f 3508/4637/4049 3642/4638/4050 3645/4636/4048 3507/4635/4047
f 3509/4639/4051 3639/4640/4052 3642/4638/4050 3508/4637/4049
f 3510/4641/4053 3636/4642/4054 3639/4640/4052 3509/4639/4051
f 3511/4643/4055 3633/4644/4056 3636/4642/4054 3510/4641/4053
f 3512/4645/4057 3630/4646/4058 3633/4644/4056 3511/4643/4055
f 3513/4647/4059 3627/4648/4060 3630/4646/4058 3512/4645/4057
f 3514/4649/4061 3624/4650/4062 3627/4648/4060 3513/4647/4059
f 3515/4651/4063 3621/4652/4064 3624/4650/4062 3514/4649/4061
f 3496/4653/4028 3618/4654/4027 3621/4652/4064 3515/4651/4063
f 3556/4550/3963 3559/4551/3964 3560/4655/4065 3557/4656/4066
s 83
f 3557/4657/4067 3560/4658/4068 3561/4571/3983 3558/4573/3985
s 82
f 3559/4551/3964 3562/4552/3965 3563/4659/4069 3560/4655/4065
s 83
f 3560/4658/4068 3563/4660/4070 3564/4574/3986 3561/4571/3983
s 82
f 3562/4552/3965 3565/4553/3966 3566/4661/4071 3563/4659/4069
s 83
f 3563/4660/4070 3566/4662/4072 3567/4575/3987 3564/4574/3986
s 82
f 3565/4553/3966 3568/4554/3967 3569/4663/4073 3566/4661/4071
s 83
f 3566/4662/4072 3569/4664/4074 3570/4576/3988 3567/4575/3987
s 82
f 3568/4554/3967 3571/4555/3968 3572/4665/4075 3569/4663/4073
s 83
f 3569/4664/4074 3572/4666/4076 3573/4577/3989 3570/4576/3988
s 82
f 3571/4555/3968 3574/4556/3969 3575/4667/4077 3572/4665/4075
s 83
f 3572/4666/4076 3575/4668/4078 3576/4578/3990 3573/4577/3989
s 82
f 3574/4556/3969 3577/4557/3970 3578/4669/4079 3575/4667/4077
s 83
f 3575/4668/4078 3578/4670/4080 3579/4579/3991 3576/4578/3990
s 82
f 3577/4557/3970 3580/4558/3971 3581/4671/4081 3578/4669/4079
s 83
f 3578/4670/4080 3581/4672/4082 3582/4580/3992 3579/4579/3991
s 82
f 3580/4558/3971 3583/4559/3972 3584/4673/4083 3581/4671/4081
s 83
f 3581/4672/4082 3584/4674/4084 3585/4581/3993 3582/4580/3992
s 82
f 3583/4559/3972 3586/4560/3973 3587/4675/4085 3584/4673/4083
s 83
f 3584/4674/4084 3587/4676/4086 3588/4582/3994 3585/4581/3993
s 82
f 3586/4560/3973 3589/4561/3974 3590/4677/4087 3587/4675/4085
s 83
f 3587/4676/4086 3590/4678/4088 3591/4583/3995 3588/4582/3994
s 82
f 3589/4561/3974 3592/4562/3975 3593/4679/4089 3590/4677/4087
s 83
f 3590/4678/4088 3593/4680/4090 3594/4584/3996 3591/4583/3995
s 82
f 3592/4562/3975 3595/4563/3976 3596/4681/4091 3593/4679/4089
s 83
f 3593/4680/4090 3596/4682/4092 3597/4585/3997 3594/4584/3996
s 82
f 3595/4563/3976 3598/4564/3977 3599/4683/4093 3596/4681/4091
s 83
f 3596/4682/4092 3599/4684/4094 3600/4586/3998 3597/4585/3997
s 82
f 3598/4564/3977 3601/4565/3978 3602/4685/4095 3599/4683/4093
s 83
f 3599/4684/4094 3602/4686/4096 3603/4587/3999 3600/4586/3998
s 82
f 3601/4565/3978 3604/4566/3979 3605/4687/4097 3602/4685/4095
s 83
f 3602/4686/4096 3605/4688/4098 3606/4588/4000 3603/4587/3999
s 82
f 3604/4566/3979 3607/4567/3980 3608/4689/4099 3605/4687/4097
s 83
f 3605/4688/4098 3608/4690/4100 3609/4589/4001 3606/4588/4000
s 82
f 3607/4567/3980 3610/4568/3981 3611/4691/4101 3608/4689/4099
s 83
f 3608/4690/4100 3611/4692/4102 3612/4590/4002 3609/4589/4001
s 82
f 3610/4568/3981 3613/4569/3982 3614/4693/4103 3611/4691/4101
s 83
f 3611/4692/4102 3614/4694/4104 3615/4591/4003 3612/4590/4002
f 3558/4573/3985 3615/4591/4003 3614/4694/4104 3557/4657/4067
s 82
f 3557/4695/4066 3614/4693/4103 3613/4569/3982 3556/4570/3963
s 84
f 3616/4592/4004 3619/4594/4006 3620/4696/4105 3617/4697/4106
s 82
f 3617/4698/4107 3620/4699/4108 3621/4652/4064 3618/4654/4027
s 84
f 3619/4594/4006 3622/4595/4007 3623/4700/4109 3620/4696/4105
s 82
f 3620/4699/4108 3623/4701/4110 3624/4650/4062 3621/4652/4064
s 84
f 3622/4595/4007 3625/4596/4008 3626/4702/4111 3623/4700/4109
s 82
f 3623/4701/4110 3626/4703/4112 3627/4648/4060 3624/4650/4062
s 84
f 3625/4596/4008 3628/4597/4009 3629/4704/4113 3626/4702/4111
s 82
f 3626/4703/4112 3629/4705/4114 3630/4646/4058 3627/4648/4060
s 84
f 3628/4597/4009 3631/4598/4010 3632/4706/4115 3629/4704/4113
s 82
f 3629/4705/4114 3632/4707/4116 3633/4644/4056 3630/4646/4058
s 84
f 3631/4598/4010 3634/4599/4011 3635/4708/4117 3632/4706/4115
s 82
f 3632/4707/4116 3635/4709/4118 3636/4642/4054 3633/4644/4056
s 84
f 3634/4599/4011 3637/4600/4012 3638/4710/4119 3635/4708/4117
s 82
f 3635/4709/4118 3638/4711/4120 3639/4640/4052 3636/4642/4054
s 84
f 3637/4600/4012 3640/4601/4013 3641/4712/4121 3638/4710/4119
s 82
f 3638/4711/4120 3641/4713/4122 3642/4638/4050 3639/4640/4052
s 84
f 3640/4601/4013 3643/4602/4014 3644/4714/4123 3641/4712/4121
s 82
f 3641/4713/4122 3644/4715/4124 3645/4636/4048 3642/4638/4050
s 84
f 3643/4602/4014 3646/4603/4015 3647/4716/4125 3644/4714/4123
s 82
f 3644/4715/4124 3647/4717/4126 3648/4634/4046 3645/4636/4048
s 84
f 3646/4603/4015 3649/4604/4016 3650/4718/4127 3647/4716/4125
s 82
f 3647/4717/4126 3650/4719/4128 3651/4632/4044 3648/4634/4046
s 84
f 3649/4604/4016 3652/4605/4017 3653/4720/4129 3650/4718/4127
s 82
f 3650/4719/4128 3653/4721/4130 3654/4630/4042 3651/4632/4044
s 84
f 3652/4605/4017 3655/4606/4018 3656/4722/4131 3653/4720/4129
s 82
f 3653/4721/4130 3656/4723/4132 3657/4628/4040 3654/4630/4042
s 84
f 3655/4606/4018 3658/4607/4019 3659/4724/4133 3656/4722/4131
s 82
f 3656/4723/4132 3659/4725/4134 3660/4626/4038 3657/4628/4040
s 84
f 3658/4607/4019 3661/4608/4020 3662/4726/4135 3659/4724/4133
s 82
f 3659/4725/4134 3662/4727/4136 3663/4624/4036 3660/4626/4038
s 84
f 3661/4608/4020 3664/4609/4021 3665/4728/4137 3662/4726/4135
s 82
f 3662/4727/4136 3665/4729/4138 3666/4622/4034 3663/4624/4036
s 84
f 3664/4609/4021 3667/4610/4022 3668/4730/4139 3665/4728/4137
s 82
f 3665/4729/4138 3668/4731/4140 3669/4620/4032 3666/4622/4034
s 84
f 3667/4610/4022 3670/4611/4023 3671/4732/4141 3668/4730/4139
s 82
f 3668/4731/4140 3671/4733/4142 3672/4618/4030 3669/4620/4032
s 84
f 3670/4611/4023 3673/4612/4024 3674/4734/4143 3671/4732/4141
s 82
f 3671/4733/4142 3674/4735/4144 3675/4614/4026 3672/4618/4030
f 3618/4615/4027 3675/4614/4026 3674/4735/4144 3617/4736/4107
s 84
f 3617/4697/4106 3674/4734/4143 3673/4612/4024 3616/4592/4004
s 82
f 3696/4737/4145 3676/4487/3903 3677/4490/3906 3697/4738/4146
f 3697/4738/4146 3677/4490/3906 3678/4492/3908 3698/4739/4147
f 3698/4739/4147 3678/4492/3908 3679/4494/3910 3699/4740/4148
f 3699/4740/4148 3679/4494/3910 3680/4496/3912 3700/4741/4149
f 3700/4741/4149 3680/4496/3912 3681/4498/3914 3701/4742/4150
f 3701/4742/4150 3681/4498/3914 3682/4500/3916 3702/4743/4151
f 3702/4743/4151 3682/4500/3916 3683/4502/3918 3703/4744/4152
f 3703/4744/4152 3683/4502/3918 3684/4504/3920 3704/4745/4153
f 3704/4745/4153 3684/4504/3920 3685/4506/3922 3705/4746/4154
f 3705/4746/4154 3685/4506/3922 3686/4508/3924 3706/4747/4155
f 3706/4747/4155 3686/4508/3924 3687/4510/3926 3707/4748/4156
f 3707/4748/4156 3687/4510/3926 3688/4512/3928 3708/4749/4157
f 3708/4749/4157 3688/4512/3928 3689/4514/3930 3709/4750/4158
f 3709/4750/4158 3689/4514/3930 3690/4516/3932 3710/4751/4159
f 3710/4751/4159 3690/4516/3932 3691/4518/3934 3711/4752/4160
f 3711/4752/4160 3691/4518/3934 3692/4520/3936 3712/4753/4161
f 3712/4753/4161 3692/4520/3936 3693/4522/3938 3713/4754/4162
f 3713/4754/4162 3693/4522/3938 3694/4524/3940 3714/4755/4163
f 3714/4755/4163 3694/4524/3940 3695/4526/3942 3715/4756/4164
f 3715/4756/4164 3695/4526/3942 3676/4528/3903 3696/4757/4145
f 3497/4613/4025 3496/4616/4028 3696/4737/4145 3697/4738/4146
f 3498/4617/4029 3497/4613/4025 3697/4738/4146 3698/4739/4147
f 3499/4619/4031 3498/4617/4029 3698/4739/4147 3699/4740/4148
f 3500/4621/4033 3499/4619/4031 3699/4740/4148 3700/4741/4149
f 3501/4623/4035 3500/4621/4033 3700/4741/4149 3701/4742/4150
f 3502/4625/4037 3501/4623/4035 3701/4742/4150 3702/4743/4151
f 3503/4627/4039 3502/4625/4037 3702/4743/4151 3703/4744/4152
f 3504/4629/4041 3503/4627/4039 3703/4744/4152 3704/4745/4153
f 3505/4631/4043 3504/4629/4041 3704/4745/4153 3705/4746/4154
f 3506/4633/4045 3505/4631/4043 3705/4746/4154 3706/4747/4155
f 3507/4635/4047 3506/4633/4045 3706/4747/4155 3707/4748/4156
f 3508/4637/4049 3507/4635/4047 3707/4748/4156 3708/4749/4157
f 3509/4639/4051 3508/4637/4049 3708/4749/4157 3709/4750/4158
f 3510/4641/4053 3509/4639/4051 3709/4750/4158 3710/4751/4159
f 3511/4643/4055 3510/4641/4053 3710/4751/4159 3711/4752/4160
f 3512/4645/4057 3511/4643/4055 3711/4752/4160 3712/4753/4161
f 3513/4647/4059 3512/4645/4057 3712/4753/4161 3713/4754/4162
f 3514/4649/4061 3513/4647/4059 3713/4754/4162 3714/4755/4163
f 3515/4651/4063 3514/4649/4061 3714/4755/4163 3715/4756/4164
f 3496/4653/4028 3515/4651/4063 3715/4756/4164 3696/4757/4145
s 86
f 3719/4758/4165 3919/4759/4166 3918/4760/4167 3718/4761/4168
f 3720/4762/4169 3920/4763/4170 3919/4759/4166 3719/4758/4165
f 3721/4764/4171 3921/4765/4172 3920/4763/4170 3720/4762/4169
f 3722/4766/4173 3922/4767/4174 3921/4765/4172 3721/4764/4171
f 3723/4768/4175 3923/4769/4176 3922/4767/4174 3722/4766/4173
f 3724/4770/4177 3924/4771/4178 3923/4769/4176 3723/4768/4175
f 3725/4772/4179 3925/4773/4180 3924/4771/4178 3724/4770/4177
f 3726/4774/4181 3926/4775/4182 3925/4773/4180 3725/4772/4179
f 3727/4776/4183 3927/4777/4184 3926/4775/4182 3726/4774/4181
f 3728/4778/4185 3928/4779/4186 3927/4777/4184 3727/4776/4183
f 3729/4780/4187 3929/4781/4188 3928/4779/4186 3728/4778/4185
f 3730/4782/4189 3930/4783/4190 3929/4781/4188 3729/4780/4187
f 3731/4784/4191 3931/4785/4192 3930/4783/4190 3730/4782/4189
f 3732/4786/4193 3932/4787/4194 3931/4785/4192 3731/4784/4191
f 3733/4788/4195 3933/4789/4196 3932/4787/4194 3732/4786/4193
f 3734/4790/4197 3934/4791/4198 3933/4789/4196 3733/4788/4195
f 3735/4792/4199 3935/4793/4200 3934/4791/4198 3734/4790/4197
f 3736/4794/4201 3936/4795/4202 3935/4793/4200 3735/4792/4199
f 3737/4796/4203 3937/4797/4204 3936/4795/4202 3736/4794/4201
f 3718/4798/4168 3918/4799/4167 3937/4797/4204 3737/4796/4203
f 3739/4800/4205 3719/4758/4165 3718/4761/4168 3738/4801/4206
f 3740/4802/4207 3720/4762/4169 3719/4758/4165 3739/4800/4205
f 3741/4803/4208 3721/4764/4171 3720/4762/4169 3740/4802/4207
f 3742/4804/4209 3722/4766/4173 3721/4764/4171 3741/4803/4208
f 3743/4805/4210 3723/4768/4175 3722/4766/4173 3742/4804/4209
f 3744/4806/4211 3724/4770/4177 3723/4768/4175 3743/4805/4210
f 3745/4807/4212 3725/4772/4179 3724/4770/4177 3744/4806/4211
f 3746/4808/4213 3726/4774/4181 3725/4772/4179 3745/4807/4212
f 3747/4809/4214 3727/4776/4183 3726/4774/4181 3746/4808/4213
f 3748/4810/4215 3728/4778/4185 3727/4776/4183 3747/4809/4214
f 3749/4811/4216 3729/4780/4187 3728/4778/4185 3748/4810/4215
f 3750/4812/4217 3730/4782/4189 3729/4780/4187 3749/4811/4216
f 3751/4813/4218 3731/4784/4191 3730/4782/4189 3750/4812/4217
f 3752/4814/4219 3732/4786/4193 3731/4784/4191 3751/4813/4218
f 3753/4815/4220 3733/4788/4195 3732/4786/4193 3752/4814/4219
f 3754/4816/4221 3734/4790/4197 3733/4788/4195 3753/4815/4220
f 3755/4817/4222 3735/4792/4199 3734/4790/4197 3754/4816/4221
f 3756/4818/4223 3736/4794/4201 3735/4792/4199 3755/4817/4222
f 3757/4819/4224 3737/4796/4203 3736/4794/4201 3756/4818/4223
f 3738/4820/4206 3718/4798/4168 3737/4796/4203 3757/4819/4224
f 3759/4821/4225 3739/4800/4205 3738/4801/4206 3758/4822/4226
f 3760/4823/4227 3740/4802/4207 3739/4800/4205 3759/4821/4225
f 3761/4824/4228 3741/4803/4208 3740/4802/4207 3760/4823/4227
f 3762/4825/4229 3742/4804/4209 3741/4803/4208 3761/4824/4228
f 3763/4826/4230 3743/4805/4210 3742/4804/4209 3762/4825/4229
f 3764/4827/4231 3744/4806/4211 3743/4805/4210 3763/4826/4230
f 3765/4828/4232 3745/4807/4212 3744/4806/4211 3764/4827/4231
f 3766/4829/4233 3746/4808/4213 3745/4807/4212 3765/4828/4232
f 3767/4830/4234 3747/4809/4214 3746/4808/4213 3766/4829/4233
f 3768/4831/4235 3748/4810/4215 3747/4809/4214 3767/4830/4234
f 3769/4832/4236 3749/4811/4216 3748/4810/4215 3768/4831/4235
f 3770/4833/4237 3750/4812/4217 3749/4811/4216 3769/4832/4236
f 3771/4834/4238 3751/4813/4218 3750/4812/4217 3770/4833/4237
f 3772/4835/4239 3752/4814/4219 3751/4813/4218 3771/4834/4238
f 3773/4836/4240 3753/4815/4220 3752/4814/4219 3772/4835/4239
f 3774/4837/4241 3754/4816/4221 3753/4815/4220 3773/4836/4240
f 3775/4838/4242 3755/4817/4222 3754/4816/4221 3774/4837/4241
f 3776/4839/4243 3756/4818/4223 3755/4817/4222 3775/4838/4242
f 3777/4840/4244 3757/4819/4224 3756/4818/4223 3776/4839/4243
f 3758/4841/4226 3738/4820/4206 3757/4819/4224 3777/4840/4244
f 3779/4842/4245 3759/4821/4225 3758/4822/4226 3778/4843/4246
f 3780/4844/4247 3760/4823/4227 3759/4821/4225 3779/4842/4245
f 3781/4845/4248 3761/4824/4228 3760/4823/4227 3780/4844/4247
f 3782/4846/4249 3762/4825/4229 3761/4824/4228 3781/4845/4248
f 3783/4847/4250 3763/4826/4230 3762/4825/4229 3782/4846/4249
f 3784/4848/4251 3764/4827/4231 3763/4826/4230 3783/4847/4250
f 3785/4849/4252 3765/4828/4232 3764/4827/4231 3784/4848/4251
f 3786/4850/4253 3766/4829/4233 3765/4828/4232 3785/4849/4252
f 3787/4851/4254 3767/4830/4234 3766/4829/4233 3786/4850/4253
f 3788/4852/4255 3768/4831/4235 3767/4830/4234 3787/4851/4254
f 3789/4853/4256 3769/4832/4236 3768/4831/4235 3788/4852/4255
f 3790/4854/4257 3770/4833/4237 3769/4832/4236 3789/4853/4256
f 3791/4855/4258 3771/4834/4238 3770/4833/4237 3790/4854/4257
f 3792/4856/4259 3772/4835/4239 3771/4834/4238 3791/4855/4258
f 3793/4857/4260 3773/4836/4240 3772/4835/4239 3792/4856/4259
f 3794/4858/4261 3774/4837/4241 3773/4836/4240 3793/4857/4260
f 3795/4859/4262 3775/4838/4242 3774/4837/4241 3794/4858/4261
f 3796/4860/4263 3776/4839/4243 3775/4838/4242 3795/4859/4262
f 3797/4861/4264 3777/4840/4244 3776/4839/4243 3796/4860/4263
f 3778/4862/4246 3758/4841/4226 3777/4840/4244 3797/4861/4264
f 3798/4863/4265 3778/4862/4246 3797/4861/4264 3801/4864/4266
f 3801/4864/4266 3797/4861/4264 3796/4860/4263 3804/4865/4267
f 3804/4865/4267 3796/4860/4263 3795/4859/4262 3807/4866/4268
f 3807/4866/4268 3795/4859/4262 3794/4858/4261 3810/4867/4269
f 3810/4867/4269 3794/4858/4261 3793/4857/4260 3813/4868/4270
f 3813/4868/4270 3793/4857/4260 3792/4856/4259 3816/4869/4271
f 3816/4869/4271 3792/4856/4259 3791/4855/4258 3819/4870/4272
f 3819/4870/4272 3791/4855/4258 3790/4854/4257 3822/4871/4273
f 3822/4871/4273 3790/4854/4257 3789/4853/4256 3825/4872/4274
f 3825/4872/4274 3789/4853/4256 3788/4852/4255 3828/4873/4275
f 3828/4873/4275 3788/4852/4255 3787/4851/4254 3831/4874/4276
f 3831/4874/4276 3787/4851/4254 3786/4850/4253 3834/4875/4277
f 3834/4875/4277 3786/4850/4253 3785/4849/4252 3837/4876/4278
f 3837/4876/4278 3785/4849/4252 3784/4848/4251 3840/4877/4279
f 3840/4877/4279 3784/4848/4251 3783/4847/4250 3843/4878/4280
f 3843/4878/4280 3783/4847/4250 3782/4846/4249 3846/4879/4281
f 3846/4879/4281 3782/4846/4249 3781/4845/4248 3849/4880/4282
f 3849/4880/4282 3781/4845/4248 3780/4844/4247 3852/4881/4283
f 3852/4881/4283 3780/4844/4247 3779/4842/4245 3855/4882/4284
f 3855/4882/4284 3779/4842/4245 3778/4843/4246 3798/4883/4265
s 87
f 3803/4884/4285 3716/4885/4286 3800/4886/4287
f 3806/4887/4288 3716/4885/4286 3803/4884/4285
f 3809/4888/4289 3716/4885/4286 3806/4887/4288
f 3812/4889/4290 3716/4885/4286 3809/4888/4289
f 3815/4890/4291 3716/4885/4286 3812/4889/4290
f 3818/4891/4292 3716/4885/4286 3815/4890/4291
f 3821/4892/4293 3716/4885/4286 3818/4891/4292
f 3824/4893/4294 3716/4885/4286 3821/4892/4293
f 3827/4894/4295 3716/4885/4286 3824/4893/4294
f 3830/4895/4296 3716/4885/4286 3827/4894/4295
f 3833/4896/4297 3716/4885/4286 3830/4895/4296
f 3836/4897/4298 3716/4885/4286 3833/4896/4297
f 3839/4898/4299 3716/4885/4286 3836/4897/4298
f 3842/4899/4300 3716/4885/4286 3839/4898/4299
f 3845/4900/4301 3716/4885/4286 3842/4899/4300
f 3848/4901/4302 3716/4885/4286 3845/4900/4301
f 3851/4902/4303 3716/4885/4286 3848/4901/4302
f 3854/4903/4304 3716/4885/4286 3851/4902/4303
f 3857/4904/4305 3716/4885/4286 3854/4903/4304
f 3800/4886/4287 3716/4885/4286 3857/4904/4305
s 88
f 3858/4905/4306 3717/4906/4307 3861/4907/4308
f 3861/4907/4308 3717/4906/4307 3864/4908/4309
f 3864/4908/4309 3717/4906/4307 3867/4909/4310
f 3867/4909/4310 3717/4906/4307 3870/4910/4311
f 3870/4910/4311 3717/4906/4307 3873/4911/4312
f 3873/4911/4312 3717/4906/4307 3876/4912/4313
f 3876/4912/4313 3717/4906/4307 3879/4913/4314
f 3879/4913/4314 3717/4906/4307 3882/4914/4315
f 3882/4914/4315 3717/4906/4307 3885/4915/4316
f 3885/4915/4316 3717/4906/4307 3888/4916/4317
f 3888/4916/4317 3717/4906/4307 3891/4917/4318
f 3891/4917/4318 3717/4906/4307 3894/4918/4319
f 3894/4918/4319 3717/4906/4307 3897/4919/4320
f 3897/4919/4320 3717/4906/4307 3900/4920/4321
f 3900/4920/4321 3717/4906/4307 3903/4921/4322
f 3903/4921/4322 3717/4906/4307 3906/4922/4323
f 3906/4922/4323 3717/4906/4307 3909/4923/4324
f 3909/4923/4324 3717/4906/4307 3912/4924/4325
f 3912/4924/4325 3717/4906/4307 3915/4925/4326
f 3915/4925/4326 3717/4906/4307 3858/4905/4306
s 86
f 3798/4863/4265 3801/4864/4266 3802/4926/4327 3799/4927/4328
s 87
f 3799/4928/4329 3802/4929/4330 3803/4884/4285 3800/4886/4287
s 86
f 3801/4864/4266 3804/4865/4267 3805/4930/4331 3802/4926/4327
s 87
f 3802/4929/4330 3805/4931/4332 3806/4887/4288 3803/4884/4285
s 86
f 3804/4865/4267 3807/4866/4268 3808/4932/4333 3805/4930/4331
s 87
f 3805/4931/4332 3808/4933/4334 3809/4888/4289 3806/4887/4288
s 86
f 3807/4866/4268 3810/4867/4269 3811/4934/4335 3808/4932/4333
s 87
f 3808/4933/4334 3811/4935/4336 3812/4889/4290 3809/4888/4289
s 86
f 3810/4867/4269 3813/4868/4270 3814/4936/4337 3811/4934/4335
s 87
f 3811/4935/4336 3814/4937/4338 3815/4890/4291 3812/4889/4290
s 86
f 3813/4868/4270 3816/4869/4271 3817/4938/4339 3814/4936/4337
s 87
f 3814/4937/4338 3817/4939/4340 3818/4891/4292 3815/4890/4291
s 86
f 3816/4869/4271 3819/4870/4272 3820/4940/4341 3817/4938/4339
s 87
f 3817/4939/4340 3820/4941/4342 3821/4892/4293 3818/4891/4292
s 86
f 3819/4870/4272 3822/4871/4273 3823/4942/4343 3820/4940/4341
s 87
f 3820/4941/4342 3823/4943/4344 3824/4893/4294 3821/4892/4293
s 86
f 3822/4871/4273 3825/4872/4274 3826/4944/4345 3823/4942/4343
s 87
f 3823/4943/4344 3826/4945/4346 3827/4894/4295 3824/4893/4294
s 86
f 3825/4872/4274 3828/4873/4275 3829/4946/4347 3826/4944/4345
s 87
f 3826/4945/4346 3829/4947/4348 3830/4895/4296 3827/4894/4295
s 86
f 3828/4873/4275 3831/4874/4276 3832/4948/4349 3829/4946/4347
s 87
f 3829/4947/4348 3832/4949/4350 3833/4896/4297 3830/4895/4296
s 86
f 3831/4874/4276 3834/4875/4277 3835/4950/4351 3832/4948/4349
s 87
f 3832/4949/4350 3835/4951/4352 3836/4897/4298 3833/4896/4297
s 86
f 3834/4875/4277 3837/4876/4278 3838/4952/4353 3835/4950/4351
s 87
f 3835/4951/4352 3838/4953/4354 3839/4898/4299 3836/4897/4298
s 86
f 3837/4876/4278 3840/4877/4279 3841/4954/4355 3838/4952/4353
s 87
f 3838/4953/4354 3841/4955/4356 3842/4899/4300 3839/4898/4299
s 86
f 3840/4877/4279 3843/4878/4280 3844/4956/4357 3841/4954/4355
s 87
f 3841/4955/4356 3844/4957/4358 3845/4900/4301 3842/4899/4300
s 86
f 3843/4878/4280 3846/4879/4281 3847/4958/4359 3844/4956/4357
s 87
f 3844/4957/4358 3847/4959/4360 3848/4901/4302 3845/4900/4301
s 86
f 3846/4879/4281 3849/4880/4282 3850/4960/4361 3847/4958/4359
s 87
f 3847/4959/4360 3850/4961/4362 3851/4902/4303 3848/4901/4302
s 86
f 3849/4880/4282 3852/4881/4283 3853/4962/4363 3850/4960/4361
s 87
f 3850/4961/4362 3853/4963/4364 3854/4903/4304 3851/4902/4303
s 86
f 3852/4881/4283 3855/4882/4284 3856/4964/4365 3853/4962/4363
s 87
f 3853/4963/4364 3856/4965/4366 3857/4904/4305 3854/4903/4304
f 3800/4886/4287 3857/4904/4305 3856/4965/4366 3799/4928/4329
s 86
f 3799/4966/4328 3856/4964/4365 3855/4882/4284 3798/4883/4265
s 88
f 3858/4905/4306 3861/4907/4308 3862/4967/4367 3859/4968/4368
s 86
f 3859/4969/4369 3862/4970/4370 3863/4971/4371 3860/4972/4372
s 88
f 3861/4907/4308 3864/4908/4309 3865/4973/4373 3862/4967/4367
s 86
f 3862/4970/4370 3865/4974/4374 3866/4975/4375 3863/4971/4371
s 88
f 3864/4908/4309 3867/4909/4310 3868/4976/4376 3865/4973/4373
s 86
f 3865/4974/4374 3868/4977/4377 3869/4978/4378 3866/4975/4375
s 88
f 3867/4909/4310 3870/4910/4311 3871/4979/4379 3868/4976/4376
s 86
f 3868/4977/4377 3871/4980/4380 3872/4981/4381 3869/4978/4378
s 88
f 3870/4910/4311 3873/4911/4312 3874/4982/4382 3871/4979/4379
s 86
f 3871/4980/4380 3874/4983/4383 3875/4984/4384 3872/4981/4381
s 88
f 3873/4911/4312 3876/4912/4313 3877/4985/4385 3874/4982/4382
s 86
f 3874/4983/4383 3877/4986/4386 3878/4987/4387 3875/4984/4384
s 88
f 3876/4912/4313 3879/4913/4314 3880/4988/4388 3877/4985/4385
s 86
f 3877/4986/4386 3880/4989/4389 3881/4990/4390 3878/4987/4387
s 88
f 3879/4913/4314 3882/4914/4315 3883/4991/4391 3880/4988/4388
s 86
f 3880/4989/4389 3883/4992/4392 3884/4993/4393 3881/4990/4390
s 88
f 3882/4914/4315 3885/4915/4316 3886/4994/4394 3883/4991/4391
s 86
f 3883/4992/4392 3886/4995/4395 3887/4996/4396 3884/4993/4393
s 88
f 3885/4915/4316 3888/4916/4317 3889/4997/4397 3886/4994/4394
s 86
f 3886/4995/4395 3889/4998/4398 3890/4999/4399 3887/4996/4396
s 88
f 3888/4916/4317 3891/4917/4318 3892/5000/4400 3889/4997/4397
s 86
f 3889/4998/4398 3892/5001/4401 3893/5002/4402 3890/4999/4399
s 88
f 3891/4917/4318 3894/4918/4319 3895/5003/4403 3892/5000/4400
s 86
f 3892/5001/4401 3895/5004/4404 3896/5005/4405 3893/5002/4402
s 88
f 3894/4918/4319 3897/4919/4320 3898/5006/4406 3895/5003/4403
s 86
f 3895/5004/4404 3898/5007/4407 3899/5008/4408 3896/5005/4405
s 88
f 3897/4919/4320 3900/4920/4321 3901/5009/4409 3898/5006/4406
s 86
f 3898/5007/4407 3901/5010/4410 3902/5011/4411 3899/5008/4408
s 88
f 3900/4920/4321 3903/4921/4322 3904/5012/4412 3901/5009/4409
s 86
f 3901/5010/4410 3904/5013/4413 3905/5014/4414 3902/5011/4411
s 88
f 3903/4921/4322 3906/4922/4323 3907/5015/4415 3904/5012/4412
s 86
f 3904/5013/4413 3907/5016/4416 3908/5017/4417 3905/5014/4414
s 88
f 3906/4922/4323 3909/4923/4324 3910/5018/4418 3907/5015/4415
s 86
f 3907/5016/4416 3910/5019/4419 3911/5020/4420 3908/5017/4417
s 88
f 3909/4923/4324 3912/4924/4325 3913/5021/4421 3910/5018/4418
s 86
f 3910/5019/4419 3913/5022/4422 3914/5023/4423 3911/5020/4420
s 88
f 3912/4924/4325 3915/4925/4326 3916/5024/4424 3913/5021/4421
s 86
f 3913/5022/4422 3916/5025/4425 3917/5026/4426 3914/5023/4423
f 3860/5027/4372 3917/5026/4426 3916/5025/4425 3859/5028/4369
s 88
f 3859/4968/4368 3916/5024/4424 3915/4925/4326 3858/4905/4306
s 86
f 3919/4759/4166 3917/5026/4426 3860/5027/4372 3918/4760/4167
f 3920/4763/4170 3914/5023/4423 3917/5026/4426 3919/4759/4166
f 3921/4765/4172 3911/5020/4420 3914/5023/4423 3920/4763/4170
f 3922/4767/4174 3908/5017/4417 3911/5020/4420 3921/4765/4172
f 3923/4769/4176 3905/5014/4414 3908/5017/4417 3922/4767/4174
f 3924/4771/4178 3902/5011/4411 3905/5014/4414 3923/4769/4176
f 3925/4773/4180 3899/5008/4408 3902/5011/4411 3924/4771/4178
f 3926/4775/4182 3896/5005/4405 3899/5008/4408 3925/4773/4180
f 3927/4777/4184 3893/5002/4402 3896/5005/4405 3926/4775/4182
f 3928/4779/4186 3890/4999/4399 3893/5002/4402 3927/4777/4184
f 3929/4781/4188 3887/4996/4396 3890/4999/4399 3928/4779/4186
f 3930/4783/4190 3884/4993/4393 3887/4996/4396 3929/4781/4188
f 3931/4785/4192 3881/4990/4390 3884/4993/4393 3930/4783/4190
f 3932/4787/4194 3878/4987/4387 3881/4990/4390 3931/4785/4192
f 3933/4789/4196 3875/4984/4384 3878/4987/4387 3932/4787/4194
f 3934/4791/4198 3872/4981/4381 3875/4984/4384 3933/4789/4196
f 3935/4793/4200 3869/4978/4378 3872/4981/4381 3934/4791/4198
f 3936/4795/4202 3866/4975/4375 3869/4978/4378 3935/4793/4200
f 3937/4797/4204 3863/4971/4371 3866/4975/4375 3936/4795/4202
f 3918/4799/4167 3860/4972/4372 3863/4971/4371 3937/4797/4204
s 90
f 3938/5029/4427 3946/5030/4428 3947/5031/4429 3939/5032/4430
f 3939/5032/4430 3947/5031/4429 3948/5033/4431 3940/5034/4432
f 3940/5034/4432 3948/5033/4431 3949/5035/4433 3941/5036/4434
f 3941/5036/4434 3949/5035/4433 3950/5037/4435 3942/5038/4436
f 3942/5038/4436 3950/5037/4435 3951/5039/4437 3943/5040/4438
f 3943/5040/4438 3951/5039/4437 3952/5041/4439 3944/5042/4440
f 3944/5042/4440 3952/5041/4439 3953/5043/4441 3945/5044/4442
f 3945/5044/4442 3953/5043/4441 3946/5045/4428 3938/5046/4427
f 3946/5030/4428 3954/5047/4443 3955/5048/4444 3947/5031/4429
f 3947/5031/4429 3955/5048/4444 3956/5049/4445 3948/5033/4431
f 3948/5033/4431 3956/5049/4445 3957/5050/4446 3949/5035/4433
f 3949/5035/4433 3957/5050/4446 3958/5051/4447 3950/5037/4435
f 3950/5037/4435 3958/5051/4447 3959/5052/4448 3951/5039/4437
f 3951/5039/4437 3959/5052/4448 3960/5053/4449 3952/5041/4439
f 3952/5041/4439 3960/5053/4449 3961/5054/4450 3953/5043/4441
f 3953/5043/4441 3961/5054/4450 3954/5055/4443 3946/5045/4428
f 3954/5047/4443 3962/5056/4451 3963/5057/4452 3955/5048/4444
f 3955/5048/4444 3963/5057/4452 3964/5058/4453 3956/5049/4445
f 3956/5049/4445 3964/5058/4453 3965/5059/4454 3957/5050/4446
f 3957/5050/4446 3965/5059/4454 3966/5060/4455 3958/5051/4447
f 3958/5051/4447 3966/5060/4455 3967/5061/4456 3959/5052/4448
f 3959/5052/4448 3967/5061/4456 3968/5062/4457 3960/5053/4449
f 3960/5053/4449 3968/5062/4457 3969/5063/4458 3961/5054/4450
f 3961/5054/4450 3969/5063/4458 3962/5064/4451 3954/5055/4443
f 3962/5056/4451 3970/5065/4459 3971/5066/4460 3963/5057/4452
f 3963/5057/4452 3971/5066/4460 3972/5067/4461 3964/5058/4453
f 3964/5058/4453 3972/5067/4461 3973/5068/4462 3965/5059/4454
f 3965/5059/4454 3973/5068/4462 3974/5069/4463 3966/5060/4455
f 3966/5060/4455 3974/5069/4463 3975/5070/4464 3967/5061/4456
f 3967/5061/4456 3975/5070/4464 3976/5071/4465 3968/5062/4457
f 3968/5062/4457 3976/5071/4465 3977/5072/4466 3969/5063/4458
f 3969/5063/4458 3977/5072/4466 3970/5073/4459 3962/5064/4451
f 3970/5065/4459 3978/5074/4467 3979/5075/4468 3971/5066/4460
f 3971/5066/4460 3979/5075/4468 3980/5076/4469 3972/5067/4461
f 3972/5067/4461 3980/5076/4469 3981/5077/4470 3973/5068/4462
f 3973/5068/4462 3981/5077/4470 3982/5078/4471 3974/5069/4463
f 3974/5069/4463 3982/5078/4471 3983/5079/4472 3975/5070/4464
f 3975/5070/4464 3983/5079/4472 3984/5080/4473 3976/5071/4465
f 3976/5071/4465 3984/5080/4473 3985/5081/4474 3977/5072/4466
f 3977/5072/4466 3985/5081/4474 3978/5082/4467 3970/5073/4459
f 3978/5074/4467 3986/5083/4475 3987/5084/4476 3979/5075/4468
f 3979/5075/4468 3987/5084/4476 3988/5085/4477 3980/5076/4469
f 3980/5076/4469 3988/5085/4477 3989/5086/4478 3981/5077/4470
f 3981/5077/4470 3989/5086/4478 3990/5087/4479 3982/5078/4471
f 3982/5078/4471 3990/5087/4479 3991/5088/4480 3983/5079/4472
f 3983/5079/4472 3991/5088/4480 3992/5089/4481 3984/5080/4473
f 3984/5080/4473 3992/5089/4481 3993/5090/4482 3985/5081/4474
f 3985/5081/4474 3993/5090/4482 3986/5091/4475 3978/5082/4467
f 3939/5032/4430 3994/5092/4483 3938/5029/4427
f 3940/5034/4432 3994/5093/4483 3939/5032/4430
f 3941/5036/4434 3994/5094/4483 3940/5034/4432
f 3942/5038/4436 3994/5095/4483 3941/5036/4434
f 3943/5040/4438 3994/5096/4483 3942/5038/4436
f 3944/5042/4440 3994/5097/4483 3943/5040/4438
f 3945/5044/4442 3994/5098/4483 3944/5042/4440
f 3938/5046/4427 3994/5099/4483 3945/5044/4442
f 3986/5083/4475 3995/5100/4484 3987/5084/4476
f 3987/5084/4476 3995/5101/4484 3988/5085/4477
f 3988/5085/4477 3995/5102/4484 3989/5086/4478
f 3989/5086/4478 3995/5103/4484 3990/5087/4479
f 3990/5087/4479 3995/5104/4484 3991/5088/4480
f 3991/5088/4480 3995/5105/4484 3992/5089/4481
f 3992/5089/4481 3995/5106/4484 3993/5090/4482
f 3993/5090/4482 3995/5107/4484 3986/5091/4475
s 91
f 3996/5108/4485 4004/5109/4486 4005/5110/4487 3997/5111/4488
f 3997/5111/4488 4005/5110/4487 4006/5112/4489 3998/5113/4490
f 3998/5113/4490 4006/5112/4489 4007/5114/4491 3999/5115/4492
f 3999/5115/4492 4007/5114/4491 4008/5116/4493 4000/5117/4494
f 4000/5117/4494 4008/5116/4493 4009/5118/4495 4001/5119/4496
f 4001/5119/4496 4009/5118/4495 4010/5120/4497 4002/5121/4498
f 4002/5121/4498 4010/5120/4497 4011/5122/4499 4003/5123/4500
f 4003/5123/4500 4011/5122/4499 4004/5124/4486 3996/5125/4485
f 4004/5109/4486 4012/5126/4501 4013/5127/4502 4005/5110/4487
f 4005/5110/4487 4013/5127/4502 4014/5128/4503 4006/5112/4489
f 4006/5112/4489 4014/5128/4503 4015/5129/4504 4007/5114/4491
f 4007/5114/4491 4015/5129/4504 4016/5130/4505 4008/5116/4493
f 4008/5116/4493 4016/5130/4505 4017/5131/4506 4009/5118/4495
f 4009/5118/4495 4017/5131/4506 4018/5132/4507 4010/5120/4497
f 4010/5120/4497 4018/5132/4507 4019/5133/4508 4011/5122/4499
f 4011/5122/4499 4019/5133/4508 4012/5134/4501 4004/5124/4486
f 4012/5126/4501 4020/5135/4509 4021/5136/4510 4013/5127/4502
f 4013/5127/4502 4021/5136/4510 4022/5137/4511 4014/5128/4503
f 4014/5128/4503 4022/5137/4511 4023/5138/4512 4015/5129/4504
f 4015/5129/4504 4023/5138/4512 4024/5139/4513 4016/5130/4505
f 4016/5130/4505 4024/5139/4513 4025/5140/4514 4017/5131/4506
f 4017/5131/4506 4025/5140/4514 4026/5141/4515 4018/5132/4507
f 4018/5132/4507 4026/5141/4515 4027/5142/4516 4019/5133/4508
f 4019/5133/4508 4027/5142/4516 4020/5143/4509 4012/5134/4501
f 4020/5135/4509 4028/5144/4517 4029/5145/4518 4021/5136/4510
f 4021/5136/4510 4029/5145/4518 4030/5146/4519 4022/5137/4511
f 4022/5137/4511 4030/5146/4519 4031/5147/4520 4023/5138/4512
f 4023/5138/4512 4031/5147/4520 4032/5148/4521 4024/5139/4513
f 4024/5139/4513 4032/5148/4521 4033/5149/4522 4025/5140/4514
f 4025/5140/4514 4033/5149/4522 4034/5150/4523 4026/5141/4515
f 4026/5141/4515 4034/5150/4523 4035/5151/4524 4027/5142/4516
f 4027/5142/4516 4035/5151/4524 4028/5152/4517 4020/5143/4509
f 4028/5144/4517 4036/5153/4525 4037/5154/4526 4029/5145/4518
f 4029/5145/4518 4037/5154/4526 4038/5155/4527 4030/5146/4519
f 4030/5146/4519 4038/5155/4527 4039/5156/4528 4031/5147/4520
f 4031/5147/4520 4039/5156/4528 4040/5157/4529 4032/5148/4521
f 4032/5148/4521 4040/5157/4529 4041/5158/4530 4033/5149/4522
f 4033/5149/4522 4041/5158/4530 4042/5159/4531 4034/5150/4523
f 4034/5150/4523 4042/5159/4531 4043/5160/4532 4035/5151/4524
f 4035/5151/4524 4043/5160/4532 4036/5161/4525 4028/5152/4517
f 4036/5153/4525 4044/5162/4533 4045/5163/4534 4037/5154/4526
f 4037/5154/4526 4045/5163/4534 4046/5164/4535 4038/5155/4527
f 4038/5155/4527 4046/5164/4535 4047/5165/4536 4039/5156/4528
f 4039/5156/4528 4047/5165/4536 4048/5166/4537 4040/5157/4529
f 4040/5157/4529 4048/5166/4537 4049/5167/4538 4041/5158/4530
f 4041/5158/4530 4049/5167/4538 4050/5168/4539 4042/5159/4531
f 4042/5159/4531 4050/5168/4539 4051/5169/4540 4043/5160/4532
f 4043/5160/4532 4051/5169/4540 4044/5170/4533 4036/5161/4525
f 3997/5111/4488 4052/5171/4541 3996/5108/4485
f 3998/5113/4490 4052/5172/4541 3997/5111/4488
f 3999/5115/4492 4052/5173/4541 3998/5113/4490
f 4000/5117/4494 4052/5174/4541 3999/5115/4492
f 4001/5119/4496 4052/5175/4541 4000/5117/4494
f 4002/5121/4498 4052/5176/4541 4001/5119/4496
f 4003/5123/4500 4052/5177/4541 4002/5121/4498
f 3996/5125/4485 4052/5178/4541 4003/5123/4500
f 4044/5162/4533 4053/5179/4542 4045/5163/4534
f 4045/5163/4534 4053/5180/4542 4046/5164/4535
f 4046/5164/4535 4053/5181/4542 4047/5165/4536
f 4047/5165/4536 4053/5182/4542 4048/5166/4537
f 4048/5166/4537 4053/5183/4542 4049/5167/4538
f 4049/5167/4538 4053/5184/4542 4050/5168/4539
f 4050/5168/4539 4053/5185/4542 4051/5169/4540
f 4051/5169/4540 4053/5186/4542 4044/5170/4533
s 92
f 4054/5187/4543 4078/5188/4544 4088/5189/4545 4055/5190/4546
f 4055/5190/4546 4088/5189/4545 4087/5191/4547 4056/5192/4548
f 4056/5192/4548 4087/5191/4547 4086/5193/4549 4057/5194/4550
f 4057/5194/4550 4086/5193/4549 4085/5195/4551 4058/5196/4552
f 4058/5196/4552 4085/5195/4551 4084/5197/4553 4059/5198/4554
f 4059/5198/4554 4084/5197/4553 4083/5199/4555 4060/5200/4556
f 4060/5200/4556 4083/5199/4555 4082/5201/4557 4061/5202/4558
f 4061/5202/4558 4082/5201/4557 4081/5203/4559 4062/5204/4560
f 4062/5204/4560 4081/5203/4559 4080/5205/4561 4063/5206/4562
f 4064/5207/4563 4079/5208/4564 4078/5209/4544 4054/5210/4543
f 4055/5211/4546 4076/5212/4565 4054/5213/4543
f 4056/5214/4548 4076/5212/4565 4055/5211/4546
f 4057/5215/4550 4076/5212/4565 4056/5214/4548
f 4058/5216/4552 4076/5212/4565 4057/5215/4550
f 4059/5217/4554 4076/5212/4565 4058/5216/4552
f 4060/5218/4556 4076/5212/4565 4059/5217/4554
f 4061/5219/4558 4076/5212/4565 4060/5218/4556
f 4062/5220/4560 4076/5212/4565 4061/5219/4558
f 4063/5221/4562 4076/5212/4565 4062/5220/4560
f 4054/5213/4543 4076/5212/4565 4064/5222/4563
f 4065/5223/4566 4142/5224/4567 4141/5225/4568 4066/5226/4569
f 4066/5226/4569 4141/5225/4568 4140/5227/4570 4067/5228/4571
f 4067/5228/4571 4140/5227/4570 4139/5229/4572 4068/5230/4573
f 4068/5230/4573 4139/5229/4572 4138/5231/4574 4069/5232/4575
f 4069/5232/4575 4138/5231/4574 4137/5233/4576 4070/5234/4577
f 4070/5234/4577 4137/5233/4576 4136/5235/4578 4071/5236/4579
f 4071/5236/4579 4136/5235/4578 4135/5237/4580 4072/5238/4581
f 4072/5238/4581 4135/5237/4580 4134/5239/4582 4073/5240/4583
f 4073/5240/4583 4134/5239/4582 4133/5241/4584 4074/5242/4585
f 4075/5243/4586 4143/5244/4587 4142/5224/4567 4065/5223/4566
f 4079/5208/4564 4090/5245/4588 4089/5246/4589 4078/5209/4544
f 4081/5203/4559 4092/5247/4590 4091/5248/4591 4080/5205/4561
f 4082/5201/4557 4093/5249/4592 4092/5247/4590 4081/5203/4559
f 4083/5199/4555 4094/5250/4593 4093/5249/4592 4082/5201/4557
f 4084/5197/4553 4095/5251/4594 4094/5250/4593 4083/5199/4555
f 4085/5195/4551 4096/5252/4595 4095/5251/4594 4084/5197/4553
f 4086/5193/4549 4097/5253/4596 4096/5252/4595 4085/5195/4551
f 4087/5191/4547 4098/5254/4597 4097/5253/4596 4086/5193/4549
f 4088/5189/4545 4099/5255/4598 4098/5254/4597 4087/5191/4547
f 4078/5188/4544 4089/5256/4589 4099/5255/4598 4088/5189/4545
f 4090/5245/4588 4101/5257/4599 4100/5258/4600 4089/5246/4589
f 4092/5247/4590 4103/5259/4601 4102/5260/4602 4091/5248/4591
f 4093/5249/4592 4104/5261/4603 4103/5259/4601 4092/5247/4590
f 4094/5250/4593 4105/5262/4604 4104/5261/4603 4093/5249/4592
f 4095/5251/4594 4106/5263/4605 4105/5262/4604 4094/5250/4593
f 4096/5252/4595 4107/5264/4606 4106/5263/4605 4095/5251/4594
f 4097/5253/4596 4108/5265/4607 4107/5264/4606 4096/5252/4595
f 4098/5254/4597 4109/5266/4608 4108/5265/4607 4097/5253/4596
f 4099/5255/4598 4110/5267/4609 4109/5266/4608 4098/5254/4597
f 4089/5256/4589 4100/5268/4600 4110/5267/4609 4099/5255/4598
f 4101/5257/4599 4112/5269/4610 4111/5270/4611 4100/5258/4600
f 4103/5259/4601 4114/5271/4612 4113/5272/4613 4102/5260/4602
f 4104/5261/4603 4115/5273/4614 4114/5271/4612 4103/5259/4601
f 4105/5262/4604 4116/5274/4615 4115/5273/4614 4104/5261/4603
f 4106/5263/4605 4117/5275/4616 4116/5274/4615 4105/5262/4604
f 4107/5264/4606 4118/5276/4617 4117/5275/4616 4106/5263/4605
f 4108/5265/4607 4119/5277/4618 4118/5276/4617 4107/5264/4606
f 4109/5266/4608 4120/5278/4619 4119/5277/4618 4108/5265/4607
f 4110/5267/4609 4121/5279/4620 4120/5278/4619 4109/5266/4608
f 4100/5268/4600 4111/5280/4611 4121/5279/4620 4110/5267/4609
f 4112/5269/4610 4123/5281/4621 4122/5282/4622 4111/5270/4611
f 4114/5271/4612 4125/5283/4623 4124/5284/4624 4113/5272/4613
f 4115/5273/4614 4126/5285/4625 4125/5283/4623 4114/5271/4612
f 4116/5274/4615 4127/5286/4626 4126/5285/4625 4115/5273/4614
f 4117/5275/4616 4128/5287/4627 4127/5286/4626 4116/5274/4615
f 4118/5276/4617 4129/5288/4628 4128/5287/4627 4117/5275/4616
f 4119/5277/4618 4130/5289/4629 4129/5288/4628 4118/5276/4617
f 4120/5278/4619 4131/5290/4630 4130/5289/4629 4119/5277/4618
f 4121/5279/4620 4132/5291/4631 4131/5290/4630 4120/5278/4619
f 4111/5280/4611 4122/5292/4622 4132/5291/4631 4121/5279/4620
f 4123/5281/4621 4154/5293/4632 4153/5294/4633 4122/5282/4622
f 4125/5283/4623 4145/5295/4634 4144/5296/4635 4124/5284/4624
f 4126/5285/4625 4146/5297/4636 4145/5295/4634 4125/5283/4623
f 4127/5286/4626 4147/5298/4637 4146/5297/4636 4126/5285/4625
f 4128/5287/4627 4148/5299/4638 4147/5298/4637 4127/5286/4626
f 4129/5288/4628 4149/5300/4639 4148/5299/4638 4128/5287/4627
f 4130/5289/4629 4150/5301/4640 4149/5300/4639 4129/5288/4628
f 4131/5290/4630 4151/5302/4641 4150/5301/4640 4130/5289/4629
f 4132/5291/4631 4152/5303/4642 4151/5302/4641 4131/5290/4630
f 4122/5292/4622 4153/5304/4633 4152/5303/4642 4132/5291/4631
f 4134/5239/4582 4077/5305/4643 4133/5241/4584
f 4135/5237/4580 4077/5305/4643 4134/5239/4582
f 4136/5235/4578 4077/5305/4643 4135/5237/4580
f 4137/5233/4576 4077/5305/4643 4136/5235/4578
f 4138/5231/4574 4077/5305/4643 4137/5233/4576
f 4139/5229/4572 4077/5305/4643 4138/5231/4574
f 4140/5227/4570 4077/5305/4643 4139/5229/4572
f 4141/5225/4568 4077/5305/4643 4140/5227/4570
f 4142/5224/4567 4077/5305/4643 4141/5225/4568
f 4143/5244/4587 4077/5305/4643 4142/5224/4567
f 4145/5295/4634 4073/5306/4583 4074/5242/4585 4144/5296/4635
f 4146/5297/4636 4072/5307/4581 4073/5306/4583 4145/5295/4634
f 4147/5298/4637 4071/5308/4579 4072/5307/4581 4146/5297/4636
f 4148/5299/4638 4070/5309/4577 4071/5308/4579 4147/5298/4637
f 4149/5300/4639 4069/5310/4575 4070/5309/4577 4148/5299/4638
f 4150/5301/4640 4068/5311/4573 4069/5310/4575 4149/5300/4639
f 4151/5302/4641 4067/5312/4571 4068/5311/4573 4150/5301/4640
f 4152/5303/4642 4066/5313/4569 4067/5312/4571 4151/5302/4641
f 4153/5304/4633 4065/5314/4566 4066/5313/4569 4152/5303/4642
f 4154/5293/4632 4075/5243/4586 4065/5315/4566 4153/5294/4633
s 94
f 4080/5205/4644 4079/5208/4645 4064/5207/4646 4063/5206/4647
f 4079/5208/4645 4080/5205/4644 4091/5248/4648 4090/5245/4649
f 4090/5245/4649 4091/5248/4648 4102/5260/4650 4101/5257/4651
f 4101/5257/4651 4102/5260/4650 4113/5272/4652 4112/5269/4653
f 4112/5269/4653 4113/5272/4652 4124/5284/4654 4123/5281/4655
f 4123/5281/4655 4124/5284/4654 4144/5296/4656 4154/5293/4657
f 4074/5242/4658 4075/5243/4659 4154/5293/4657 4144/5296/4656
f 4133/5241/4660 4143/5244/4661 4075/5243/4659 4074/5242/4658
f 4077/5305/4662 4143/5244/4661 4133/5241/4660
s 95
f 4155/5316/4663 4163/5317/4664 4164/5318/4665 4156/5319/4666
f 4156/5319/4666 4164/5318/4665 4165/5320/4667 4157/5321/4668
f 4157/5321/4668 4165/5320/4667 4166/5322/4669 4158/5323/4670
f 4158/5323/4670 4166/5322/4669 4167/5324/4671 4159/5325/4672
f 4159/5325/4672 4167/5324/4671 4168/5326/4673 4160/5327/4674
f 4160/5327/4674 4168/5326/4673 4169/5328/4675 4161/5329/4676
f 4161/5329/4676 4169/5328/4675 4170/5330/4677 4162/5331/4678
f 4162/5331/4678 4170/5330/4677 4163/5332/4664 4155/5333/4663
f 4163/5317/4664 4171/5334/4679 4172/5335/4680 4164/5318/4665
f 4164/5318/4665 4172/5335/4680 4173/5336/4681 4165/5320/4667
f 4165/5320/4667 4173/5336/4681 4174/5337/4682 4166/5322/4669
f 4166/5322/4669 4174/5337/4682 4175/5338/4683 4167/5324/4671
f 4167/5324/4671 4175/5338/4683 4176/5339/4684 4168/5326/4673
f 4168/5326/4673 4176/5339/4684 4177/5340/4685 4169/5328/4675
f 4169/5328/4675 4177/5340/4685 4178/5341/4686 4170/5330/4677
f 4170/5330/4677 4178/5341/4686 4171/5342/4679 4163/5332/4664
f 4171/5334/4679 4179/5343/4687 4180/5344/4688 4172/5335/4680
f 4172/5335/4680 4180/5344/4688 4181/5345/4689 4173/5336/4681
f 4173/5336/4681 4181/5345/4689 4182/5346/4690 4174/5337/4682
f 4174/5337/4682 4182/5346/4690 4183/5347/4691 4175/5338/4683
f 4175/5338/4683 4183/5347/4691 4184/5348/4692 4176/5339/4684
f 4176/5339/4684 4184/5348/4692 4185/5349/4693 4177/5340/4685
f 4177/5340/4685 4185/5349/4693 4186/5350/4694 4178/5341/4686
f 4178/5341/4686 4186/5350/4694 4179/5351/4687 4171/5342/4679
f 4179/5343/4687 4187/5352/4695 4188/5353/4696 4180/5344/4688
f 4180/5344/4688 4188/5353/4696 4189/5354/4697 4181/5345/4689
f 4181/5345/4689 4189/5354/4697 4190/5355/4698 4182/5346/4690
f 4182/5346/4690 4190/5355/4698 4191/5356/4699 4183/5347/4691
f 4183/5347/4691 4191/5356/4699 4192/5357/4700 4184/5348/4692
f 4184/5348/4692 4192/5357/4700 4193/5358/4701 4185/5349/4693
f 4185/5349/4693 4193/5358/4701 4194/5359/4702 4186/5350/4694
f 4186/5350/4694 4194/5359/4702 4187/5360/4695 4179/5351/4687
f 4187/5352/4695 4195/5361/4703 4196/5362/4704 4188/5353/4696
f 4188/5353/4696 4196/5362/4704 4197/5363/4705 4189/5354/4697
f 4189/5354/4697 4197/5363/4705 4198/5364/4706 4190/5355/4698
f 4190/5355/4698 4198/5364/4706 4199/5365/4707 4191/5356/4699
f 4191/5356/4699 4199/5365/4707 4200/5366/4708 4192/5357/4700
f 4192/5357/4700 4200/5366/4708 4201/5367/4709 4193/5358/4701
f 4193/5358/4701 4201/5367/4709 4202/5368/4710 4194/5359/4702
f 4194/5359/4702 4202/5368/4710 4195/5369/4703 4187/5360/4695
f 4195/5361/4703 4203/5370/4711 4204/5371/4712 4196/5362/4704
f 4196/5362/4704 4204/5371/4712 4205/5372/4713 4197/5363/4705
f 4197/5363/4705 4205/5372/4713 4206/5373/4714 4198/5364/4706
f 4198/5364/4706 4206/5373/4714 4207/5374/4715 4199/5365/4707
f 4199/5365/4707 4207/5374/4715 4208/5375/4716 4200/5366/4708
f 4200/5366/4708 4208/5375/4716 4209/5376/4717 4201/5367/4709
f 4201/5367/4709 4209/5376/4717 4210/5377/4718 4202/5368/4710
f 4202/5368/4710 4210/5377/4718 4203/5378/4711 4195/5369/4703
f 4156/5319/4666 4211/5379/4719 4155/5316/4663
f 4157/5321/4668 4211/5380/4719 4156/5319/4666
f 4158/5323/4670 4211/5381/4719 4157/5321/4668
f 4159/5325/4672 4211/5382/4719 4158/5323/4670
f 4160/5327/4674 4211/5383/4719 4159/5325/4672
f 4161/5329/4676 4211/5384/4719 4160/5327/4674
f 4162/5331/4678 4211/5385/4719 4161/5329/4676
f 4155/5333/4663 4211/5386/4719 4162/5331/4678
f 4203/5370/4711 4212/5387/4720 4204/5371/4712
f 4204/5371/4712 4212/5388/4720 4205/5372/4713
f 4205/5372/4713 4212/5389/4720 4206/5373/4714
f 4206/5373/4714 4212/5390/4720 4207/5374/4715
f 4207/5374/4715 4212/5391/4720 4208/5375/4716
f 4208/5375/4716 4212/5392/4720 4209/5376/4717
f 4209/5376/4717 4212/5393/4720 4210/5377/4718
f 4210/5377/4718 4212/5394/4720 4203/5378/4711
